customer_id,gender,senior_citizen,partner,dependents,tenure_months,phone_service,multiple_lines,internet_service,tech_support,streaming_tv,streaming_movies,contract_type,paperless_billing,payment_method,monthly_charges,state,city,latitude,longitude,age,married,referred_a_friend,number_of_referrals,offer,avg_monthly_gb_download,streaming_music,unlimited_data,total_refunds,total_extra_data_charges,total_long_distance_charges,total_revenue,churn_score_1,satisfaction_level,open_issue_count,close_issue_count,support_interaction_count,resolution_status_open_closed
6432-TWQLB,Male  ,0,Yes    ,No        ,5,Yes         ,Yes             ,Fiber optic    ,Yes                ,No                 ,No                 ,Month-to-month,Yes             ,Electronic check         ,85.4,California,Rosemead              ,34.065108,-118.082791,51,Yes    ,Yes              ,1,Offer E,16,No             ,Yes           ,45.37,0,211.45,567.1800000000001,80,Medium,8,0,8,Resolved
9526-BIHHD,Male  ,0,No     ,No        ,1,No          ,No phone service,DSL            ,No                 ,No                 ,No                 ,Month-to-month,No              ,Mailed check             ,29.7,California,San Jose              ,37.375156,-121.795867,30,No     ,No               ,0,Offer E,69,No             ,Yes           ,0.0,0,0.0,29.7,74,Low,7,0,7,Resolved
5590-BYNII,Male  ,0,No     ,No        ,22,Yes         ,Yes             ,Fiber optic    ,No                 ,Yes                ,Yes                ,Month-to-month,Yes             ,Electronic check         ,100.75,California,Bayside               ,40.825486,-124.049485,51,No     ,No               ,0,None   ,17,Yes            ,Yes           ,0.0,0,790.46,2885.46,91,Low,9,1,10,Resolved
0963-ZBDRN,Male  ,0,No     ,No        ,32,Yes         ,No              ,Fiber optic    ,Yes                ,Yes                ,Yes                ,Month-to-month,Yes             ,Electronic check         ,96.2,California,Claremont             ,34.127621,-117.717863,45,No     ,No               ,0,None   ,26,Yes            ,Yes           ,0.0,0,806.72,3990.12,93,Medium,9,1,10,Resolved
9127-QRZMH,Male  ,0,Yes    ,No        ,44,Yes         ,No              ,DSL            ,Yes                ,No                 ,No                 ,One year      ,Yes             ,Bank transfer (automatic),59.85,California,Santa Ana             ,33.765893,-117.881533,39,Yes    ,Yes              ,1,None   ,24,No             ,Yes           ,0.0,0,774.8399999999999,3378.79,35,Medium,0,4,4,Resolved
8006-PYCSW,Female,0,No     ,No        ,2,Yes         ,No              ,No             ,No internet service,No internet service,No internet service,Month-to-month,No              ,Mailed check             ,20.1,California,Los Angeles           ,33.994524,-118.149953,60,No     ,No               ,0,None   ,0,No             ,No            ,0.0,0,71.0,110.8,65,High,6,0,6,NotResolved
3688-FTHLT,Female,0,No     ,No        ,16,Yes         ,Yes             ,DSL            ,No                 ,No                 ,Yes                ,Month-to-month,Yes             ,Bank transfer (automatic),63.05,California,Flournoy              ,39.84784,-122.544556,56,No     ,No               ,0,None   ,23,Yes            ,No            ,0.0,10,683.68,1760.73,73,Medium,7,0,7,Resolved
4441-NIHPT,Female,1,No     ,No        ,13,Yes         ,No              ,Fiber optic    ,No                 ,No                 ,No                 ,Month-to-month,Yes             ,Electronic check         ,74.3,California,Freedom               ,36.936228,-121.785559,73,No     ,No               ,0,None   ,21,No             ,Yes           ,0.0,0,524.81,1465.16,90,Low,9,1,10,NotResolved
1877-HKBQX,Female,0,No     ,No        ,11,Yes         ,No              ,DSL            ,Yes                ,No                 ,No                 ,One year      ,Yes             ,Mailed check             ,54.6,California,Cerritos              ,33.8681,-118.067402,21,No     ,No               ,0,Offer D,41,No             ,Yes           ,0.0,0,12.76,630.61,49,High,0,5,5,Resolved
9494-BDNNC,Male  ,0,Yes    ,No        ,66,Yes         ,Yes             ,Fiber optic    ,No                 ,No                 ,Yes                ,One year      ,No              ,Electronic check         ,95.3,California,Los Angeles           ,34.046174,-118.446333,36,Yes    ,Yes              ,1,None   ,24,Yes            ,Yes           ,0.0,0,1704.78,7978.179999999999,49,High,0,5,5,NotResolved
6036-TTFYU,Female,0,Yes    ,No        ,16,Yes         ,No              ,No             ,No internet service,No internet service,No internet service,Month-to-month,No              ,Mailed check             ,19.6,California,Thousand Oaks         ,34.191842,-118.822796,48,Yes    ,Yes              ,1,None   ,0,No             ,No            ,26.83,0,749.76,1037.38,79,Medium,7,1,8,Resolved
3084-DOWLE,Female,0,Yes    ,No        ,72,Yes         ,Yes             ,DSL            ,Yes                ,Yes                ,Yes                ,Two year      ,No              ,Bank transfer (automatic),92.0,California,Citrus Heights        ,38.69549,-121.307864,47,Yes    ,Yes              ,8,Offer A,16,Yes            ,No            ,0.0,110,3116.88,9701.28,42,Medium,0,5,5,Resolved
8580-QVLOC,Female,1,Yes    ,Yes       ,72,Yes         ,Yes             ,DSL            ,Yes                ,Yes                ,Yes                ,Two year      ,No              ,Credit card (automatic)  ,92.45,California,Merced                ,37.40122,-120.514191,78,Yes    ,No               ,0,None   ,6,No             ,Yes           ,0.0,0,1855.44,8295.69,78,Low,7,1,8,Resolved
2921-XWDJH,Female,1,Yes    ,No        ,38,Yes         ,No              ,Fiber optic    ,No                 ,No                 ,Yes                ,Month-to-month,Yes             ,Electronic check         ,83.45,California,Glendale              ,34.167926,-118.267539,76,Yes    ,No               ,0,None   ,15,No             ,Yes           ,24.98,0,129.96,3252.13,49,Medium,1,5,6,Resolved
5555-RNPGT,Male  ,0,No     ,Yes       ,10,Yes         ,Yes             ,No             ,No internet service,No internet service,No internet service,Month-to-month,No              ,Credit card (automatic)  ,24.8,California,Bloomington           ,34.059722,-117.39104,61,No     ,No               ,0,Offer D,0,No             ,No            ,0.0,0,344.7,568.6,36,Medium,0,4,4,Resolved
4290-BSXUX,Male  ,0,Yes    ,No        ,3,Yes         ,Yes             ,Fiber optic    ,Yes                ,No                 ,No                 ,Month-to-month,Yes             ,Bank transfer (automatic),79.65,California,Fields Landing        ,40.726949,-124.217378,33,Yes    ,Yes              ,1,None   ,17,No             ,Yes           ,0.0,0,129.81,381.56,87,Low,8,0,8,Resolved
2636-OHFMN,Male  ,0,Yes    ,No        ,4,No          ,No phone service,DSL            ,No                 ,Yes                ,Yes                ,Month-to-month,Yes             ,Electronic check         ,48.55,California,Orosi                 ,36.600185,-119.175655,26,Yes    ,Yes              ,4,None   ,76,Yes            ,Yes           ,0.0,0,0.0,201.0,90,Low,9,1,10,Resolved
8229-BUJHX,Female,0,Yes    ,Yes       ,71,Yes         ,No              ,No             ,No internet service,No internet service,No internet service,Two year      ,No              ,Bank transfer (automatic),20.5,California,Chula Vista           ,32.607964,-117.059459,60,Yes    ,Yes              ,8,None   ,0,No             ,No            ,0.0,0,790.23,2291.1800000000003,62,High,6,0,6,NotResolved
4182-BGSIQ,Female,0,Yes    ,Yes       ,10,Yes         ,No              ,No             ,No internet service,No internet service,No internet service,Month-to-month,Yes             ,Bank transfer (automatic),19.8,California,Durham                ,39.607831,-121.777959,46,Yes    ,Yes              ,6,Offer D,0,No             ,No            ,0.0,0,190.5,387.25,49,Medium,0,5,5,Resolved
0872-CASZJ,Male  ,0,Yes    ,No        ,59,Yes         ,Yes             ,DSL            ,Yes                ,No                 ,Yes                ,One year      ,Yes             ,Mailed check             ,69.1,California,Hamilton City         ,39.732767,-122.042298,30,Yes    ,Yes              ,1,Offer B,53,Yes            ,Yes           ,0.0,0,1209.5,5306.4,29,Medium,1,3,4,Resolved
2930-UOTMB,Female,0,No     ,No        ,31,Yes         ,Yes             ,DSL            ,Yes                ,No                 ,No                 ,Month-to-month,No              ,Credit card (automatic)  ,65.25,California,Riverside             ,33.930931,-117.361788,29,No     ,No               ,0,Offer C,52,No             ,No            ,0.0,120,965.34,3079.6400000000003,68,Low,6,0,6,Resolved
3705-PSNGL,Male  ,0,No     ,No        ,45,Yes         ,No              ,No             ,No internet service,No internet service,No internet service,One year      ,Yes             ,Electronic check         ,20.4,California,Cerritos              ,33.8681,-118.067402,49,No     ,No               ,0,Offer B,0,No             ,No            ,0.0,0,1143.0,2073.45,87,Medium,8,0,8,Resolved
9152-AMKAK,Male  ,0,No     ,No        ,6,Yes         ,No              ,DSL            ,Yes                ,Yes                ,Yes                ,Two year      ,Yes             ,Mailed check             ,80.25,California,Coalinga              ,36.186867,-120.387793,50,No     ,No               ,0,Offer E,10,Yes            ,Yes           ,0.0,0,137.7,631.0999999999999,26,High,1,3,4,Resolved
7876-AEHIG,Female,0,No     ,Yes       ,51,No          ,No phone service,DSL            ,Yes                ,Yes                ,Yes                ,One year      ,No              ,Bank transfer (automatic),60.15,California,Daly City             ,37.680844,-122.48131,48,No     ,No               ,0,None   ,10,Yes            ,Yes           ,0.0,0,0.0,3077.0,37,Medium,1,4,5,NotResolved
2372-HWUHI,Male  ,0,No     ,No        ,2,Yes         ,No              ,DSL            ,No                 ,No                 ,No                 ,Month-to-month,No              ,Electronic check         ,44.35,California,Lakewood              ,33.840524,-118.148403,45,No     ,No               ,0,Offer E,3,No             ,Yes           ,0.0,0,93.68,174.93,76,Medium,7,1,8,NotResolved
3933-DQPWX,Female,0,No     ,No        ,50,No          ,No phone service,DSL            ,Yes                ,No                 ,No                 ,Two year      ,No              ,Credit card (automatic)  ,39.7,California,Barstow               ,34.965648,-117.001509,48,No     ,No               ,0,None   ,6,No             ,Yes           ,0.0,0,0.0,1932.75,49,Medium,1,5,6,Resolved
9621-OUPYD,Female,0,Yes    ,No        ,25,Yes         ,No              ,No             ,No internet service,No internet service,No internet service,One year      ,Yes             ,Bank transfer (automatic),20.2,California,Lancaster             ,34.741406,-118.38111,21,Yes    ,Yes              ,2,None   ,0,No             ,No            ,0.0,0,262.25,770.15,23,Medium,0,3,3,Resolved
0014-BMAQU,Male  ,0,Yes    ,No        ,63,Yes         ,Yes             ,Fiber optic    ,Yes                ,No                 ,No                 ,Two year      ,Yes             ,Credit card (automatic)  ,84.65,California,Napa                  ,38.489789,-122.27011,52,Yes    ,Yes              ,8,Offer B,7,No             ,No            ,0.0,20,816.48,6214.280000000001,49,High,0,5,5,Resolved
2519-ERQOJ,Male  ,1,No     ,No        ,33,No          ,No phone service,DSL            ,Yes                ,Yes                ,Yes                ,Month-to-month,Yes             ,Electronic check         ,54.6,California,Desert Hot Springs    ,33.832799,-116.250973,74,No     ,No               ,0,Offer C,11,No             ,Yes           ,0.0,0,0.0,1803.7,30,High,1,4,5,Resolved
9564-KCLHR,Male  ,0,No     ,No        ,1,Yes         ,No              ,DSL            ,Yes                ,No                 ,No                 ,Month-to-month,No              ,Mailed check             ,51.25,California,San Diego             ,32.71346,-117.236378,58,No     ,No               ,0,None   ,4,No             ,Yes           ,0.0,0,6.44,57.69,94,Low,9,1,10,Resolved
7459-RRWQZ,Female,0,No     ,No        ,15,Yes         ,Yes             ,DSL            ,No                 ,No                 ,Yes                ,Month-to-month,Yes             ,Bank transfer (automatic),64.65,California,Shasta                ,40.617614,-122.512861,51,No     ,No               ,0,Offer D,26,Yes            ,Yes           ,0.0,0,713.55,1708.1,89,Low,8,1,9,Resolved
7994-UYIVZ,Male  ,0,Yes    ,No        ,8,Yes         ,Yes             ,Fiber optic    ,No                 ,No                 ,Yes                ,Month-to-month,Yes             ,Bank transfer (automatic),85.65,California,Miramonte             ,36.696759,-119.024051,62,Yes    ,Yes              ,1,Offer E,16,Yes            ,No            ,0.0,70,316.72,1046.17,72,High,7,1,8,NotResolved
5271-DBYSJ,Male  ,1,No     ,No        ,11,Yes         ,No              ,Fiber optic    ,No                 ,No                 ,Yes                ,Month-to-month,Yes             ,Credit card (automatic)  ,79.15,California,Berkeley              ,37.897743,-122.263124,80,No     ,No               ,0,Offer D,15,Yes            ,No            ,0.0,140,295.24,1262.94,20,High,0,3,3,Resolved
5651-CPDND,Male  ,0,No     ,No        ,10,Yes         ,No              ,DSL            ,No                 ,No                 ,No                 ,Month-to-month,No              ,Mailed check             ,46.0,California,San Leandro           ,37.704384,-122.126703,45,No     ,No               ,0,Offer D,14,No             ,Yes           ,0.0,0,135.1,627.2,38,High,0,4,4,Resolved
0533-BNWKF,Female,1,Yes    ,No        ,55,Yes         ,Yes             ,Fiber optic    ,No                 ,No                 ,No                 ,Month-to-month,Yes             ,Electronic check         ,85.45,California,Palm Desert           ,33.762759,-116.324817,66,Yes    ,Yes              ,2,Offer B,27,No             ,No            ,0.0,90,2355.1,7319.799999999999,91,Low,10,0,10,Resolved
5876-QMYLD,Female,0,Yes    ,Yes       ,23,Yes         ,No              ,No             ,No internet service,No internet service,No internet service,One year      ,No              ,Mailed check             ,20.05,California,Earp                  ,34.137742,-114.36514,44,Yes    ,Yes              ,10,None   ,0,No             ,No            ,0.0,0,409.86,824.96,9,High,1,1,2,Resolved
6100-QQHEB,Male  ,0,Yes    ,Yes       ,17,Yes         ,Yes             ,Fiber optic    ,No                 ,Yes                ,Yes                ,Month-to-month,Yes             ,Electronic check         ,92.55,California,San Jose              ,37.304681,-121.809955,42,Yes    ,Yes              ,1,Offer D,13,Yes            ,Yes           ,0.0,0,301.07,1816.17,91,Medium,9,1,10,Resolved
0603-OLQDC,Male  ,0,No     ,Yes       ,12,Yes         ,No              ,DSL            ,No                 ,Yes                ,Yes                ,Month-to-month,Yes             ,Mailed check             ,69.85,California,Whittier              ,34.007353,-118.033683,41,No     ,No               ,0,Offer D,29,Yes            ,Yes           ,0.0,0,324.84000000000003,1162.34,36,Medium,1,4,5,Resolved
6650-VJONK,Male  ,0,No     ,No        ,1,Yes         ,No              ,DSL            ,No                 ,No                 ,No                 ,Month-to-month,Yes             ,Bank transfer (automatic),43.85,California,Carson                ,33.859171,-118.252272,54,No     ,No               ,0,None   ,27,No             ,No            ,0.0,10,15.9,69.75,39,High,1,4,5,NotResolved
4918-FYJNT,Female,1,Yes    ,No        ,55,Yes         ,Yes             ,Fiber optic    ,Yes                ,No                 ,No                 ,Month-to-month,No              ,Electronic check         ,90.45,California,Los Angeles           ,34.044271,-118.185237,68,Yes    ,Yes              ,4,None   ,21,No             ,Yes           ,12.48,0,1250.6999999999998,6283.02,42,High,0,5,5,Resolved
2862-PFNIK,Male  ,0,No     ,Yes       ,1,No          ,No phone service,DSL            ,No                 ,No                 ,No                 ,Month-to-month,Yes             ,Electronic check         ,24.7,California,San Leandro           ,37.704384,-122.126703,47,No     ,No               ,0,None   ,21,No             ,No            ,0.0,0,0.0,24.7,29,High,1,3,4,Resolved
3838-OZURD,Male  ,0,Yes    ,No        ,66,Yes         ,Yes             ,Fiber optic    ,No                 ,Yes                ,Yes                ,Month-to-month,Yes             ,Credit card (automatic)  ,105.0,California,Somes Bar             ,41.444606,-123.471895,28,Yes    ,No               ,0,Offer A,51,Yes            ,Yes           ,0.0,0,480.48,7613.73,96,Low,9,1,10,Resolved
0345-XMMUG,Female,0,Yes    ,No        ,46,Yes         ,Yes             ,Fiber optic    ,Yes                ,Yes                ,Yes                ,Two year      ,Yes             ,Credit card (automatic)  ,108.9,California,Ione                  ,38.33788,-120.954202,29,Yes    ,Yes              ,6,None   ,48,Yes            ,Yes           ,0.0,0,92.0,4946.3,45,High,1,5,6,Resolved
4484-CGXFK,Female,0,No     ,No        ,3,Yes         ,No              ,DSL            ,No                 ,No                 ,Yes                ,Month-to-month,Yes             ,Electronic check         ,55.3,California,El Dorado             ,38.63153,-120.842609,45,No     ,No               ,0,None   ,7,Yes            ,Yes           ,0.0,0,77.88,274.03,96,Low,9,1,10,Resolved
7244-KXYZN,Female,0,No     ,No        ,24,Yes         ,No              ,No             ,No internet service,No internet service,No internet service,One year      ,No              ,Credit card (automatic)  ,20.45,California,Modesto               ,37.670526,-120.877572,25,No     ,No               ,0,None   ,0,No             ,No            ,0.0,0,143.52,670.87,20,High,0,3,3,Resolved
6791-YBNAK,Male  ,0,Yes    ,Yes       ,18,No          ,No phone service,DSL            ,No                 ,No                 ,No                 ,Month-to-month,No              ,Credit card (automatic)  ,25.55,California,Manteca               ,37.750822,-121.238423,26,Yes    ,Yes              ,9,Offer D,52,No             ,Yes           ,0.0,0,0.0,467.85,28,Medium,1,3,4,Resolved
7011-CVEUC,Male  ,0,Yes    ,No        ,25,Yes         ,No              ,Fiber optic    ,Yes                ,Yes                ,Yes                ,Month-to-month,Yes             ,Credit card (automatic)  ,95.7,California,Chula Vista           ,32.607964,-117.059459,51,Yes    ,Yes              ,7,None   ,8,Yes            ,Yes           ,0.0,0,95.25,2433.6,34,High,0,4,4,Resolved
2058-DCJBE,Male  ,0,No     ,No        ,5,Yes         ,No              ,Fiber optic    ,No                 ,No                 ,No                 ,Month-to-month,Yes             ,Electronic check         ,69.75,California,Los Angeles           ,34.065875,-118.238728,32,No     ,No               ,0,Offer E,5,No             ,Yes           ,0.0,0,155.7,480.3,91,Low,9,1,10,Resolved
5261-QSHQM,Female,0,No     ,No        ,4,No          ,No phone service,DSL            ,No                 ,No                 ,No                 ,Month-to-month,Yes             ,Electronic check         ,24.45,California,Maricopa              ,34.737031,-119.460557,31,No     ,No               ,0,Offer E,9,No             ,Yes           ,0.0,0,0.0,86.6,70,Low,7,0,7,Resolved
1205-WNWPJ,Female,0,No     ,No        ,7,Yes         ,No              ,DSL            ,Yes                ,Yes                ,No                 ,Month-to-month,Yes             ,Mailed check             ,59.5,California,Lakehead              ,40.883853,-122.418258,54,No     ,No               ,0,Offer E,22,No             ,Yes           ,0.0,0,15.68,431.63,91,Medium,9,1,10,Resolved
2626-VEEWG,Male  ,0,Yes    ,Yes       ,67,Yes         ,No              ,No             ,No internet service,No internet service,No internet service,Two year      ,Yes             ,Credit card (automatic)  ,19.4,California,Sun City              ,33.69887,-117.25071,48,Yes    ,Yes              ,6,None   ,0,No             ,No            ,0.0,0,367.16,1651.36,70,High,7,0,7,Resolved
0936-NQLJU,Female,0,Yes    ,No        ,41,Yes         ,No              ,No             ,No internet service,No internet service,No internet service,Two year      ,No              ,Credit card (automatic)  ,20.65,California,Mokelumne Hill        ,38.304194,-120.592431,40,Yes    ,Yes              ,9,Offer B,0,No             ,No            ,0.0,0,346.04,1221.59,79,Medium,7,1,8,Resolved
3530-CRZSB,Female,0,No     ,No        ,7,Yes         ,No              ,No             ,No internet service,No internet service,No internet service,Month-to-month,No              ,Mailed check             ,20.65,California,Malibu                ,34.037037,-118.705803,55,No     ,No               ,0,None   ,0,No             ,No            ,0.0,0,108.78,264.68,38,High,1,4,5,Resolved
3580-HYCSP,Male  ,0,Yes    ,Yes       ,72,Yes         ,Yes             ,Fiber optic    ,No                 ,Yes                ,Yes                ,Two year      ,Yes             ,Bank transfer (automatic),110.3,California,Midway City           ,33.744439,-117.98588,44,Yes    ,Yes              ,10,None   ,51,Yes            ,Yes           ,0.0,0,2376.72,10343.62,73,Medium,7,0,7,Resolved
0122-OAHPZ,Female,0,No     ,No        ,7,Yes         ,Yes             ,Fiber optic    ,No                 ,No                 ,No                 ,Month-to-month,Yes             ,Electronic check         ,73.85,California,Oceanside             ,33.254497,-117.285879,29,No     ,No               ,0,None   ,26,Yes            ,Yes           ,13.03,0,200.34,698.5600000000001,67,Medium,6,0,6,Resolved
3682-YEUWS,Male  ,0,Yes    ,Yes       ,10,Yes         ,Yes             ,No             ,No internet service,No internet service,No internet service,Month-to-month,Yes             ,Mailed check             ,24.4,California,Tulelake              ,41.813521,-121.492666,27,Yes    ,Yes              ,4,None   ,0,No             ,No            ,0.0,0,41.6,295.5,54,High,1,6,7,Resolved
8879-XUAHX,Male  ,0,Yes    ,No        ,71,Yes         ,Yes             ,Fiber optic    ,Yes                ,Yes                ,Yes                ,Two year      ,Yes             ,Electronic check         ,116.25,California,Irvine                ,33.680302,-117.833296,42,Yes    ,Yes              ,4,None   ,9,Yes            ,Yes           ,0.0,0,439.49,9004.24,47,Medium,1,5,6,Resolved
6131-FOYAS,Male  ,0,No     ,No        ,35,Yes         ,Yes             ,DSL            ,No                 ,No                 ,No                 ,Month-to-month,Yes             ,Electronic check         ,59.6,California,San Lorenzo           ,37.676249,-122.132415,48,No     ,No               ,0,None   ,16,No             ,Yes           ,0.0,0,721.35,2816.25,27,Medium,0,3,3,Resolved
6778-YSNIH,Female,0,No     ,No        ,2,Yes         ,No              ,DSL            ,No                 ,Yes                ,No                 ,Month-to-month,Yes             ,Electronic check         ,59.0,California,Riverside             ,33.994676,-117.372498,63,No     ,No               ,0,None   ,26,No             ,Yes           ,0.0,0,54.04,168.19,33,High,1,4,5,Resolved
4849-PYRLQ,Female,1,No     ,No        ,56,Yes         ,Yes             ,DSL            ,Yes                ,No                 ,Yes                ,Two year      ,No              ,Bank transfer (automatic),73.25,California,Fremont               ,37.572273,-121.964583,80,No     ,No               ,0,None   ,8,No             ,Yes           ,17.16,0,2088.8,6125.84,26,Medium,0,3,3,Resolved
6017-PPLPX,Male  ,0,Yes    ,Yes       ,20,Yes         ,No              ,Fiber optic    ,No                 ,No                 ,No                 ,Month-to-month,Yes             ,Electronic check         ,70.45,California,Daly City             ,37.691561,-122.445202,47,Yes    ,Yes              ,1,None   ,8,No             ,Yes           ,0.0,0,329.79999999999995,1800.75,87,Low,8,1,9,NotResolved
2904-GGUAZ,Female,0,Yes    ,No        ,72,Yes         ,Yes             ,Fiber optic    ,No                 ,No                 ,No                 ,Two year      ,Yes             ,Bank transfer (automatic),84.05,California,Potrero               ,32.619465,-116.593605,24,Yes    ,Yes              ,8,Offer A,52,Yes            ,Yes           ,0.0,0,1162.8,7215.05,47,High,0,5,5,Resolved
3097-FQTVJ,Female,0,No     ,No        ,41,Yes         ,No              ,No             ,No internet service,No internet service,No internet service,Two year      ,No              ,Mailed check             ,20.0,California,Denair                ,37.524721,-120.757977,23,No     ,No               ,0,Offer B,0,No             ,No            ,0.0,0,413.69,1223.99,21,High,1,3,4,Resolved
8404-VLQFB,Female,0,Yes    ,Yes       ,15,Yes         ,Yes             ,No             ,No internet service,No internet service,No internet service,Month-to-month,Yes             ,Electronic check         ,25.25,California,California Hot Springs,35.865795,-118.69759,21,Yes    ,Yes              ,1,None   ,0,No             ,No            ,0.0,0,443.25,838.1,59,Medium,0,6,6,Resolved
9677-AVKED,Female,0,No     ,Yes       ,53,Yes         ,Yes             ,DSL            ,Yes                ,Yes                ,Yes                ,One year      ,Yes             ,Electronic check         ,84.6,California,La Verne              ,34.144703,-117.770299,55,No     ,No               ,0,None   ,18,Yes            ,Yes           ,0.0,0,770.62,5220.37,60,High,6,0,6,Resolved
7102-JJVTX,Female,0,Yes    ,Yes       ,9,Yes         ,No              ,DSL            ,No                 ,No                 ,No                 ,One year      ,No              ,Mailed check             ,48.6,California,Escondido             ,33.081478,-117.033814,31,Yes    ,Yes              ,9,Offer E,30,No             ,Yes           ,20.45,0,270.63,672.48,46,Medium,1,5,6,Resolved
4075-WKNIU,Female,0,Yes    ,Yes       ,0,Yes         ,Yes             ,DSL            ,Yes                ,Yes                ,No                 ,Two year      ,No              ,Mailed check             ,73.35,California,Bell                  ,33.970343,-118.171368,25,Yes    ,Yes              ,6,Offer E,59,No             ,Yes           ,0.0,0,55.9,789.4,44,High,1,5,6,Resolved
2391-IPLOP,Male  ,0,Yes    ,Yes       ,50,Yes         ,Yes             ,DSL            ,Yes                ,Yes                ,No                 ,One year      ,Yes             ,Electronic check         ,69.65,California,Corcoran              ,36.04533,-119.532424,25,Yes    ,Yes              ,6,Offer B,58,No             ,Yes           ,0.0,0,716.0,4158.15,27,High,0,3,3,Resolved
4129-LYCOI,Female,0,No     ,Yes       ,67,Yes         ,Yes             ,Fiber optic    ,Yes                ,Yes                ,Yes                ,Two year      ,Yes             ,Electronic check         ,104.0,California,Guinda                ,38.830739,-122.196202,28,No     ,No               ,0,None   ,59,Yes            ,Yes           ,0.0,0,840.18,7879.23,39,Medium,1,4,5,Resolved
6402-ZFPPI,Female,1,No     ,No        ,25,Yes         ,Yes             ,Fiber optic    ,No                 ,Yes                ,Yes                ,Month-to-month,Yes             ,Mailed check             ,102.8,California,Fair Oaks             ,38.652065,-121.25441,75,No     ,No               ,0,None   ,30,No             ,Yes           ,0.0,0,912.5,3572.7,94,Low,9,1,10,Resolved
3721-CNZHX,Male  ,0,No     ,No        ,15,Yes         ,No              ,No             ,No internet service,No internet service,No internet service,One year      ,No              ,Mailed check             ,19.8,California,Berkeley              ,37.871416,-122.246597,49,No     ,No               ,0,None   ,0,No             ,No            ,0.0,0,83.1,387.7000000000001,28,High,1,3,4,Resolved
5124-EOGYE,Male  ,0,No     ,No        ,31,Yes         ,No              ,No             ,No internet service,No internet service,No internet service,Two year      ,No              ,Mailed check             ,20.45,California,Crestline             ,34.248061,-117.29028,59,No     ,No               ,0,None   ,0,No             ,No            ,0.0,0,1071.67,1710.22,35,Medium,0,4,4,Resolved
4713-ZBURT,Male  ,0,No     ,Yes       ,45,Yes         ,Yes             ,Fiber optic    ,No                 ,Yes                ,Yes                ,Two year      ,No              ,Bank transfer (automatic),99.7,California,Brisbane              ,37.684694,-122.40712,33,No     ,No               ,0,None   ,12,Yes            ,Yes           ,0.0,0,1059.3,5693.650000000001,38,High,0,4,4,NotResolved
8668-KNZTI,Male  ,0,No     ,No        ,52,Yes         ,No              ,DSL            ,No                 ,No                 ,No                 ,One year      ,No              ,Electronic check         ,53.75,California,Sacramento            ,38.646209,-121.52446,42,No     ,No               ,0,None   ,3,No             ,Yes           ,43.12,0,2490.8,5238.33,23,Medium,1,3,4,Resolved
8184-WMOFI,Male  ,0,Yes    ,Yes       ,62,Yes         ,No              ,DSL            ,Yes                ,No                 ,Yes                ,One year      ,No              ,Credit card (automatic)  ,71.4,California,Fresno                ,36.739385,-119.753649,47,Yes    ,No               ,0,None   ,25,Yes            ,Yes           ,0.0,0,871.1,5358.400000000001,56,Medium,1,6,7,Resolved
2189-WWOEW,Female,0,No     ,Yes       ,15,Yes         ,No              ,Fiber optic    ,No                 ,No                 ,Yes                ,Month-to-month,Yes             ,Bank transfer (automatic),85.9,California,Keene                 ,35.214982,-118.59049,37,No     ,No               ,0,None   ,13,Yes            ,Yes           ,0.0,0,369.45,1639.0,96,Medium,9,1,10,Resolved
6484-LATFU,Male  ,0,No     ,No        ,68,Yes         ,Yes             ,No             ,No internet service,No internet service,No internet service,Two year      ,No              ,Mailed check             ,24.55,California,Linden                ,38.047746,-121.030499,20,No     ,No               ,0,None   ,0,No             ,No            ,0.0,0,397.12,2054.52,31,Medium,0,4,4,Resolved
6439-GTPCA,Female,0,No     ,No        ,45,Yes         ,Yes             ,Fiber optic    ,Yes                ,No                 ,No                 ,Month-to-month,Yes             ,Electronic check         ,87.25,California,Pismo Beach           ,35.165668,-120.655842,29,No     ,No               ,0,None   ,51,No             ,Yes           ,0.0,0,201.6,4143.3,90,Low,7,0,7,NotResolved
6244-BESBM,Male  ,0,Yes    ,Yes       ,69,Yes         ,No              ,Fiber optic    ,Yes                ,Yes                ,Yes                ,Two year      ,Yes             ,Credit card (automatic)  ,95.2,California,Geyserville           ,38.731771,-123.064272,61,Yes    ,Yes              ,6,None   ,30,Yes            ,Yes           ,0.0,0,829.38,7501.08,34,High,0,4,4,Resolved
2546-KZAAT,Male  ,0,Yes    ,No        ,52,Yes         ,No              ,DSL            ,No                 ,Yes                ,Yes                ,One year      ,Yes             ,Mailed check             ,75.4,California,San Diego             ,32.802959,-117.027095,28,Yes    ,Yes              ,9,None   ,85,Yes            ,Yes           ,0.0,0,540.8000000000001,4406.25,59,High,1,6,7,NotResolved
9743-DQKQW,Male  ,0,No     ,No        ,3,No          ,No phone service,DSL            ,No                 ,No                 ,No                 ,Month-to-month,No              ,Electronic check         ,25.1,California,Escalon               ,37.818543,-121.006907,28,No     ,No               ,0,Offer E,69,No             ,Yes           ,0.0,0,0.0,79.8,58,High,1,6,7,Resolved
8383-SGHJU,Female,0,No     ,No        ,33,Yes         ,Yes             ,DSL            ,Yes                ,No                 ,No                 ,One year      ,No              ,Electronic check         ,59.4,California,Lake Arrowhead        ,34.2565,-117.19335,41,No     ,No               ,0,None   ,7,No             ,Yes           ,0.0,0,339.23999999999995,2292.04,38,Medium,1,4,5,Resolved
4806-DXQCE,Female,1,Yes    ,No        ,70,Yes         ,Yes             ,Fiber optic    ,Yes                ,Yes                ,Yes                ,Two year      ,Yes             ,Electronic check         ,113.65,California,Santa Monica          ,34.026334,-118.474222,77,Yes    ,Yes              ,7,None   ,25,No             ,Yes           ,24.36,0,2477.3,10167.59,46,High,1,5,6,Resolved
6963-KQYQB,Female,0,Yes    ,Yes       ,70,Yes         ,Yes             ,No             ,No internet service,No internet service,No internet service,Two year      ,No              ,Mailed check             ,24.05,California,Pacifica              ,37.573633,-122.455167,24,Yes    ,Yes              ,4,Offer A,0,No             ,No            ,0.0,0,298.9,2063.65,32,High,1,4,5,Resolved
4418-LZMSV,Male  ,0,Yes    ,Yes       ,13,Yes         ,No              ,DSL            ,Yes                ,No                 ,No                 ,Month-to-month,No              ,Bank transfer (automatic),61.8,California,San Diego             ,32.697098,-117.116587,56,Yes    ,Yes              ,8,None   ,56,No             ,Yes           ,0.0,0,365.95,1116.05,47,Medium,1,5,6,Resolved
1271-SJBGZ,Male  ,1,No     ,No        ,12,No          ,No phone service,DSL            ,Yes                ,No                 ,Yes                ,Month-to-month,Yes             ,Electronic check         ,43.65,California,Forest Knolls         ,38.010092,-122.689442,77,No     ,No               ,0,None   ,10,No             ,Yes           ,0.0,0,0.0,526.95,74,Low,7,1,8,Resolved
0601-WZHJF,Male  ,0,Yes    ,No        ,14,No          ,No phone service,DSL            ,No                 ,Yes                ,Yes                ,Month-to-month,No              ,Electronic check         ,46.35,California,Shafter               ,35.490705,-119.286833,53,Yes    ,Yes              ,1,Offer D,12,Yes            ,Yes           ,0.0,0,0.0,667.7,76,Medium,7,0,7,Resolved
8696-JKZNU,Female,1,No     ,No        ,37,Yes         ,Yes             ,Fiber optic    ,No                 ,No                 ,No                 ,Month-to-month,Yes             ,Electronic check         ,76.25,California,Anderson              ,40.448632,-122.306657,78,No     ,No               ,0,Offer C,17,No             ,Yes           ,0.0,0,997.15,3838.7,91,Medium,10,1,11,Resolved
2845-KDHVX,Female,0,Yes    ,No        ,64,Yes         ,No              ,DSL            ,Yes                ,No                 ,Yes                ,Two year      ,Yes             ,Mailed check             ,68.3,California,Sheridan              ,38.984756,-121.345074,57,Yes    ,Yes              ,9,None   ,25,Yes            ,Yes           ,0.0,0,1490.56,5869.360000000001,31,High,1,4,5,Resolved
8791-GFXLZ,Male  ,0,No     ,No        ,12,Yes         ,No              ,DSL            ,No                 ,No                 ,No                 ,Month-to-month,Yes             ,Bank transfer (automatic),49.05,California,San Jose              ,37.375156,-121.795867,58,No     ,No               ,0,None   ,12,No             ,Yes           ,29.32,0,537.36,1101.09,70,High,7,1,8,NotResolved
9821-POOTN,Male  ,0,Yes    ,No        ,35,Yes         ,Yes             ,Fiber optic    ,No                 ,No                 ,No                 ,Month-to-month,Yes             ,Electronic check         ,75.2,California,Fresno                ,36.833002,-119.82947,48,Yes    ,Yes              ,1,Offer C,12,No             ,Yes           ,0.0,0,1696.45,4272.65,94,Low,9,0,9,Resolved
9090-SGQXL,Male  ,1,Yes    ,No        ,68,Yes         ,Yes             ,Fiber optic    ,No                 ,Yes                ,Yes                ,Month-to-month,Yes             ,Electronic check         ,105.3,California,Ben Lomond            ,37.078873,-122.090386,70,Yes    ,Yes              ,1,None   ,29,No             ,Yes           ,0.0,0,3207.56,10507.21,79,Medium,7,0,7,Resolved
3810-DVDQQ,Female,0,Yes    ,Yes       ,72,Yes         ,Yes             ,Fiber optic    ,Yes                ,Yes                ,Yes                ,Two year      ,Yes             ,Bank transfer (automatic),117.6,California,Shasta Lake           ,40.692523,-122.369876,28,Yes    ,Yes              ,10,None   ,48,Yes            ,Yes           ,5.44,0,3385.44,11688.9,54,Medium,0,6,6,Resolved
3769-MHZNV,Female,0,Yes    ,Yes       ,33,Yes         ,No              ,No             ,No internet service,No internet service,No internet service,Two year      ,No              ,Mailed check             ,20.1,California,Salyer                ,40.89866,-123.539754,61,Yes    ,Yes              ,2,None   ,0,No             ,No            ,0.0,0,800.91,1471.26,25,Medium,1,3,4,Resolved
5228-EXCET,Male  ,0,No     ,No        ,13,Yes         ,No              ,Fiber optic    ,No                 ,No                 ,Yes                ,Month-to-month,Yes             ,Electronic check         ,80.85,California,Newberry Springs      ,34.89326,-116.505958,40,No     ,No               ,0,None   ,20,Yes            ,Yes           ,0.0,0,163.01999999999998,1171.72,85,Low,8,0,8,Resolved
6351-SCJKT,Male  ,0,No     ,No        ,3,No          ,No phone service,DSL            ,Yes                ,No                 ,No                 ,Month-to-month,No              ,Mailed check             ,41.35,California,Santa Cruz            ,36.974575,-121.991149,32,No     ,No               ,0,None   ,25,No             ,Yes           ,0.0,0,0.0,107.25,46,Medium,0,5,5,Resolved
5995-LFTLE,Male  ,0,No     ,No        ,58,Yes         ,Yes             ,No             ,No internet service,No internet service,No internet service,Two year      ,Yes             ,Credit card (automatic)  ,25.3,California,Lower Lake            ,38.925545,-122.549083,39,No     ,No               ,0,None   ,0,No             ,No            ,0.0,0,2829.24,4303.59,30,High,0,4,4,Resolved
1830-GGFNM,Male  ,0,Yes    ,Yes       ,65,Yes         ,Yes             ,Fiber optic    ,Yes                ,No                 ,No                 ,Two year      ,No              ,Credit card (automatic)  ,94.55,California,Somerset              ,38.606703,-120.586659,35,Yes    ,Yes              ,6,Offer B,19,No             ,Yes           ,0.0,0,1269.45,7348.2,36,High,0,4,4,Resolved
8807-OPMBM,Female,0,Yes    ,Yes       ,55,Yes         ,Yes             ,No             ,No internet service,No internet service,No internet service,Two year      ,Yes             ,Credit card (automatic)  ,25.65,California,Newbury Park          ,34.172071,-118.946262,36,Yes    ,Yes              ,1,Offer B,0,No             ,No            ,0.0,0,79.2,1467.2,42,High,0,5,5,Resolved
8495-LJDFO,Female,1,No     ,No        ,64,Yes         ,Yes             ,Fiber optic    ,Yes                ,Yes                ,Yes                ,Month-to-month,Yes             ,Bank transfer (automatic),108.95,California,Rancho Santa Margarita,33.624654,-117.611733,76,No     ,No               ,0,None   ,24,No             ,Yes           ,0.0,0,1463.04,8574.34,26,High,1,3,4,Resolved
4877-EVATK,Male  ,0,No     ,No        ,1,Yes         ,No              ,No             ,No internet service,No internet service,No internet service,Month-to-month,No              ,Mailed check             ,20.0,California,Elk                   ,39.108252,-123.645121,30,No     ,No               ,0,None   ,0,No             ,No            ,0.0,0,46.77,66.77000000000001,83,Low,8,0,8,Resolved
5010-IPEAQ,Female,0,Yes    ,Yes       ,67,No          ,No phone service,DSL            ,Yes                ,Yes                ,No                 ,Two year      ,No              ,Credit card (automatic)  ,54.2,California,Escalon               ,37.818543,-121.006907,29,Yes    ,Yes              ,2,None   ,51,No             ,Yes           ,0.0,0,0.0,3623.95,58,Medium,1,6,7,NotResolved
5857-TYBCJ,Male  ,1,Yes    ,No        ,44,Yes         ,Yes             ,Fiber optic    ,No                 ,Yes                ,No                 ,Month-to-month,Yes             ,Electronic check         ,89.2,California,Dixon                 ,38.392821,-121.799917,72,Yes    ,Yes              ,6,Offer B,30,No             ,Yes           ,0.0,0,644.6,4684.8,36,High,1,4,5,Resolved
4484-GLZOU,Female,0,Yes    ,No        ,52,Yes         ,Yes             ,Fiber optic    ,No                 ,Yes                ,Yes                ,Month-to-month,Yes             ,Electronic check         ,105.05,California,San Dimas             ,34.102119,-117.815532,20,Yes    ,Yes              ,6,None   ,48,Yes            ,Yes           ,27.6,0,550.68,6147.93,65,Low,6,1,7,NotResolved
1732-VHUBQ,Female,1,Yes    ,Yes       ,47,Yes         ,No              ,Fiber optic    ,No                 ,No                 ,No                 ,Month-to-month,No              ,Bank transfer (automatic),70.55,California,Yosemite National Park,37.704267,-119.607001,73,Yes    ,Yes              ,1,None   ,26,No             ,Yes           ,26.99,0,1266.65,4548.91,82,Medium,8,1,9,Resolved
7126-RBHSD,Female,0,Yes    ,No        ,17,Yes         ,Yes             ,Fiber optic    ,No                 ,No                 ,No                 ,Month-to-month,No              ,Electronic check         ,78.9,California,Lathrop               ,37.80821,-121.308401,53,Yes    ,Yes              ,1,Offer D,4,No             ,Yes           ,0.0,0,359.54999999999995,1708.5,38,Medium,0,4,4,Resolved
3896-ZVNET,Female,0,Yes    ,Yes       ,24,Yes         ,Yes             ,No             ,No internet service,No internet service,No internet service,Two year      ,No              ,Mailed check             ,24.7,California,Gerber                ,40.03194,-122.176023,42,Yes    ,Yes              ,7,None   ,0,No             ,No            ,0.0,0,497.76,1069.51,56,Medium,0,6,6,Resolved
1465-VINDH,Female,0,Yes    ,Yes       ,10,Yes         ,Yes             ,Fiber optic    ,No                 ,Yes                ,Yes                ,Month-to-month,Yes             ,Credit card (automatic)  ,102.1,California,Los Angeles           ,34.099869,-118.326843,31,Yes    ,Yes              ,1,None   ,22,Yes            ,Yes           ,0.0,0,320.7,1389.55,78,Medium,7,0,7,Resolved
8277-RVRSV,Female,0,Yes    ,Yes       ,33,Yes         ,Yes             ,No             ,No internet service,No internet service,No internet service,One year      ,No              ,Credit card (automatic)  ,24.15,California,Danville              ,37.791481,-121.903253,22,Yes    ,Yes              ,3,Offer C,0,No             ,No            ,0.0,0,56.43,856.7299999999999,73,High,7,1,8,Resolved
5382-TEMLV,Male  ,0,No     ,No        ,45,Yes         ,No              ,DSL            ,No                 ,No                 ,No                 ,Month-to-month,Yes             ,Bank transfer (automatic),50.9,California,Lindsay               ,36.205465,-119.085807,45,No     ,No               ,0,None   ,16,No             ,Yes           ,0.0,0,872.5500000000001,3171.1000000000004,71,Medium,7,0,7,NotResolved
8224-IVVPA,Female,0,No     ,No        ,27,Yes         ,No              ,DSL            ,No                 ,No                 ,No                 ,Month-to-month,Yes             ,Mailed check             ,56.7,California,Caliente              ,35.358953,-118.527064,35,No     ,No               ,0,None   ,9,No             ,Yes           ,0.0,0,680.6700000000001,2333.62,79,Medium,7,0,7,Resolved
9574-RKJIF,Male  ,0,Yes    ,Yes       ,30,Yes         ,Yes             ,Fiber optic    ,No                 ,Yes                ,No                 ,Month-to-month,Yes             ,Electronic check         ,94.4,California,Trabuco Canyon        ,33.631119,-117.567346,52,Yes    ,Yes              ,1,Offer C,6,No             ,No            ,0.0,80,865.5,3784.2,71,Low,7,0,7,Resolved
4250-WAROZ,Male  ,1,Yes    ,Yes       ,60,Yes         ,Yes             ,Fiber optic    ,No                 ,No                 ,Yes                ,Month-to-month,Yes             ,Electronic check         ,93.25,California,Fresno                ,36.749403,-119.787574,70,Yes    ,Yes              ,4,None   ,53,No             ,Yes           ,0.0,0,1180.8,6955.35,70,Medium,7,1,8,Resolved
8840-DQLGN,Female,1,Yes    ,No        ,35,Yes         ,Yes             ,Fiber optic    ,Yes                ,Yes                ,No                 ,Month-to-month,Yes             ,Bank transfer (automatic),100.5,California,Burbank               ,34.177267,-118.31003,65,Yes    ,Yes              ,1,None   ,22,No             ,Yes           ,0.0,0,559.3000000000001,4212.65,81,Low,8,0,8,Resolved
4994-OBRSZ,Male  ,0,No     ,Yes       ,14,Yes         ,No              ,DSL            ,Yes                ,No                 ,Yes                ,Two year      ,No              ,Bank transfer (automatic),76.1,California,Weed                  ,41.465121,-122.380947,24,No     ,No               ,0,None   ,52,Yes            ,Yes           ,0.0,0,514.2199999999999,1569.02,33,Medium,0,4,4,Resolved
4001-TSBTV,Female,0,Yes    ,Yes       ,58,Yes         ,No              ,Fiber optic    ,No                 ,Yes                ,No                 ,Month-to-month,Yes             ,Electronic check         ,91.55,California,Sacramento            ,38.549185,-121.328386,49,Yes    ,Yes              ,5,Offer B,17,No             ,Yes           ,0.0,0,2362.92,7874.57,49,Medium,1,5,6,Resolved
5389-FFVKB,Male  ,1,Yes    ,No        ,32,Yes         ,No              ,Fiber optic    ,No                 ,No                 ,Yes                ,Month-to-month,Yes             ,Credit card (automatic)  ,80.3,California,Thousand Oaks         ,34.214054,-118.88109,71,Yes    ,Yes              ,1,None   ,25,Yes            ,Yes           ,0.0,0,66.56,2549.61,94,Low,9,1,10,Resolved
3255-GRXMG,Male  ,0,No     ,Yes       ,18,Yes         ,No              ,DSL            ,No                 ,No                 ,No                 ,Month-to-month,Yes             ,Credit card (automatic)  ,45.65,California,Playa Del Rey         ,33.947305,-118.439841,58,No     ,No               ,0,Offer D,28,No             ,No            ,0.0,40,613.26,1400.46,75,High,7,1,8,NotResolved
6229-LSCKB,Male  ,1,No     ,No        ,6,Yes         ,No              ,Fiber optic    ,No                 ,Yes                ,No                 ,Month-to-month,Yes             ,Electronic check         ,79.7,California,Encino                ,34.152875,-118.486056,69,No     ,No               ,0,Offer E,11,No             ,Yes           ,0.0,0,289.92,787.52,44,High,1,5,6,Resolved
6173-ITPWD,Male  ,0,Yes    ,No        ,47,Yes         ,Yes             ,Fiber optic    ,No                 ,No                 ,No                 ,Month-to-month,Yes             ,Bank transfer (automatic),83.35,California,Heber                 ,32.730583,-115.501083,26,Yes    ,Yes              ,1,Offer B,59,Yes            ,No            ,0.0,140,824.38,5029.38,91,Low,9,1,10,Resolved
9419-IPPBE,Female,0,Yes    ,Yes       ,51,Yes         ,Yes             ,Fiber optic    ,No                 ,No                 ,Yes                ,One year      ,Yes             ,Electronic check         ,90.15,California,Solana Beach          ,33.001813,-117.263628,21,Yes    ,Yes              ,4,Offer B,59,Yes            ,Yes           ,0.0,0,1014.9,5569.75,22,Medium,1,3,4,Resolved
8976-OQHGT,Female,0,Yes    ,Yes       ,4,Yes         ,No              ,DSL            ,Yes                ,No                 ,No                 ,Month-to-month,No              ,Mailed check             ,56.5,California,Lomita                ,33.794209,-118.317354,38,Yes    ,Yes              ,5,None   ,56,No             ,Yes           ,0.0,0,170.84,405.94,91,Low,9,0,9,NotResolved
6308-CQRBU,Female,0,Yes    ,No        ,71,Yes         ,Yes             ,Fiber optic    ,Yes                ,Yes                ,Yes                ,Two year      ,No              ,Electronic check         ,109.25,California,Zenia                 ,40.170357,-123.417298,32,Yes    ,Yes              ,7,None   ,22,Yes            ,Yes           ,0.0,0,2114.38,9822.08,42,Medium,1,5,6,Resolved
3935-TBRZZ,Male  ,0,Yes    ,Yes       ,44,Yes         ,Yes             ,No             ,No internet service,No internet service,No internet service,One year      ,No              ,Mailed check             ,25.7,California,Twentynine Palms      ,34.457829,-116.139589,54,Yes    ,Yes              ,10,Offer B,0,No             ,No            ,0.0,0,674.52,1785.02,80,Medium,8,0,8,Resolved
8745-PVESG,Female,0,No     ,No        ,57,No          ,No phone service,DSL            ,Yes                ,No                 ,No                 ,One year      ,Yes             ,Credit card (automatic)  ,41.1,California,Rancho Santa Fe       ,33.012751,-117.200617,44,No     ,No               ,0,None   ,24,No             ,Yes           ,0.0,0,0.0,2258.25,41,High,0,5,5,Resolved
2361-FJWNO,Male  ,0,No     ,No        ,40,No          ,No phone service,DSL            ,Yes                ,No                 ,No                 ,One year      ,No              ,Credit card (automatic)  ,36.0,California,Rancho Cucamonga      ,34.245289,-117.642503,55,No     ,No               ,0,None   ,12,No             ,No            ,0.0,130,0.0,1512.9,38,Medium,1,4,5,Resolved
5995-WWKKG,Female,0,No     ,No        ,37,Yes         ,No              ,No             ,No internet service,No internet service,No internet service,One year      ,Yes             ,Electronic check         ,19.8,California,Running Springs       ,34.186211,-117.07683,62,No     ,No               ,0,Offer C,0,No             ,No            ,0.0,0,1116.29,1811.34,31,High,1,4,5,NotResolved
2108-XWMPY,Male  ,0,No     ,No        ,3,No          ,No phone service,DSL            ,No                 ,No                 ,No                 ,Month-to-month,Yes             ,Mailed check             ,35.45,California,Cabazon               ,33.929812,-116.76058,29,No     ,No               ,0,None   ,85,No             ,Yes           ,0.0,0,0.0,106.85,70,Low,7,1,8,Resolved
7225-CBZPL,Male  ,1,Yes    ,No        ,17,Yes         ,Yes             ,Fiber optic    ,No                 ,Yes                ,Yes                ,Month-to-month,Yes             ,Electronic check         ,94.8,California,Earlimart             ,35.858054,-119.305858,79,Yes    ,Yes              ,7,None   ,13,No             ,Yes           ,0.0,0,789.48,2353.38,49,Medium,0,5,5,Resolved
4312-GVYNH,Female,0,Yes    ,No        ,70,No          ,No phone service,DSL            ,Yes                ,No                 ,Yes                ,Two year      ,Yes             ,Bank transfer (automatic),49.85,California,Westminster           ,33.752591,-117.993661,46,Yes    ,Yes              ,8,None   ,26,Yes            ,Yes           ,0.0,0,0.0,3370.2,26,Medium,0,3,3,Resolved
9565-AXSMR,Male  ,0,Yes    ,Yes       ,52,Yes         ,No              ,No             ,No internet service,No internet service,No internet service,Two year      ,No              ,Mailed check             ,19.2,California,Greenfield            ,36.248708,-121.386617,19,Yes    ,Yes              ,10,None   ,0,No             ,No            ,0.0,0,2119.52,3174.27,78,High,7,0,7,Resolved
1320-HTRDR,Female,0,No     ,No        ,3,Yes         ,Yes             ,Fiber optic    ,No                 ,No                 ,No                 ,Month-to-month,Yes             ,Electronic check         ,75.5,California,Fellows               ,35.215731,-119.57013,30,No     ,No               ,0,Offer E,85,No             ,Yes           ,0.0,0,142.53,363.13,79,Low,7,1,8,Resolved
7785-RDVIG,Female,0,Yes    ,Yes       ,3,Yes         ,No              ,No             ,No internet service,No internet service,No internet service,Month-to-month,No              ,Mailed check             ,19.3,California,Hemet                 ,33.739415,-116.968339,53,Yes    ,Yes              ,5,None   ,0,No             ,No            ,0.0,0,30.39,85.09,57,High,1,6,7,Resolved
5781-BKHOP,Female,0,Yes    ,No        ,72,Yes         ,Yes             ,Fiber optic    ,No                 ,Yes                ,No                 ,Two year      ,No              ,Bank transfer (automatic),100.65,California,Richmond              ,37.945288,-122.383941,48,Yes    ,Yes              ,10,Offer A,28,No             ,Yes           ,0.0,0,3000.96,10335.01,20,Medium,0,3,3,Resolved
6347-DCUIK,Male  ,0,No     ,No        ,10,Yes         ,Yes             ,Fiber optic    ,No                 ,No                 ,No                 ,Month-to-month,Yes             ,Mailed check             ,74.15,California,Los Angeles           ,33.988543,-118.334081,28,No     ,No               ,0,Offer D,85,Yes            ,Yes           ,0.0,0,292.4,1104.1999999999998,90,Low,9,0,9,Resolved
8050-DVOJX,Male  ,1,No     ,No        ,49,Yes         ,Yes             ,DSL            ,Yes                ,No                 ,Yes                ,Two year      ,No              ,Credit card (automatic)  ,81.35,California,Keeler                ,36.560498,-117.962461,67,No     ,No               ,0,Offer B,10,Yes            ,Yes           ,0.0,0,2116.31,6177.21,69,High,6,1,7,Resolved
3413-BMNZE,Male  ,1,No     ,No        ,1,Yes         ,No              ,DSL            ,No                 ,No                 ,No                 ,Month-to-month,No              ,Bank transfer (automatic),45.25,California,Los Angeles           ,34.002642,-118.287596,71,No     ,No               ,0,Offer E,12,No             ,Yes           ,0.0,0,11.89,57.14,40,Medium,0,5,5,Resolved
2273-QCKXA,Male  ,0,No     ,No        ,1,Yes         ,No              ,DSL            ,Yes                ,No                 ,No                 ,Month-to-month,No              ,Mailed check             ,49.05,California,Culver City           ,34.019323,-118.391902,39,No     ,No               ,0,None   ,5,No             ,Yes           ,0.0,0,25.77,74.82,30,Medium,0,4,4,Resolved
0709-TVGUR,Female,1,No     ,No        ,9,Yes         ,Yes             ,Fiber optic    ,No                 ,No                 ,No                 ,Month-to-month,Yes             ,Electronic check         ,74.55,California,Stockton              ,38.002125,-121.324979,70,No     ,No               ,0,None   ,27,No             ,Yes           ,33.25,0,158.04,747.6899999999999,69,Low,6,0,6,Resolved
7820-ZYGNY,Male  ,0,No     ,No        ,63,Yes         ,Yes             ,Fiber optic    ,No                 ,No                 ,Yes                ,One year      ,No              ,Credit card (automatic)  ,90.45,California,La Puente             ,34.038983,-117.991372,33,No     ,No               ,0,None   ,28,Yes            ,No            ,0.0,100,580.23,6505.73,23,Medium,0,3,3,Resolved
2560-QTSBS,Female,0,Yes    ,Yes       ,72,Yes         ,Yes             ,No             ,No internet service,No internet service,No internet service,One year      ,Yes             ,Bank transfer (automatic),23.3,California,Pomona                ,34.042286,-117.756106,26,Yes    ,Yes              ,6,None   ,0,No             ,No            ,0.0,0,1306.08,2929.23,30,High,0,4,4,Resolved
9029-FEGVJ,Female,1,Yes    ,No        ,32,Yes         ,Yes             ,Fiber optic    ,No                 ,No                 ,No                 ,Month-to-month,No              ,Mailed check             ,79.3,California,Yosemite National Park,37.704267,-119.607001,68,Yes    ,Yes              ,2,Offer C,11,No             ,Yes           ,0.0,0,69.44,2639.44,27,Medium,1,3,4,Resolved
1397-XKKWR,Male  ,0,No     ,No        ,7,No          ,No phone service,DSL            ,No                 ,No                 ,No                 ,One year      ,No              ,Mailed check             ,35.3,California,San Jose              ,37.343827,-121.883119,47,No     ,No               ,0,None   ,14,No             ,Yes           ,0.0,0,0.0,264.8,39,High,0,4,4,Resolved
0927-CNGRH,Male  ,0,No     ,Yes       ,1,Yes         ,No              ,No             ,No internet service,No internet service,No internet service,Month-to-month,No              ,Mailed check             ,19.55,California,Alta                  ,39.218096,-120.79153,42,No     ,No               ,0,None   ,0,No             ,No            ,0.0,0,30.63,50.18,21,High,0,3,3,Resolved
7503-ZGUZJ,Male  ,0,No     ,No        ,1,Yes         ,Yes             ,Fiber optic    ,No                 ,Yes                ,No                 ,Month-to-month,Yes             ,Mailed check             ,84.65,California,Riverside             ,33.920907,-117.489426,25,No     ,No               ,0,None   ,51,No             ,No            ,0.0,40,22.3,146.95000000000002,79,Low,7,1,8,Resolved
6376-GAHQE,Male  ,0,No     ,No        ,4,Yes         ,No              ,Fiber optic    ,No                 ,Yes                ,No                 ,Month-to-month,No              ,Electronic check         ,77.85,California,Dutch Flat            ,39.197215,-120.83679,48,No     ,No               ,0,Offer E,28,No             ,No            ,0.0,10,171.2,480.4,65,Low,6,1,7,Resolved
0193-ESZXP,Female,1,Yes    ,No        ,58,Yes         ,No              ,Fiber optic    ,Yes                ,Yes                ,Yes                ,One year      ,Yes             ,Credit card (automatic)  ,105.5,California,Oceano                ,35.059695,-120.604741,73,Yes    ,Yes              ,1,None   ,19,Yes            ,Yes           ,0.0,0,982.52,7188.02,91,Low,10,1,11,Resolved
0224-NIJLP,Male  ,0,Yes    ,Yes       ,8,Yes         ,No              ,No             ,No internet service,No internet service,No internet service,Two year      ,No              ,Mailed check             ,20.15,California,Turlock               ,37.474396,-120.875917,30,Yes    ,Yes              ,1,Offer E,0,No             ,No            ,0.0,0,22.96,188.46,32,High,1,4,5,Resolved
0320-JDNQG,Male  ,0,Yes    ,Yes       ,23,Yes         ,No              ,Fiber optic    ,Yes                ,Yes                ,Yes                ,Month-to-month,Yes             ,Electronic check         ,99.85,California,Oxnard                ,34.18454,-119.224666,28,Yes    ,Yes              ,1,None   ,27,Yes            ,Yes           ,0.0,0,872.85,3204.15,83,Low,8,0,8,Resolved
8705-WZCYL,Male  ,0,No     ,No        ,1,Yes         ,No              ,DSL            ,No                 ,No                 ,No                 ,Month-to-month,Yes             ,Electronic check         ,44.8,California,Encinitas             ,33.054579,-117.25665,40,No     ,No               ,0,Offer E,26,No             ,Yes           ,0.0,0,27.46,72.25999999999999,31,High,0,4,4,Resolved
4450-MDZFX,Male  ,0,Yes    ,Yes       ,60,Yes         ,Yes             ,Fiber optic    ,No                 ,No                 ,No                 ,Month-to-month,No              ,Bank transfer (automatic),74.35,California,Monrovia              ,34.1528,-118.000482,50,Yes    ,Yes              ,9,Offer B,57,No             ,Yes           ,0.0,0,2306.4,6759.7,26,High,0,3,3,Resolved
5676-CFLYY,Male  ,0,Yes    ,Yes       ,71,Yes         ,No              ,DSL            ,Yes                ,Yes                ,Yes                ,Two year      ,Yes             ,Credit card (automatic)  ,73.35,California,Ahwahnee              ,37.375816,-119.739935,30,Yes    ,Yes              ,4,Offer A,59,Yes            ,Yes           ,0.0,0,1153.04,6307.54,68,High,6,1,7,Resolved
4958-GZWIY,Male  ,0,Yes    ,Yes       ,7,Yes         ,No              ,DSL            ,No                 ,No                 ,No                 ,Month-to-month,No              ,Electronic check         ,48.7,California,North Palm Springs    ,33.906496,-116.569499,61,Yes    ,Yes              ,1,None   ,4,No             ,Yes           ,0.0,0,35.91,376.16,91,Low,9,1,10,Resolved
3088-LHEFH,Female,0,No     ,No        ,11,Yes         ,Yes             ,Fiber optic    ,No                 ,No                 ,No                 ,Month-to-month,Yes             ,Bank transfer (automatic),79.0,California,Pollock Pines         ,38.733908,-120.453416,28,No     ,No               ,0,Offer D,48,No             ,Yes           ,0.0,0,110.66,1039.96,33,Medium,1,4,5,Resolved
2683-BPJSO,Male  ,0,Yes    ,No        ,29,Yes         ,Yes             ,Fiber optic    ,No                 ,No                 ,No                 ,Month-to-month,Yes             ,Electronic check         ,84.45,California,Byron                 ,37.83323,-121.601461,37,Yes    ,No               ,0,None   ,12,No             ,Yes           ,0.0,0,822.73,3289.83,91,Low,9,0,9,Resolved
7181-BQYBV,Female,0,Yes    ,Yes       ,1,Yes         ,Yes             ,Fiber optic    ,No                 ,Yes                ,Yes                ,Month-to-month,Yes             ,Electronic check         ,102.45,California,Garden Grove          ,33.782955,-118.026456,52,Yes    ,Yes              ,1,None   ,9,Yes            ,Yes           ,0.0,0,25.88,128.33,85,Low,8,0,8,Resolved
0322-YINQP,Male  ,0,No     ,No        ,1,Yes         ,No              ,DSL            ,No                 ,No                 ,No                 ,Month-to-month,Yes             ,Mailed check             ,48.55,California,Covina                ,34.084747,-117.886844,37,No     ,No               ,0,None   ,9,No             ,Yes           ,0.0,0,11.35,59.9,77,Low,7,1,8,NotResolved
1728-CXQBE,Male  ,1,Yes    ,No        ,64,Yes         ,Yes             ,Fiber optic    ,No                 ,No                 ,Yes                ,Month-to-month,Yes             ,Electronic check         ,94.25,California,Glenn                 ,39.597975,-122.032248,79,Yes    ,Yes              ,9,Offer B,29,No             ,Yes           ,0.0,0,1493.12,7574.519999999999,63,Medium,6,0,6,Resolved
7799-DSEWS,Male  ,0,No     ,No        ,18,Yes         ,No              ,DSL            ,Yes                ,Yes                ,No                 ,Month-to-month,Yes             ,Electronic check         ,68.35,California,Hayward               ,37.639215,-122.037554,22,No     ,No               ,0,Offer D,48,No             ,Yes           ,0.0,0,876.24,2176.04,47,Medium,1,5,6,Resolved
4189-NAKJS,Male  ,0,No     ,No        ,26,Yes         ,Yes             ,DSL            ,No                 ,No                 ,No                 ,One year      ,Yes             ,Credit card (automatic)  ,51.55,California,Murphys               ,38.147852,-120.440124,29,No     ,No               ,0,Offer C,59,No             ,Yes           ,0.0,0,641.4200000000001,1936.82,36,Medium,1,4,5,Resolved
5075-JSDKI,Female,0,No     ,No        ,59,Yes         ,Yes             ,No             ,No internet service,No internet service,No internet service,Two year      ,No              ,Electronic check         ,24.45,California,Woodbridge            ,38.169605,-121.310964,64,No     ,No               ,0,Offer B,0,No             ,No            ,0.0,0,2432.57,3925.67,26,High,1,3,4,NotResolved
6917-YACBP,Female,1,No     ,No        ,59,Yes         ,Yes             ,Fiber optic    ,No                 ,No                 ,No                 ,Month-to-month,Yes             ,Electronic check         ,89.75,California,Big Sur               ,36.092975,-121.549826,80,No     ,No               ,0,Offer B,5,No             ,Yes           ,0.0,0,1508.63,7005.53,70,Medium,7,0,7,Resolved
5419-JPRRN,Male  ,0,No     ,No        ,1,Yes         ,Yes             ,Fiber optic    ,No                 ,Yes                ,Yes                ,Month-to-month,Yes             ,Electronic check         ,101.45,California,Rough And Ready       ,39.225634,-121.156163,32,No     ,No               ,0,None   ,7,Yes            ,Yes           ,0.0,0,10.38,111.83,77,Low,7,0,7,Resolved
0224-HJAPT,Male  ,0,No     ,No        ,5,Yes         ,Yes             ,DSL            ,No                 ,No                 ,No                 ,Month-to-month,No              ,Electronic check         ,47.15,California,San Diego             ,32.741499,-117.127409,25,No     ,No               ,0,None   ,85,Yes            ,Yes           ,0.0,0,110.05,333.20000000000005,82,Low,8,1,9,Resolved
9661-JALZV,Female,0,No     ,No        ,58,Yes         ,Yes             ,No             ,No internet service,No internet service,No internet service,Two year      ,Yes             ,Credit card (automatic)  ,24.7,California,Atascadero            ,35.453912,-120.69461,23,No     ,No               ,0,Offer B,0,No             ,No            ,0.0,0,2778.2,4297.2,54,High,0,6,6,Resolved
1565-RHDJD,Female,0,No     ,Yes       ,4,Yes         ,Yes             ,Fiber optic    ,No                 ,No                 ,No                 ,Month-to-month,No              ,Bank transfer (automatic),84.05,California,Palo Cedro            ,40.582399,-122.195512,21,No     ,No               ,0,None   ,69,Yes            ,Yes           ,0.0,0,166.88,500.43,95,Medium,9,1,10,Resolved
5918-VUKWP,Female,0,No     ,No        ,32,Yes         ,No              ,No             ,No internet service,No internet service,No internet service,One year      ,No              ,Bank transfer (automatic),20.55,California,Pasadena              ,34.165383,-118.123752,61,No     ,No               ,0,Offer C,0,No             ,No            ,0.0,0,1151.04,1805.59,77,Medium,7,1,8,Resolved
1043-YCUTE,Male  ,0,Yes    ,No        ,56,Yes         ,Yes             ,No             ,No internet service,No internet service,No internet service,Two year      ,Yes             ,Credit card (automatic)  ,25.15,California,Hayward               ,37.639215,-122.037554,19,Yes    ,Yes              ,1,Offer B,0,No             ,No            ,0.0,0,739.1999999999999,2066.35,79,Medium,7,1,8,Resolved
4671-VJLCL,Female,0,No     ,No        ,63,Yes         ,Yes             ,DSL            ,Yes                ,Yes                ,No                 ,Two year      ,Yes             ,Credit card (automatic)  ,79.85,California,Los Angeles           ,34.108455,-118.362081,36,No     ,No               ,0,Offer B,17,No             ,Yes           ,0.0,0,807.66,5669.11,70,Medium,7,1,8,Resolved
3059-NGMXB,Male  ,0,Yes    ,Yes       ,14,Yes         ,Yes             ,DSL            ,No                 ,No                 ,Yes                ,Month-to-month,No              ,Mailed check             ,69.2,California,San Jose              ,37.257063,-121.923037,52,Yes    ,Yes              ,8,Offer D,76,Yes            ,Yes           ,0.0,0,41.44,986.09,24,Medium,0,3,3,Resolved
5243-SAOTC,Male  ,0,No     ,No        ,54,Yes         ,Yes             ,Fiber optic    ,No                 ,No                 ,No                 ,Month-to-month,Yes             ,Bank transfer (automatic),79.85,California,Bonsall               ,33.290907,-117.202895,36,No     ,No               ,0,Offer B,3,No             ,Yes           ,0.0,0,412.56,4720.81,46,High,1,5,6,Resolved
8318-LCNBW,Male  ,0,Yes    ,No        ,35,No          ,No phone service,DSL            ,No                 ,Yes                ,Yes                ,One year      ,No              ,Credit card (automatic)  ,53.15,California,San Luis Obispo       ,35.236549,-120.727344,53,Yes    ,Yes              ,5,None   ,30,Yes            ,Yes           ,0.0,0,0.0,1930.9,43,Medium,1,5,6,NotResolved
2371-KFUOG,Male  ,0,No     ,No        ,58,Yes         ,No              ,Fiber optic    ,No                 ,Yes                ,Yes                ,One year      ,No              ,Bank transfer (automatic),99.15,California,Escondido             ,33.081478,-117.033814,54,No     ,No               ,0,Offer B,14,Yes            ,Yes           ,0.0,0,1894.86,7615.809999999999,26,Medium,1,3,4,Resolved
7047-FWEYA,Female,0,Yes    ,No        ,46,Yes         ,Yes             ,Fiber optic    ,Yes                ,Yes                ,Yes                ,One year      ,Yes             ,Electronic check         ,103.15,California,San Pedro             ,33.736387,-118.284363,41,Yes    ,Yes              ,3,Offer B,29,Yes            ,No            ,0.0,130,1528.12,6252.77,32,Medium,1,4,5,Resolved
4998-IKFSE,Female,0,No     ,No        ,30,Yes         ,Yes             ,Fiber optic    ,No                 ,Yes                ,Yes                ,Month-to-month,No              ,Electronic check         ,100.45,California,Phelan                ,34.441123,-117.537886,27,No     ,No               ,0,Offer C,59,Yes            ,No            ,0.0,80,1034.7,4211.6,32,High,1,4,5,Resolved
7361-YPXFS,Female,1,No     ,No        ,28,Yes         ,Yes             ,DSL            ,Yes                ,No                 ,No                 ,Month-to-month,No              ,Bank transfer (automatic),64.45,California,Brawley               ,33.03933,-115.191857,67,No     ,No               ,0,None   ,23,No             ,Yes           ,0.0,0,356.16,2223.76,37,High,1,4,5,Resolved
4488-PSYCG,Male  ,0,No     ,No        ,16,Yes         ,No              ,No             ,No internet service,No internet service,No internet service,Month-to-month,No              ,Bank transfer (automatic),20.25,California,Seiad Valley          ,41.924174,-123.260788,24,No     ,No               ,0,Offer D,0,No             ,No            ,0.0,0,336.64,664.0899999999999,83,Low,8,1,9,NotResolved
5669-SRAIP,Female,0,No     ,No        ,5,No          ,No phone service,DSL            ,No                 ,No                 ,Yes                ,Month-to-month,No              ,Electronic check         ,39.5,California,Larkspur              ,37.937082,-122.532369,55,No     ,No               ,0,Offer E,2,Yes            ,Yes           ,39.27,0,0.0,171.48,93,Low,9,1,10,NotResolved
3617-XLSGQ,Female,0,Yes    ,Yes       ,66,Yes         ,Yes             ,Fiber optic    ,No                 ,Yes                ,Yes                ,Two year      ,No              ,Bank transfer (automatic),109.25,California,Modesto               ,37.672906,-120.946594,61,Yes    ,Yes              ,2,None   ,25,Yes            ,No            ,0.0,80,1327.26,8489.76,28,Medium,1,3,4,NotResolved
8328-SKJNO,Male  ,0,No     ,Yes       ,23,No          ,No phone service,DSL            ,Yes                ,No                 ,No                 ,One year      ,No              ,Bank transfer (automatic),40.65,California,Seeley                ,32.790282,-115.689559,61,No     ,No               ,0,None   ,19,No             ,Yes           ,0.0,0,0.0,947.4,43,Medium,1,5,6,Resolved
0265-EDXBD,Male  ,1,Yes    ,No        ,32,Yes         ,Yes             ,Fiber optic    ,No                 ,No                 ,No                 ,Month-to-month,Yes             ,Electronic check         ,74.9,California,Mount Laguna          ,32.830852,-116.444601,76,Yes    ,Yes              ,2,Offer C,10,No             ,Yes           ,0.0,0,1514.88,3818.23,69,Low,6,0,6,Resolved
9518-XXBXE,Male  ,1,Yes    ,No        ,10,Yes         ,No              ,Fiber optic    ,No                 ,No                 ,No                 ,Month-to-month,No              ,Electronic check         ,75.3,California,Patterson             ,37.410236,-121.320337,80,Yes    ,Yes              ,7,None   ,30,No             ,Yes           ,0.0,0,251.3,971.75,41,High,0,5,5,Resolved
7047-YXDMZ,Male  ,0,No     ,No        ,21,Yes         ,No              ,No             ,No internet service,No internet service,No internet service,Month-to-month,No              ,Mailed check             ,20.0,California,Vallejo               ,38.105733,-122.186338,59,No     ,No               ,0,Offer D,0,No             ,No            ,0.0,0,722.19,1139.89,47,Medium,0,5,5,Resolved
4078-SAYYN,Female,0,No     ,No        ,11,Yes         ,Yes             ,Fiber optic    ,No                 ,Yes                ,Yes                ,Month-to-month,Yes             ,Electronic check         ,100.75,California,Burbank               ,34.177267,-118.31003,45,No     ,No               ,0,None   ,28,Yes            ,Yes           ,0.0,0,535.04,1664.79,65,Low,6,1,7,Resolved
8812-ZRHFP,Female,0,Yes    ,Yes       ,30,Yes         ,No              ,Fiber optic    ,No                 ,No                 ,Yes                ,One year      ,No              ,Electronic check         ,86.45,California,San Francisco         ,37.802071,-122.411004,53,Yes    ,No               ,0,Offer C,58,Yes            ,Yes           ,0.0,0,1452.9,3990.95,24,Medium,1,3,4,Resolved
4102-HLENU,Female,0,Yes    ,No        ,67,Yes         ,Yes             ,DSL            ,No                 ,No                 ,No                 ,Two year      ,No              ,Mailed check             ,65.65,California,Auburn                ,38.912881,-121.082766,51,Yes    ,Yes              ,5,None   ,22,No             ,Yes           ,0.0,0,1529.61,5852.46,20,Medium,1,3,4,Resolved
8128-YVJRG,Female,0,No     ,No        ,7,Yes         ,Yes             ,Fiber optic    ,No                 ,No                 ,No                 ,Month-to-month,Yes             ,Mailed check             ,79.65,California,Berkeley              ,37.878554,-122.26609,61,No     ,No               ,0,None   ,18,No             ,Yes           ,0.0,0,282.24,886.94,81,Low,8,1,9,Resolved
2806-MLNTI,Male  ,1,Yes    ,No        ,52,Yes         ,Yes             ,Fiber optic    ,No                 ,Yes                ,Yes                ,One year      ,Yes             ,Bank transfer (automatic),105.1,California,White Water           ,33.972293,-116.654195,79,Yes    ,Yes              ,4,None   ,9,Yes            ,Yes           ,0.0,0,1515.8,6892.2,47,High,0,5,5,Resolved
1576-PFZIW,Male  ,1,Yes    ,No        ,70,Yes         ,No              ,Fiber optic    ,No                 ,Yes                ,Yes                ,Two year      ,No              ,Credit card (automatic)  ,105.35,California,Bakersfield           ,35.383937,-119.020428,70,Yes    ,Yes              ,2,Offer A,7,Yes            ,Yes           ,0.0,0,1013.6,8525.5,34,High,0,4,4,Resolved
6618-RYATB,Female,0,No     ,No        ,1,Yes         ,Yes             ,Fiber optic    ,No                 ,No                 ,No                 ,Month-to-month,Yes             ,Mailed check             ,79.55,California,North Hollywood       ,34.207295,-118.400022,56,No     ,No               ,0,Offer E,10,No             ,Yes           ,0.0,0,5.1,84.64999999999999,93,Low,9,0,9,Resolved
8510-TMWYB,Female,0,Yes    ,Yes       ,54,Yes         ,Yes             ,DSL            ,No                 ,No                 ,No                 ,Two year      ,Yes             ,Bank transfer (automatic),59.8,California,Sacramento            ,38.584505,-121.491956,61,Yes    ,Yes              ,9,None   ,21,No             ,Yes           ,0.0,0,1243.08,4489.53,24,High,0,3,3,Resolved
0877-SDMBN,Female,0,No     ,No        ,54,Yes         ,Yes             ,Fiber optic    ,No                 ,Yes                ,Yes                ,One year      ,Yes             ,Bank transfer (automatic),103.95,California,Parker Dam            ,34.273872,-114.192901,20,No     ,No               ,0,None   ,82,Yes            ,Yes           ,0.0,0,2347.38,7986.43,91,Medium,9,1,10,Resolved
4412-YLTKF,Female,1,No     ,No        ,27,Yes         ,Yes             ,Fiber optic    ,No                 ,No                 ,No                 ,Month-to-month,Yes             ,Electronic check         ,78.05,California,Pico Rivera           ,33.989524,-118.089299,72,No     ,No               ,0,Offer C,18,No             ,No            ,0.0,10,89.91,2235.41,95,Low,9,1,10,Resolved
0376-YMCJC,Male  ,0,No     ,No        ,23,Yes         ,Yes             ,Fiber optic    ,Yes                ,Yes                ,No                 ,Month-to-month,Yes             ,Electronic check         ,90.6,California,Novato                ,38.067204,-122.524004,21,No     ,No               ,0,None   ,69,Yes            ,Yes           ,4.73,0,889.8699999999999,2828.34,82,Low,8,0,8,Resolved
2928-HLDBA,Female,0,No     ,No        ,6,Yes         ,No              ,No             ,No internet service,No internet service,No internet service,Month-to-month,No              ,Mailed check             ,20.7,California,Cypress               ,33.818477,-118.038307,31,No     ,No               ,0,Offer E,0,No             ,No            ,0.0,0,46.32,159.07,47,High,1,5,6,Resolved
3658-KIBGF,Female,0,No     ,No        ,1,Yes         ,No              ,DSL            ,No                 ,No                 ,No                 ,Month-to-month,Yes             ,Electronic check         ,54.9,California,Los Angeles           ,34.137411,-118.328915,19,No     ,No               ,0,None   ,58,Yes            ,Yes           ,0.0,0,44.36,99.26,89,Low,8,1,9,Resolved
2436-QBZFP,Female,0,Yes    ,Yes       ,22,No          ,No phone service,DSL            ,No                 ,Yes                ,No                 ,Month-to-month,No              ,Electronic check         ,39.2,California,Yreka                 ,41.764869,-122.671316,53,Yes    ,Yes              ,4,None   ,19,No             ,No            ,0.0,50,0.0,899.9,25,High,0,3,3,Resolved
8402-OOOHJ,Female,0,No     ,No        ,41,Yes         ,No              ,No             ,No internet service,No internet service,No internet service,Two year      ,No              ,Mailed check             ,20.65,California,Buena Park            ,33.845706,-118.012204,53,No     ,No               ,0,None   ,0,No             ,No            ,0.0,0,1296.42,2131.57,59,High,1,6,7,Resolved
2018-QKYGT,Male  ,0,Yes    ,Yes       ,1,Yes         ,No              ,Fiber optic    ,No                 ,No                 ,Yes                ,Month-to-month,Yes             ,Electronic check         ,81.05,California,San Gabriel           ,34.114772,-118.089431,19,Yes    ,Yes              ,1,None   ,85,Yes            ,Yes           ,0.0,0,36.32,117.37,27,High,0,3,3,Resolved
4633-MKHYU,Female,0,No     ,No        ,9,Yes         ,No              ,Fiber optic    ,No                 ,Yes                ,Yes                ,Month-to-month,Yes             ,Mailed check             ,88.4,California,San Diego             ,32.787836,-117.232376,23,No     ,No               ,0,Offer E,52,Yes            ,Yes           ,0.0,0,319.05,1107.65,32,High,1,4,5,Resolved
9541-ZPSEA,Male  ,0,Yes    ,Yes       ,68,Yes         ,No              ,Fiber optic    ,No                 ,No                 ,No                 ,Two year      ,No              ,Credit card (automatic)  ,80.35,California,San Andreas           ,38.196497,-120.61689,25,Yes    ,Yes              ,8,Offer A,41,No             ,Yes           ,0.0,0,1637.4399999999998,7012.589999999999,33,Medium,0,4,4,Resolved
4632-XJMEX,Male  ,0,No     ,Yes       ,53,Yes         ,No              ,DSL            ,Yes                ,No                 ,No                 ,One year      ,No              ,Credit card (automatic)  ,62.85,California,Fresno                ,36.841655,-119.797113,20,No     ,No               ,0,Offer B,59,No             ,Yes           ,0.0,0,2533.9300000000003,5953.43,24,High,0,3,3,Resolved
4568-TTZRT,Male  ,0,No     ,No        ,9,Yes         ,No              ,No             ,No internet service,No internet service,No internet service,Month-to-month,No              ,Mailed check             ,20.4,California,Auburn                ,38.99003,-121.114408,36,No     ,No               ,0,Offer E,0,No             ,No            ,0.0,0,123.48,305.28000000000003,21,High,0,3,3,Resolved
0428-IKYCP,Male  ,0,Yes    ,No        ,22,Yes         ,No              ,Fiber optic    ,No                 ,Yes                ,No                 ,Month-to-month,Yes             ,Bank transfer (automatic),87.0,California,Sonora                ,37.982716,-120.343732,56,Yes    ,Yes              ,9,None   ,18,No             ,Yes           ,0.0,0,1070.96,2921.61,49,High,1,5,6,Resolved
7786-WBJYI,Female,0,No     ,No        ,4,Yes         ,Yes             ,Fiber optic    ,No                 ,No                 ,No                 ,Month-to-month,No              ,Bank transfer (automatic),77.95,California,Truckee               ,39.342498,-120.247127,31,No     ,No               ,0,None   ,26,No             ,Yes           ,0.0,0,123.8,429.35,89,Low,8,1,9,Resolved
0375-HVGXO,Female,0,No     ,No        ,1,No          ,No phone service,DSL            ,No                 ,Yes                ,No                 ,Month-to-month,Yes             ,Electronic check         ,34.7,California,Los Angeles           ,33.954017,-118.402447,31,No     ,No               ,0,Offer E,8,No             ,Yes           ,0.0,0,0.0,34.7,81,Medium,8,0,8,Resolved
8999-BOHSE,Female,1,No     ,No        ,11,Yes         ,No              ,Fiber optic    ,No                 ,Yes                ,Yes                ,Month-to-month,No              ,Bank transfer (automatic),89.7,California,Gilroy                ,37.03889,-121.528955,68,No     ,No               ,0,None   ,27,No             ,Yes           ,0.0,0,43.56,1091.26,89,Low,8,0,8,NotResolved
3882-IYOIJ,Female,0,Yes    ,Yes       ,60,Yes         ,Yes             ,Fiber optic    ,Yes                ,Yes                ,Yes                ,Two year      ,No              ,Credit card (automatic)  ,115.25,California,Yorba Linda           ,33.897253,-117.792202,41,Yes    ,Yes              ,1,Offer B,28,Yes            ,Yes           ,11.85,0,2599.8,9346.4,36,High,1,4,5,Resolved
1621-YNCJH,Female,0,Yes    ,No        ,36,Yes         ,Yes             ,Fiber optic    ,Yes                ,No                 ,Yes                ,Two year      ,Yes             ,Credit card (automatic)  ,106.05,California,Sacramento            ,38.475465,-121.443625,54,Yes    ,Yes              ,4,None   ,18,Yes            ,No            ,0.0,50,692.64,4577.04,25,Medium,0,3,3,NotResolved
3387-VATUS,Male  ,0,No     ,No        ,5,Yes         ,Yes             ,Fiber optic    ,No                 ,Yes                ,Yes                ,Month-to-month,Yes             ,Bank transfer (automatic),94.85,California,Aromas                ,36.878364,-121.629781,44,No     ,No               ,0,Offer E,19,Yes            ,Yes           ,0.0,0,200.75,663.55,69,Medium,6,0,6,Resolved
5781-RFZRP,Male  ,0,Yes    ,No        ,71,Yes         ,Yes             ,DSL            ,Yes                ,Yes                ,No                 ,Two year      ,No              ,Credit card (automatic)  ,73.5,California,Ladera Ranch          ,33.569186,-117.640055,34,Yes    ,Yes              ,7,None   ,5,No             ,Yes           ,0.0,0,2441.69,7799.44,31,Medium,1,4,5,Resolved
0098-BOWSO,Male  ,0,No     ,No        ,27,Yes         ,No              ,No             ,No internet service,No internet service,No internet service,Month-to-month,Yes             ,Electronic check         ,19.4,California,San Jose              ,37.387027,-121.897775,26,No     ,No               ,0,None   ,0,No             ,No            ,0.0,0,557.82,1087.62,39,High,1,4,5,Resolved
0020-INWCK,Female,0,Yes    ,Yes       ,71,Yes         ,Yes             ,Fiber optic    ,No                 ,No                 ,Yes                ,Two year      ,Yes             ,Credit card (automatic)  ,95.75,California,Woodlake              ,36.464635,-119.094348,58,Yes    ,Yes              ,9,Offer A,12,Yes            ,Yes           ,0.0,0,1935.46,8784.86,26,High,0,3,3,Resolved
1548-ARAGG,Female,0,Yes    ,Yes       ,4,Yes         ,Yes             ,DSL            ,Yes                ,No                 ,No                 ,Month-to-month,Yes             ,Mailed check             ,58.5,California,Cedar Glen            ,34.255203,-117.175654,28,Yes    ,Yes              ,9,None   ,52,No             ,Yes           ,0.0,0,140.8,365.65,23,Medium,1,3,4,Resolved
8490-BXHEO,Male  ,1,No     ,No        ,18,Yes         ,Yes             ,Fiber optic    ,No                 ,No                 ,No                 ,Month-to-month,Yes             ,Credit card (automatic)  ,80.55,California,Lucerne Valley        ,34.508417,-116.856103,67,No     ,No               ,0,None   ,14,No             ,Yes           ,0.0,0,698.22,2109.87,27,High,1,3,4,Resolved
0895-UADGO,Male  ,0,No     ,Yes       ,8,No          ,No phone service,DSL            ,Yes                ,No                 ,Yes                ,Two year      ,Yes             ,Mailed check             ,44.55,California,River Pines           ,38.545775,-120.743325,46,No     ,No               ,0,None   ,4,Yes            ,Yes           ,0.0,0,0.0,343.45,66,Medium,6,0,6,NotResolved
2568-OIADY,Female,0,Yes    ,No        ,37,Yes         ,Yes             ,Fiber optic    ,No                 ,Yes                ,Yes                ,Month-to-month,Yes             ,Electronic check         ,99.5,California,Fort Jones            ,41.5837,-122.935922,26,Yes    ,Yes              ,1,None   ,27,Yes            ,Yes           ,0.0,0,1342.73,5104.73,92,Low,9,0,9,Resolved
2150-WLKUW,Female,0,Yes    ,No        ,40,Yes         ,Yes             ,DSL            ,No                 ,Yes                ,No                 ,One year      ,No              ,Bank transfer (automatic),63.9,California,Banning               ,33.936298,-116.849577,27,Yes    ,Yes              ,4,Offer B,52,No             ,Yes           ,0.0,0,1684.0,4319.0,41,Medium,0,5,5,Resolved
3488-PGMQJ,Male  ,1,No     ,No        ,8,Yes         ,No              ,Fiber optic    ,No                 ,No                 ,No                 ,Month-to-month,Yes             ,Electronic check         ,74.5,California,Alpine                ,32.827184,-116.703729,66,No     ,No               ,0,None   ,7,No             ,Yes           ,0.0,0,14.24,620.79,80,Low,8,0,8,Resolved
7107-UBYKY,Female,0,Yes    ,Yes       ,35,Yes         ,Yes             ,No             ,No internet service,No internet service,No internet service,Month-to-month,Yes             ,Electronic check         ,25.75,California,Sutter                ,39.172777,-121.805845,62,Yes    ,Yes              ,5,Offer C,0,No             ,No            ,0.0,0,866.6,1749.15,49,High,0,5,5,Resolved
8822-KNBHV,Female,0,No     ,No        ,48,Yes         ,Yes             ,DSL            ,No                 ,Yes                ,Yes                ,One year      ,Yes             ,Credit card (automatic)  ,83.45,California,Los Angeles           ,34.00709,-118.258681,30,No     ,No               ,0,None   ,27,Yes            ,Yes           ,0.0,0,2184.48,6072.33,58,High,0,6,6,NotResolved
4304-XUMGI,Male  ,1,Yes    ,Yes       ,50,Yes         ,Yes             ,DSL            ,No                 ,No                 ,Yes                ,Two year      ,Yes             ,Bank transfer (automatic),75.15,California,Moreno Valley         ,33.970661,-117.255039,74,Yes    ,Yes              ,3,None   ,18,Yes            ,Yes           ,0.0,0,1645.0,5467.45,34,High,0,4,4,Resolved
5414-OFQCB,Male  ,0,No     ,No        ,57,Yes         ,Yes             ,Fiber optic    ,Yes                ,Yes                ,No                 ,Two year      ,Yes             ,Credit card (automatic)  ,90.45,California,Hanford               ,36.29223,-119.622676,34,No     ,No               ,0,None   ,10,No             ,No            ,0.0,70,1753.89,7053.6900000000005,24,High,0,3,3,Resolved
9576-ANLXO,Female,0,No     ,No        ,3,Yes         ,No              ,Fiber optic    ,No                 ,No                 ,No                 ,Month-to-month,Yes             ,Bank transfer (automatic),69.55,California,Earlimart             ,35.858054,-119.305858,30,No     ,No               ,0,None   ,30,No             ,Yes           ,0.0,0,78.78,301.08000000000004,87,Low,8,1,9,Resolved
7030-FZTFM,Male  ,0,Yes    ,Yes       ,72,Yes         ,Yes             ,Fiber optic    ,Yes                ,Yes                ,Yes                ,Two year      ,No              ,Credit card (automatic)  ,110.9,California,Gonzales              ,36.52588,-121.396719,31,Yes    ,Yes              ,5,Offer A,11,Yes            ,No            ,0.0,130,3263.04,11315.79,27,High,0,3,3,Resolved
9513-DXHDA,Male  ,0,No     ,No        ,27,Yes         ,No              ,DSL            ,Yes                ,Yes                ,Yes                ,One year      ,No              ,Electronic check         ,81.7,California,Auburn                ,38.912881,-121.082766,58,No     ,No               ,0,None   ,4,Yes            ,Yes           ,0.0,0,1329.75,3542.3,39,High,0,4,4,Resolved
1092-WPIVQ,Female,0,Yes    ,Yes       ,18,Yes         ,Yes             ,No             ,No internet service,No internet service,No internet service,Two year      ,No              ,Mailed check             ,25.1,California,French Gulch          ,40.740138,-122.587476,33,Yes    ,Yes              ,2,Offer D,0,No             ,No            ,14.57,0,712.08,1125.96,55,High,0,6,6,NotResolved
7554-NEWDD,Male  ,0,No     ,No        ,10,Yes         ,Yes             ,No             ,No internet service,No internet service,No internet service,Two year      ,No              ,Bank transfer (automatic),25.7,California,Long Beach            ,33.797638,-118.11662,44,No     ,No               ,0,None   ,0,No             ,No            ,0.0,0,321.0,572.6,8,High,0,1,1,Resolved
5804-LEPIM,Female,1,No     ,No        ,2,Yes         ,No              ,Fiber optic    ,No                 ,No                 ,No                 ,Month-to-month,Yes             ,Electronic check         ,70.35,California,Escondido             ,33.079834,-117.134275,74,No     ,No               ,0,Offer E,10,No             ,Yes           ,0.0,0,26.34,165.39,73,Medium,7,0,7,Resolved
6599-GZWCM,Female,0,No     ,No        ,13,Yes         ,No              ,Fiber optic    ,No                 ,No                 ,No                 ,One year      ,Yes             ,Mailed check             ,74.65,California,San Jose              ,37.305622,-122.000887,39,No     ,No               ,0,None   ,15,No             ,Yes           ,0.0,0,554.06,1520.31,40,High,0,5,5,Resolved
1084-UQCHV,Male  ,0,No     ,Yes       ,1,Yes         ,No              ,Fiber optic    ,No                 ,No                 ,No                 ,Month-to-month,No              ,Bank transfer (automatic),69.75,California,Angelus Oaks          ,34.1678,-116.86433,35,No     ,No               ,0,Offer E,18,No             ,Yes           ,0.0,0,27.97,97.72,66,Low,6,1,7,Resolved
6240-EURKS,Female,0,No     ,Yes       ,18,No          ,No phone service,DSL            ,No                 ,No                 ,Yes                ,Month-to-month,Yes             ,Electronic check         ,35.0,California,Plymouth              ,38.489273,-120.891614,27,No     ,No               ,0,None   ,85,Yes            ,No            ,0.0,70,0.0,623.0,76,Low,7,0,7,Resolved
5829-NVSQN,Female,0,Yes    ,No        ,23,Yes         ,No              ,DSL            ,Yes                ,No                 ,Yes                ,One year      ,Yes             ,Bank transfer (automatic),68.75,California,Gonzales              ,36.52588,-121.396719,38,Yes    ,Yes              ,3,None   ,29,Yes            ,Yes           ,0.0,0,721.97,2411.42,34,Medium,1,4,5,Resolved
2344-JMOGN,Male  ,0,Yes    ,No        ,9,Yes         ,No              ,Fiber optic    ,Yes                ,Yes                ,No                 ,Month-to-month,Yes             ,Mailed check             ,94.85,California,Buttonwillow          ,35.451402,-119.488413,54,Yes    ,Yes              ,1,None   ,6,No             ,Yes           ,0.0,0,157.23,1047.83,72,Low,7,0,7,Resolved
9798-DRYDS,Female,0,Yes    ,Yes       ,17,Yes         ,Yes             ,DSL            ,Yes                ,No                 ,No                 ,One year      ,Yes             ,Mailed check             ,61.95,California,Huntington Beach      ,33.679659,-118.016195,52,Yes    ,Yes              ,6,None   ,25,No             ,Yes           ,0.0,0,809.0300000000001,1879.73,27,High,0,3,3,Resolved
2545-LXYVJ,Male  ,0,Yes    ,No        ,72,Yes         ,No              ,No             ,No internet service,No internet service,No internet service,Two year      ,No              ,Bank transfer (automatic),20.7,California,Suisun City           ,38.197907,-122.017258,19,Yes    ,Yes              ,1,Offer A,0,No             ,No            ,0.0,0,1563.84,3055.94,55,Medium,1,6,7,Resolved
2916-BQZLN,Male  ,0,No     ,No        ,19,Yes         ,Yes             ,Fiber optic    ,No                 ,No                 ,No                 ,Month-to-month,Yes             ,Electronic check         ,84.75,California,Reseda                ,34.200175,-118.540958,29,No     ,No               ,0,None   ,41,No             ,Yes           ,49.38,0,216.98,1819.55,24,High,1,3,4,Resolved
6348-SNFUS,Male  ,0,Yes    ,Yes       ,72,No          ,No phone service,DSL            ,Yes                ,No                 ,Yes                ,Two year      ,Yes             ,Credit card (automatic)  ,55.45,California,Granada Hills         ,34.291273,-118.505104,30,Yes    ,Yes              ,5,Offer A,47,Yes            ,Yes           ,0.0,0,0.0,4179.2,32,Medium,0,4,4,Resolved
2848-YXSMW,Male  ,0,Yes    ,Yes       ,72,Yes         ,No              ,No             ,No internet service,No internet service,No internet service,Two year      ,No              ,Credit card (automatic)  ,19.4,California,Torrance              ,33.840399,-118.353714,38,Yes    ,Yes              ,1,Offer A,0,No             ,No            ,0.0,0,3564.0,4927.25,23,High,0,3,3,Resolved
7326-RIGQZ,Male  ,0,Yes    ,Yes       ,6,Yes         ,No              ,Fiber optic    ,No                 ,No                 ,No                 ,Month-to-month,Yes             ,Electronic check         ,69.8,California,Culver City           ,33.993991,-118.39704,48,Yes    ,Yes              ,9,None   ,20,No             ,Yes           ,0.0,0,231.0,608.85,62,High,6,0,6,Resolved
9795-VOWON,Male  ,0,No     ,No        ,7,No          ,No phone service,DSL            ,No                 ,No                 ,No                 ,One year      ,Yes             ,Credit card (automatic)  ,24.35,California,Los Angeles           ,34.028331,-118.354338,23,No     ,No               ,0,Offer E,48,No             ,Yes           ,0.0,0,0.0,150.85,26,High,1,3,4,Resolved
2018-PZKMU,Male  ,0,Yes    ,Yes       ,9,Yes         ,No              ,Fiber optic    ,Yes                ,Yes                ,Yes                ,Month-to-month,No              ,Electronic check         ,103.1,California,Santa Ana             ,33.748478,-117.858918,32,Yes    ,Yes              ,10,Offer E,57,Yes            ,Yes           ,18.62,0,399.33,1351.16,61,High,6,0,6,Resolved
0357-NVCRI,Female,0,No     ,Yes       ,25,Yes         ,No              ,No             ,No internet service,No internet service,No internet service,Month-to-month,No              ,Credit card (automatic)  ,20.05,California,El Cajon              ,32.832706,-116.873258,41,No     ,No               ,0,Offer C,0,No             ,No            ,0.0,0,321.75,793.45,24,High,1,3,4,Resolved
2905-KFQUV,Female,0,Yes    ,No        ,2,Yes         ,No              ,Fiber optic    ,No                 ,No                 ,No                 ,Month-to-month,Yes             ,Credit card (automatic)  ,70.4,California,Moss Beach            ,37.515556,-122.502311,61,Yes    ,Yes              ,9,None   ,14,No             ,Yes           ,0.0,0,14.98,169.78,39,Medium,0,4,4,Resolved
4232-JGKIY,Male  ,0,No     ,No        ,1,Yes         ,No              ,No             ,No internet service,No internet service,No internet service,Month-to-month,No              ,Electronic check         ,19.2,California,Los Angeles           ,34.00709,-118.258681,22,No     ,No               ,0,None   ,0,No             ,No            ,0.0,0,26.37,45.57,27,High,1,3,4,Resolved
2207-NHRJK,Male  ,0,No     ,No        ,1,Yes         ,No              ,DSL            ,No                 ,No                 ,No                 ,Month-to-month,No              ,Electronic check         ,50.8,California,Carmel                ,36.460611,-121.852507,58,No     ,No               ,0,Offer E,27,No             ,Yes           ,0.0,0,1.28,52.08,85,Low,8,0,8,Resolved
2660-EMUBI,Male  ,1,No     ,No        ,10,Yes         ,Yes             ,Fiber optic    ,No                 ,Yes                ,Yes                ,Month-to-month,Yes             ,Electronic check         ,95.35,California,Fort Jones            ,41.5837,-122.935922,71,No     ,No               ,0,Offer D,14,No             ,Yes           ,0.0,0,413.7,1312.05,75,Low,7,1,8,NotResolved
2520-SGTTA,Female,0,Yes    ,Yes       ,0,Yes         ,No              ,No             ,No internet service,No internet service,No internet service,Two year      ,No              ,Mailed check             ,20.0,California,Ben Lomond            ,37.078873,-122.090386,23,Yes    ,Yes              ,4,Offer E,0,No             ,No            ,0.0,0,200.5,400.5,27,High,1,3,4,Resolved
9507-EXLTT,Female,0,Yes    ,No        ,1,Yes         ,No              ,Fiber optic    ,No                 ,Yes                ,No                 ,Month-to-month,Yes             ,Bank transfer (automatic),79.35,California,Seaside               ,36.625114,-121.823565,30,Yes    ,Yes              ,2,Offer E,52,No             ,Yes           ,0.0,0,23.63,102.98,77,Low,7,1,8,Resolved
1518-OMDIK,Male  ,0,Yes    ,No        ,33,Yes         ,No              ,DSL            ,No                 ,No                 ,No                 ,Month-to-month,Yes             ,Credit card (automatic)  ,44.55,California,Rohnert Park          ,38.34719,-122.697822,23,Yes    ,Yes              ,6,Offer C,51,No             ,Yes           ,0.0,0,1600.17,3062.77,28,High,0,3,3,Resolved
7684-XSZIY,Male  ,0,Yes    ,Yes       ,72,Yes         ,Yes             ,No             ,No internet service,No internet service,No internet service,Two year      ,No              ,Bank transfer (automatic),24.3,California,Loomis                ,38.809175,-121.171375,53,Yes    ,Yes              ,3,Offer A,0,No             ,No            ,0.0,0,1470.2400000000002,3113.49,43,High,1,5,6,Resolved
4061-UKJWL,Male  ,0,No     ,No        ,3,Yes         ,No              ,DSL            ,No                 ,No                 ,No                 ,Month-to-month,No              ,Mailed check             ,45.45,California,San Francisco         ,37.7795,-122.419233,35,No     ,No               ,0,None   ,17,No             ,Yes           ,0.0,0,61.11,202.81,72,High,7,1,8,NotResolved
2324-AALNO,Female,0,No     ,No        ,48,Yes         ,Yes             ,No             ,No internet service,No internet service,No internet service,One year      ,No              ,Bank transfer (automatic),24.55,California,Porterville           ,36.008958,-118.891593,63,No     ,No               ,0,Offer B,0,No             ,No            ,36.04,0,1140.48,2308.3900000000003,41,High,1,5,6,Resolved
6942-LBFDP,Female,0,No     ,No        ,2,Yes         ,No              ,No             ,No internet service,No internet service,No internet service,Month-to-month,Yes             ,Mailed check             ,20.55,California,Bakersfield           ,35.559617,-118.925185,30,No     ,No               ,0,None   ,0,No             ,No            ,0.0,0,33.4,67.0,25,Medium,1,3,4,Resolved
8731-WBBMB,Female,0,Yes    ,No        ,26,Yes         ,No              ,DSL            ,Yes                ,Yes                ,Yes                ,Month-to-month,No              ,Bank transfer (automatic),81.9,California,San Diego             ,32.825086,-117.199424,26,Yes    ,Yes              ,7,None   ,48,Yes            ,Yes           ,44.86,0,291.98,2325.67,55,High,0,6,6,Resolved
6103-LIANB,Male  ,0,Yes    ,Yes       ,59,Yes         ,Yes             ,Fiber optic    ,No                 ,Yes                ,Yes                ,Two year      ,Yes             ,Credit card (automatic)  ,99.5,California,Westminster           ,33.752591,-117.993661,49,Yes    ,Yes              ,3,None   ,16,Yes            ,Yes           ,0.0,0,2424.3100000000004,8286.060000000001,35,High,1,4,5,Resolved
4803-AXVYP,Female,1,No     ,No        ,38,Yes         ,Yes             ,Fiber optic    ,Yes                ,Yes                ,Yes                ,Month-to-month,Yes             ,Electronic check         ,99.55,California,Butte City            ,39.449794,-121.936372,75,No     ,No               ,0,Offer C,2,No             ,Yes           ,0.0,0,1800.82,5535.07,91,Low,10,0,10,Resolved
6574-MCOEH,Female,0,Yes    ,Yes       ,33,Yes         ,Yes             ,DSL            ,Yes                ,Yes                ,Yes                ,One year      ,Yes             ,Electronic check         ,79.15,California,Escondido             ,33.21846,-117.116916,47,Yes    ,Yes              ,2,None   ,18,Yes            ,No            ,0.0,20,1042.47,3593.87,73,High,7,1,8,NotResolved
2404-JIBFC,Female,0,Yes    ,Yes       ,55,Yes         ,Yes             ,DSL            ,Yes                ,Yes                ,Yes                ,Two year      ,Yes             ,Bank transfer (automatic),85.1,California,Anaheim               ,33.818,-117.974404,37,Yes    ,Yes              ,1,None   ,52,Yes            ,Yes           ,0.0,0,461.4500000000001,5119.4,67,Medium,6,1,7,Resolved
3146-MSEGF,Female,1,Yes    ,Yes       ,72,Yes         ,Yes             ,DSL            ,Yes                ,Yes                ,Yes                ,Two year      ,Yes             ,Credit card (automatic)  ,88.05,California,Paramount             ,33.897122,-118.164432,71,Yes    ,Yes              ,1,Offer A,6,Yes            ,Yes           ,0.0,0,1474.56,7900.209999999999,8,Medium,1,1,2,Resolved
2259-OUUSZ,Male  ,0,No     ,No        ,7,No          ,No phone service,DSL            ,Yes                ,No                 ,No                 ,One year      ,Yes             ,Credit card (automatic)  ,35.5,California,San Diego             ,32.71346,-117.236378,28,No     ,No               ,0,Offer E,48,No             ,Yes           ,0.0,0,0.0,249.55,48,Medium,0,5,5,Resolved
2792-LSHWX,Female,0,No     ,No        ,1,Yes         ,No              ,Fiber optic    ,Yes                ,No                 ,No                 ,Month-to-month,Yes             ,Mailed check             ,83.4,California,Fremont               ,37.555473,-122.080312,49,No     ,No               ,0,None   ,9,No             ,Yes           ,0.0,0,43.06,126.46,26,Medium,0,3,3,Resolved
7472-EQOAV,Male  ,1,Yes    ,Yes       ,71,Yes         ,No              ,Fiber optic    ,No                 ,No                 ,No                 ,One year      ,Yes             ,Bank transfer (automatic),86.7,California,Laguna Niguel         ,33.529047,-117.701175,76,Yes    ,Yes              ,5,Offer A,19,No             ,Yes           ,0.0,0,2141.36,8320.710000000001,44,Medium,0,5,5,Resolved
4057-FKCZK,Male  ,0,Yes    ,Yes       ,58,Yes         ,Yes             ,Fiber optic    ,No                 ,Yes                ,No                 ,Two year      ,No              ,Bank transfer (automatic),82.5,California,Prather               ,37.007238,-119.505661,40,Yes    ,Yes              ,1,None   ,24,No             ,Yes           ,0.0,0,1735.94,6563.99,25,Medium,0,3,3,Resolved
8777-MBMTS,Female,1,Yes    ,No        ,65,Yes         ,No              ,Fiber optic    ,Yes                ,Yes                ,Yes                ,Two year      ,Yes             ,Credit card (automatic)  ,105.85,California,West Covina           ,34.061634,-117.893169,65,Yes    ,Yes              ,10,Offer B,9,Yes            ,Yes           ,0.0,0,2371.85,9097.35,80,High,8,0,8,Resolved
7176-WRTNX,Male  ,0,No     ,No        ,70,Yes         ,Yes             ,Fiber optic    ,Yes                ,Yes                ,Yes                ,Two year      ,Yes             ,Bank transfer (automatic),114.95,California,Ventura               ,34.278697,-119.167798,51,No     ,No               ,0,Offer A,30,Yes            ,Yes           ,0.0,0,1024.1,8735.35,26,Medium,1,3,4,Resolved
9231-ZJYAM,Female,1,No     ,No        ,4,Yes         ,No              ,Fiber optic    ,No                 ,Yes                ,No                 ,Month-to-month,Yes             ,Electronic check         ,78.85,California,Squaw Valley          ,36.719141,-119.202677,65,No     ,No               ,0,None   ,18,No             ,Yes           ,0.0,0,147.72,440.52,72,Medium,7,1,8,Resolved
0292-WEGCH,Female,0,Yes    ,Yes       ,54,Yes         ,Yes             ,DSL            ,Yes                ,Yes                ,Yes                ,Month-to-month,Yes             ,Electronic check         ,86.2,California,Death Valley          ,36.27688,-117.033326,40,Yes    ,Yes              ,7,Offer B,12,Yes            ,Yes           ,0.0,0,233.82,4757.87,45,Medium,0,5,5,Resolved
5567-WSELE,Male  ,1,Yes    ,No        ,3,Yes         ,Yes             ,Fiber optic    ,No                 ,Yes                ,Yes                ,Month-to-month,Yes             ,Electronic check         ,94.6,California,Richmond              ,37.945288,-122.383941,70,Yes    ,Yes              ,1,Offer E,27,No             ,Yes           ,0.0,0,96.93,376.48,87,Low,8,1,9,Resolved
4644-PIZRT,Male  ,0,Yes    ,Yes       ,17,Yes         ,Yes             ,DSL            ,No                 ,Yes                ,No                 ,One year      ,Yes             ,Bank transfer (automatic),70.35,California,Long Barn             ,38.109125,-120.078597,36,Yes    ,Yes              ,5,None   ,76,No             ,Yes           ,0.0,0,565.08,1766.73,35,Medium,0,4,4,Resolved
3793-MMFUH,Female,1,No     ,No        ,13,Yes         ,Yes             ,Fiber optic    ,No                 ,Yes                ,Yes                ,Month-to-month,Yes             ,Electronic check         ,95.05,California,Davis                 ,38.544002,-121.685559,73,No     ,No               ,0,None   ,24,Yes            ,Yes           ,0.0,0,247.39,1537.39,90,Low,9,0,9,NotResolved
7148-XZPHA,Male  ,0,Yes    ,Yes       ,55,Yes         ,No              ,Fiber optic    ,Yes                ,No                 ,No                 ,Month-to-month,No              ,Electronic check         ,79.4,California,Rancho Cordova        ,38.602723,-121.279913,43,Yes    ,Yes              ,9,None   ,53,No             ,Yes           ,0.0,0,739.75,4978.2,32,High,0,4,4,Resolved
0685-MLYYM,Female,1,No     ,No        ,2,Yes         ,No              ,Fiber optic    ,No                 ,No                 ,No                 ,Month-to-month,No              ,Electronic check         ,70.75,California,Buena Park            ,33.845706,-118.012204,74,No     ,No               ,0,Offer E,21,No             ,Yes           ,0.0,0,19.72,174.57,96,Low,9,0,9,Resolved
2937-FTHUR,Female,0,No     ,Yes       ,18,Yes         ,Yes             ,DSL            ,No                 ,No                 ,Yes                ,Month-to-month,No              ,Electronic check         ,64.8,California,Cedar Glen            ,34.255203,-117.175654,45,No     ,No               ,0,Offer D,28,Yes            ,Yes           ,0.0,0,764.1,1930.8,37,High,1,4,5,Resolved
6869-FGJJC,Male  ,0,No     ,No        ,68,Yes         ,No              ,Fiber optic    ,No                 ,No                 ,No                 ,One year      ,No              ,Credit card (automatic)  ,79.6,California,Gazelle               ,41.411315,-122.697236,50,No     ,No               ,0,None   ,21,No             ,No            ,3.26,10,1260.04,6728.23,20,High,1,3,4,Resolved
0440-MOGPM,Female,0,No     ,No        ,41,Yes         ,Yes             ,DSL            ,No                 ,Yes                ,Yes                ,One year      ,Yes             ,Electronic check         ,80.55,California,Petaluma              ,38.235021,-122.557332,51,No     ,No               ,0,None   ,12,Yes            ,Yes           ,0.0,0,252.56,3516.46,29,Medium,1,3,4,Resolved
7929-SKFGK,Male  ,0,Yes    ,No        ,70,Yes         ,Yes             ,Fiber optic    ,Yes                ,Yes                ,Yes                ,Two year      ,No              ,Credit card (automatic)  ,114.3,California,Mentone               ,34.103578,-117.04054,23,Yes    ,Yes              ,10,Offer A,30,Yes            ,Yes           ,0.0,0,1517.6,9761.9,24,High,1,3,4,Resolved
8174-LNWMW,Female,0,No     ,No        ,31,Yes         ,No              ,No             ,No internet service,No internet service,No internet service,Two year      ,No              ,Credit card (automatic)  ,20.9,California,Tustin                ,33.738543,-117.785046,52,No     ,No               ,0,None   ,0,No             ,No            ,0.0,0,810.96,1500.31,46,High,1,5,6,Resolved
5309-TAIKL,Female,0,No     ,No        ,7,Yes         ,No              ,DSL            ,Yes                ,No                 ,Yes                ,Month-to-month,No              ,Bank transfer (automatic),62.8,California,Rio Linda             ,38.688764,-121.457596,42,No     ,No               ,0,None   ,21,Yes            ,Yes           ,0.0,0,58.03,476.33,46,High,1,5,6,Resolved
1624-WOIWJ,Female,0,No     ,No        ,10,Yes         ,No              ,Fiber optic    ,No                 ,Yes                ,No                 ,Month-to-month,Yes             ,Mailed check             ,84.7,California,Nicasio               ,38.065359,-122.665566,40,No     ,No               ,0,None   ,18,No             ,Yes           ,12.81,0,456.9,1276.14,69,Low,6,0,6,Resolved
1013-QCWAM,Female,1,Yes    ,No        ,66,Yes         ,Yes             ,Fiber optic    ,No                 ,Yes                ,Yes                ,Month-to-month,Yes             ,Electronic check         ,100.8,California,Garden Grove          ,33.786738,-117.982564,73,Yes    ,No               ,0,Offer A,20,No             ,Yes           ,0.0,0,1851.96,8542.71,32,High,0,4,4,Resolved
6437-UKHMV,Female,0,No     ,No        ,7,Yes         ,No              ,Fiber optic    ,No                 ,Yes                ,No                 ,Month-to-month,Yes             ,Electronic check         ,79.7,California,Moreno Valley         ,33.970661,-117.255039,31,No     ,No               ,0,None   ,16,No             ,Yes           ,0.0,0,202.44,788.49,91,Low,9,0,9,Resolved
6115-ZTBFQ,Female,0,Yes    ,No        ,72,No          ,No phone service,DSL            ,Yes                ,Yes                ,Yes                ,Two year      ,No              ,Bank transfer (automatic),65.5,California,Alamo                 ,37.855717,-121.994813,56,Yes    ,Yes              ,6,None   ,4,Yes            ,Yes           ,0.0,0,0.0,4919.7,25,Medium,1,3,4,Resolved
0999-QXNSA,Male  ,1,No     ,Yes       ,7,Yes         ,No              ,DSL            ,No                 ,No                 ,No                 ,Month-to-month,Yes             ,Mailed check             ,45.75,California,Los Angeles           ,34.089953,-118.294824,72,No     ,No               ,0,None   ,17,No             ,Yes           ,29.0,0,287.98,603.1800000000001,57,High,1,6,7,Resolved
6507-DTJZV,Male  ,0,No     ,Yes       ,13,Yes         ,No              ,DSL            ,No                 ,Yes                ,Yes                ,Month-to-month,No              ,Credit card (automatic)  ,66.4,California,Cardiff By The Sea    ,33.015866,-117.272254,50,No     ,No               ,0,Offer D,17,Yes            ,Yes           ,0.0,0,392.47,1224.22,43,High,0,5,5,Resolved
6496-JDSSB,Female,0,No     ,No        ,8,Yes         ,No              ,Fiber optic    ,No                 ,Yes                ,No                 ,Month-to-month,Yes             ,Bank transfer (automatic),80.0,California,Oak Park              ,34.19225,-118.776874,24,No     ,No               ,0,None   ,73,No             ,Yes           ,0.0,0,319.36,943.96,22,High,0,3,3,Resolved
1810-BOHSY,Male  ,0,Yes    ,No        ,51,Yes         ,Yes             ,Fiber optic    ,No                 ,No                 ,Yes                ,One year      ,Yes             ,Credit card (automatic)  ,96.4,California,Vacaville             ,38.333133,-121.920151,63,Yes    ,Yes              ,7,Offer B,8,Yes            ,Yes           ,0.0,0,1785.0,6696.05,26,Medium,0,3,3,Resolved
7593-XFKDI,Male  ,0,No     ,No        ,1,Yes         ,No              ,DSL            ,No                 ,No                 ,No                 ,Month-to-month,No              ,Mailed check             ,46.3,California,Los Angeles           ,34.085807,-118.206617,39,No     ,No               ,0,None   ,21,No             ,Yes           ,0.0,0,48.22,94.52,73,Low,7,0,7,Resolved
3043-SUDUA,Female,0,No     ,No        ,32,Yes         ,No              ,No             ,No internet service,No internet service,No internet service,Month-to-month,No              ,Bank transfer (automatic),19.9,California,West Sacramento       ,38.592745,-121.540036,35,No     ,No               ,0,Offer C,0,No             ,No            ,0.0,0,496.96,1098.51,29,Medium,1,3,4,Resolved
6855-VLGOS,Male  ,0,Yes    ,Yes       ,72,Yes         ,No              ,No             ,No internet service,No internet service,No internet service,Two year      ,No              ,Electronic check         ,20.55,California,Guerneville           ,38.52576,-123.013347,51,Yes    ,Yes              ,5,None   ,0,No             ,No            ,0.0,0,2671.92,4104.47,41,High,0,5,5,Resolved
9909-IDLEK,Male  ,0,Yes    ,Yes       ,20,Yes         ,Yes             ,Fiber optic    ,Yes                ,Yes                ,No                 ,Month-to-month,No              ,Mailed check             ,96.8,California,Malibu                ,34.074572,-118.831181,32,Yes    ,Yes              ,7,Offer D,23,No             ,Yes           ,0.0,0,841.2,2667.9,26,High,0,3,3,NotResolved
5447-VYTKW,Male  ,0,No     ,No        ,27,Yes         ,No              ,DSL            ,Yes                ,No                 ,No                 ,Month-to-month,No              ,Mailed check             ,53.45,California,Los Angeles           ,34.037251,-118.423573,53,No     ,No               ,0,None   ,28,No             ,Yes           ,0.0,0,407.43,1868.88,75,Medium,7,0,7,Resolved
1935-IMVBB,Male  ,0,Yes    ,No        ,56,Yes         ,No              ,Fiber optic    ,No                 ,Yes                ,Yes                ,Month-to-month,No              ,Mailed check             ,89.7,California,San Diego             ,32.741852,-117.243453,43,Yes    ,Yes              ,1,None   ,14,Yes            ,Yes           ,41.66,0,212.24,5123.53,49,High,1,5,6,Resolved
8623-TMRBY,Male  ,1,Yes    ,Yes       ,51,Yes         ,Yes             ,Fiber optic    ,No                 ,No                 ,No                 ,Month-to-month,Yes             ,Electronic check         ,84.2,California,Chula Vista           ,32.605012,-116.97595,80,Yes    ,Yes              ,2,Offer B,22,No             ,Yes           ,0.0,0,2222.58,6368.63,74,Low,7,1,8,NotResolved
7599-FKVXZ,Male  ,0,Yes    ,No        ,42,Yes         ,Yes             ,Fiber optic    ,Yes                ,Yes                ,Yes                ,Month-to-month,Yes             ,Bank transfer (automatic),106.15,California,South Pasadena        ,34.110444,-118.156957,54,Yes    ,Yes              ,1,None   ,21,Yes            ,Yes           ,0.0,0,101.22,4613.92,93,Low,9,0,9,NotResolved
2657-ALMWY,Female,1,Yes    ,No        ,26,Yes         ,No              ,Fiber optic    ,No                 ,No                 ,Yes                ,Month-to-month,No              ,Electronic check         ,84.95,California,Simi Valley           ,34.269449,-118.768471,65,Yes    ,Yes              ,1,Offer C,3,Yes            ,Yes           ,0.0,0,474.7600000000001,2644.51,75,Medium,7,0,7,NotResolved
9282-IZGQK,Female,0,No     ,No        ,1,Yes         ,Yes             ,Fiber optic    ,No                 ,No                 ,Yes                ,Month-to-month,Yes             ,Electronic check         ,85.0,California,Irvine                ,33.643095,-117.810896,51,No     ,No               ,0,Offer E,30,Yes            ,Yes           ,0.0,0,30.52,115.52,80,Medium,8,1,9,Resolved
7860-KSUGX,Male  ,0,Yes    ,Yes       ,72,Yes         ,Yes             ,DSL            ,No                 ,No                 ,No                 ,Two year      ,No              ,Credit card (automatic)  ,64.45,California,Long Beach            ,33.802664,-118.179971,25,Yes    ,Yes              ,1,Offer A,48,No             ,Yes           ,0.0,0,2352.24,7072.24,74,Medium,7,1,8,Resolved
7627-JKIAZ,Female,0,Yes    ,No        ,37,Yes         ,Yes             ,Fiber optic    ,No                 ,No                 ,No                 ,Month-to-month,Yes             ,Credit card (automatic)  ,78.95,California,San Jose              ,37.350284,-121.852855,62,Yes    ,No               ,0,None   ,29,No             ,Yes           ,0.0,0,1387.13,4226.780000000001,90,Medium,9,0,9,Resolved
0394-YONDK,Male  ,0,Yes    ,Yes       ,70,Yes         ,Yes             ,No             ,No internet service,No internet service,No internet service,Two year      ,No              ,Credit card (automatic)  ,25.15,California,Escondido             ,33.081478,-117.033814,28,Yes    ,No               ,0,None   ,0,No             ,No            ,0.0,0,85.39999999999999,1875.55,39,Medium,0,4,4,Resolved
7639-LIAYI,Male  ,0,No     ,No        ,52,Yes         ,Yes             ,DSL            ,Yes                ,Yes                ,Yes                ,Two year      ,Yes             ,Credit card (automatic)  ,79.75,California,Los Angeles           ,34.061918,-118.277939,23,No     ,No               ,0,Offer B,73,Yes            ,Yes           ,0.0,0,1516.32,5734.12,49,High,1,5,6,Resolved
5882-CMAZQ,Female,0,Yes    ,Yes       ,5,No          ,No phone service,DSL            ,Yes                ,No                 ,No                 ,Month-to-month,No              ,Electronic check         ,34.25,California,National City         ,32.67102,-117.095235,52,Yes    ,Yes              ,9,None   ,19,No             ,Yes           ,0.0,0,0.0,163.55,21,High,0,3,3,Resolved
0374-IOEGQ,Female,0,No     ,No        ,3,Yes         ,No              ,DSL            ,No                 ,No                 ,No                 ,Month-to-month,No              ,Electronic check         ,44.6,California,Gonzales              ,36.52588,-121.396719,62,No     ,No               ,0,None   ,27,No             ,Yes           ,0.0,0,46.77,169.47,74,High,7,1,8,Resolved
5656-MJEFC,Male  ,0,Yes    ,Yes       ,42,No          ,No phone service,DSL            ,Yes                ,Yes                ,No                 ,Two year      ,No              ,Credit card (automatic)  ,48.15,California,Victorville           ,34.486835,-117.362274,48,Yes    ,Yes              ,10,Offer B,8,No             ,Yes           ,0.0,0,0.0,2032.3,25,High,0,3,3,Resolved
8444-WRIDW,Female,1,No     ,No        ,66,Yes         ,Yes             ,Fiber optic    ,No                 ,No                 ,No                 ,Month-to-month,Yes             ,Credit card (automatic)  ,80.45,California,Thousand Oaks         ,34.191842,-118.822796,72,No     ,No               ,0,None   ,24,No             ,No            ,0.0,140,3008.94,8373.29,79,Low,7,0,7,NotResolved
6419-ZTTLE,Male  ,1,Yes    ,No        ,23,Yes         ,No              ,No             ,No internet service,No internet service,No internet service,One year      ,Yes             ,Electronic check         ,20.75,California,Yountville            ,38.421458,-122.365048,69,Yes    ,Yes              ,2,None   ,0,No             ,No            ,37.64,0,1054.09,1501.65,45,High,0,5,5,Resolved
4566-GOLUK,Male  ,0,Yes    ,Yes       ,47,Yes         ,Yes             ,Fiber optic    ,Yes                ,Yes                ,Yes                ,Month-to-month,Yes             ,Bank transfer (automatic),107.35,California,Rosemead              ,34.065108,-118.082791,43,Yes    ,Yes              ,1,None   ,7,Yes            ,Yes           ,0.0,0,1773.7800000000002,6892.73,91,Low,9,1,10,Resolved
9578-FOMUK,Male  ,0,No     ,Yes       ,15,Yes         ,Yes             ,No             ,No internet service,No internet service,No internet service,Month-to-month,Yes             ,Electronic check         ,24.8,California,Santa Clara           ,37.393554,-121.965114,53,No     ,No               ,0,None   ,0,No             ,No            ,12.8,0,488.1,799.4499999999999,57,Medium,0,6,6,Resolved
3870-MQAMG,Female,0,Yes    ,No        ,54,Yes         ,Yes             ,Fiber optic    ,Yes                ,Yes                ,Yes                ,One year      ,No              ,Electronic check         ,110.35,California,Camp Nelson           ,36.057458,-118.591951,21,Yes    ,Yes              ,1,Offer B,71,Yes            ,Yes           ,0.0,0,117.72,6010.87,90,Low,9,0,9,Resolved
0897-FEGMU,Female,0,Yes    ,No        ,11,Yes         ,Yes             ,Fiber optic    ,No                 ,Yes                ,Yes                ,Month-to-month,Yes             ,Electronic check         ,99.5,California,Los Angeles           ,34.072945,-118.37267,43,Yes    ,Yes              ,1,Offer D,26,Yes            ,Yes           ,0.0,0,341.88,1398.83,84,Medium,8,1,9,Resolved
4192-GORJT,Male  ,0,Yes    ,No        ,5,Yes         ,No              ,Fiber optic    ,No                 ,Yes                ,Yes                ,Month-to-month,Yes             ,Electronic check         ,94.45,California,Fremont               ,37.555473,-122.080312,43,Yes    ,Yes              ,1,None   ,24,Yes            ,Yes           ,0.0,0,196.8,694.9000000000001,77,Low,7,1,8,Resolved
6892-XPFPU,Male  ,1,Yes    ,No        ,24,Yes         ,Yes             ,Fiber optic    ,No                 ,Yes                ,Yes                ,Month-to-month,Yes             ,Electronic check         ,104.25,California,Pasadena              ,34.159007,-118.087353,70,Yes    ,Yes              ,3,Offer C,11,Yes            ,Yes           ,0.0,0,1194.24,3628.14,80,Low,8,1,9,Resolved
8166-ZZTFS,Female,1,Yes    ,No        ,66,Yes         ,Yes             ,DSL            ,No                 ,Yes                ,Yes                ,Two year      ,Yes             ,Bank transfer (automatic),80.55,California,Roseville             ,38.736685,-121.251984,74,Yes    ,Yes              ,1,None   ,3,No             ,Yes           ,0.0,0,1432.2,6697.3,94,Medium,9,1,10,Resolved
3247-MHJKM,Male  ,0,No     ,No        ,1,Yes         ,No              ,No             ,No internet service,No internet service,No internet service,Month-to-month,No              ,Mailed check             ,20.2,California,Upland                ,34.141146,-117.655583,27,No     ,No               ,0,None   ,0,No             ,No            ,0.0,0,42.15,62.35,72,Medium,7,0,7,Resolved
7353-YOWFP,Female,0,No     ,No        ,7,Yes         ,No              ,No             ,No internet service,No internet service,No internet service,One year      ,No              ,Mailed check             ,20.25,California,Brookdale             ,37.106902,-122.100006,41,No     ,No               ,0,None   ,0,No             ,No            ,0.0,0,277.13,406.28,54,High,1,6,7,Resolved
5832-XKAES,Male  ,0,No     ,No        ,2,Yes         ,No              ,Fiber optic    ,No                 ,No                 ,No                 ,Month-to-month,Yes             ,Credit card (automatic)  ,69.8,California,Sierraville           ,39.559709,-120.345639,56,No     ,No               ,0,Offer E,27,No             ,Yes           ,0.0,0,75.44,210.14,74,Low,7,1,8,Resolved
3315-IKYZQ,Male  ,0,Yes    ,Yes       ,28,No          ,No phone service,DSL            ,Yes                ,Yes                ,No                 ,One year      ,No              ,Mailed check             ,50.8,California,Los Angeles           ,34.051809,-118.383843,42,Yes    ,Yes              ,2,Offer C,19,No             ,Yes           ,0.0,0,0.0,1386.8,45,High,0,5,5,Resolved
6284-AHOOQ,Male  ,1,No     ,No        ,22,Yes         ,Yes             ,Fiber optic    ,Yes                ,Yes                ,No                 ,Month-to-month,Yes             ,Bank transfer (automatic),90.5,California,Avenal                ,35.916943,-120.129921,71,No     ,No               ,0,None   ,27,No             ,Yes           ,0.0,0,1014.42,2925.02,71,Low,7,1,8,NotResolved
9076-AXYIK,Male  ,1,Yes    ,No        ,64,Yes         ,Yes             ,Fiber optic    ,Yes                ,Yes                ,Yes                ,Two year      ,No              ,Electronic check         ,102.1,California,Nipton                ,35.478736,-115.516984,66,Yes    ,Yes              ,2,None   ,8,Yes            ,Yes           ,0.0,0,1292.16,7830.61,28,High,0,3,3,Resolved
5708-EVONK,Female,0,Yes    ,Yes       ,58,Yes         ,Yes             ,Fiber optic    ,No                 ,No                 ,Yes                ,Month-to-month,Yes             ,Bank transfer (automatic),93.4,California,Cassel                ,40.936285,-121.572692,37,Yes    ,Yes              ,1,None   ,20,Yes            ,Yes           ,0.0,0,211.7,5647.3,73,Low,7,1,8,Resolved
1635-HDGFT,Female,0,No     ,Yes       ,19,Yes         ,No              ,No             ,No internet service,No internet service,No internet service,Two year      ,No              ,Mailed check             ,20.5,California,Manton                ,40.426679,-121.850421,29,No     ,No               ,0,Offer D,0,No             ,No            ,24.07,0,673.5500000000001,1048.0300000000002,69,High,6,0,6,NotResolved
0224-RLWWD,Female,1,No     ,No        ,2,Yes         ,No              ,DSL            ,No                 ,No                 ,No                 ,Month-to-month,Yes             ,Electronic check         ,44.3,California,Calexico              ,32.690654,-115.431225,73,No     ,No               ,0,Offer E,22,No             ,Yes           ,0.0,0,47.82,137.12,44,Medium,0,5,5,Resolved
1025-FALIX,Female,0,No     ,No        ,26,Yes         ,No              ,Fiber optic    ,No                 ,No                 ,No                 ,Month-to-month,Yes             ,Credit card (automatic)  ,69.05,California,Nicolaus              ,38.788898,-121.608624,49,No     ,No               ,0,None   ,30,No             ,Yes           ,0.0,0,975.26,2790.91,23,Medium,1,3,4,NotResolved
4280-DLSHD,Male  ,0,Yes    ,No        ,8,Yes         ,No              ,DSL            ,No                 ,No                 ,No                 ,Month-to-month,Yes             ,Mailed check             ,54.75,California,San Bernardino        ,34.122501,-117.320138,36,Yes    ,Yes              ,10,Offer E,8,No             ,Yes           ,0.0,0,152.0,597.85,47,Medium,1,5,6,Resolved
9695-IDRZR,Female,0,No     ,Yes       ,34,Yes         ,Yes             ,Fiber optic    ,Yes                ,Yes                ,Yes                ,Two year      ,Yes             ,Credit card (automatic)  ,116.15,California,Greenville            ,40.160386,-120.835428,26,No     ,No               ,0,None   ,51,Yes            ,Yes           ,0.0,0,933.98,4880.88,46,High,0,5,5,Resolved
1024-VRZHF,Male  ,0,Yes    ,No        ,11,Yes         ,Yes             ,Fiber optic    ,No                 ,No                 ,No                 ,Month-to-month,Yes             ,Electronic check         ,74.95,California,Encinitas             ,33.054579,-117.25665,39,Yes    ,Yes              ,1,Offer D,30,No             ,Yes           ,0.0,0,237.38,1063.08,70,Low,7,1,8,Resolved
8220-OCUFY,Female,0,No     ,No        ,21,Yes         ,No              ,DSL            ,Yes                ,No                 ,No                 ,One year      ,Yes             ,Electronic check         ,60.25,California,Perris                ,33.828289,-117.201666,30,No     ,No               ,0,None   ,51,No             ,Yes           ,0.0,0,155.61,1413.96,25,High,1,3,4,Resolved
0875-CABNR,Female,1,No     ,No        ,10,Yes         ,No              ,Fiber optic    ,No                 ,No                 ,Yes                ,Month-to-month,Yes             ,Credit card (automatic)  ,84.6,California,San Luis Obispo       ,35.233745,-120.626442,70,No     ,No               ,0,None   ,30,Yes            ,Yes           ,0.0,0,168.5,1034.05,94,Medium,9,1,10,Resolved
8404-GFGCZ,Male  ,0,Yes    ,No        ,4,Yes         ,Yes             ,DSL            ,No                 ,Yes                ,No                 ,Month-to-month,No              ,Electronic check         ,65.6,California,Millville             ,40.531257,-122.148139,49,Yes    ,Yes              ,7,Offer E,3,No             ,Yes           ,0.0,0,40.52,290.62,44,High,0,5,5,Resolved
5919-VCZYM,Male  ,0,No     ,No        ,2,Yes         ,No              ,No             ,No internet service,No internet service,No internet service,Month-to-month,No              ,Mailed check             ,20.05,California,Santa Ana             ,33.714829,-117.872941,19,No     ,No               ,0,None   ,0,No             ,No            ,0.0,0,80.56,123.26,58,High,0,6,6,Resolved
1591-NFNLQ,Male  ,0,No     ,No        ,51,Yes         ,Yes             ,Fiber optic    ,No                 ,No                 ,No                 ,Month-to-month,No              ,Credit card (automatic)  ,80.0,California,Crescent City         ,41.701223,-124.003393,38,No     ,No               ,0,None   ,16,No             ,Yes           ,0.0,0,286.62,4528.97,91,Medium,9,0,9,Resolved
1905-OEILC,Female,0,No     ,No        ,1,Yes         ,No              ,No             ,No internet service,No internet service,No internet service,Month-to-month,No              ,Mailed check             ,19.5,California,Pebble Beach          ,36.587497,-121.944815,42,No     ,No               ,0,Offer E,0,No             ,No            ,0.0,0,20.11,39.61,33,High,0,4,4,Resolved
0895-DQHEW,Male  ,0,Yes    ,No        ,54,Yes         ,Yes             ,Fiber optic    ,No                 ,Yes                ,Yes                ,Month-to-month,Yes             ,Electronic check         ,104.3,California,Burney                ,40.946785,-121.719489,47,Yes    ,Yes              ,1,None   ,23,Yes            ,Yes           ,11.45,0,1914.84,7181.54,77,Low,7,0,7,Resolved
8660-BUETV,Female,0,No     ,No        ,3,Yes         ,No              ,DSL            ,No                 ,No                 ,No                 ,Month-to-month,No              ,Mailed check             ,44.75,California,Riverside             ,33.994676,-117.372498,37,No     ,No               ,0,None   ,13,No             ,No            ,0.0,10,104.67,262.72,20,High,1,3,4,NotResolved
4682-BLBUC,Male  ,0,Yes    ,No        ,44,Yes         ,No              ,DSL            ,Yes                ,Yes                ,No                 ,One year      ,Yes             ,Electronic check         ,70.95,California,La Crescenta          ,34.239636,-118.245259,19,Yes    ,Yes              ,1,None   ,48,No             ,Yes           ,24.92,0,1302.84,4528.37,66,High,6,0,6,Resolved
3148-BLQJT,Male  ,0,No     ,No        ,1,Yes         ,No              ,No             ,No internet service,No internet service,No internet service,Month-to-month,No              ,Mailed check             ,20.1,California,Montague              ,41.759864,-122.379175,33,No     ,No               ,0,Offer E,0,No             ,No            ,0.0,0,16.81,36.91,80,Low,8,0,8,Resolved
8868-GAGIO,Male  ,0,Yes    ,No        ,45,Yes         ,Yes             ,Fiber optic    ,No                 ,No                 ,No                 ,Month-to-month,Yes             ,Mailed check             ,84.55,California,Sunnyvale             ,37.421633,-122.009613,49,Yes    ,Yes              ,8,None   ,15,No             ,Yes           ,0.0,0,1026.0,4739.95,44,Medium,0,5,5,Resolved
7670-ZBPOQ,Female,0,Yes    ,No        ,58,Yes         ,Yes             ,DSL            ,Yes                ,No                 ,No                 ,One year      ,Yes             ,Bank transfer (automatic),61.05,California,Denair                ,37.524721,-120.757977,59,Yes    ,Yes              ,1,Offer B,8,No             ,No            ,0.0,0,1528.88,5007.63,46,High,0,5,5,NotResolved
3090-HAWSU,Male  ,0,No     ,No        ,61,Yes         ,Yes             ,Fiber optic    ,Yes                ,Yes                ,Yes                ,Two year      ,Yes             ,Credit card (automatic)  ,111.6,California,Pasadena              ,34.159007,-118.087353,44,No     ,No               ,0,None   ,11,Yes            ,Yes           ,0.0,0,477.02,7353.070000000001,87,Low,8,0,8,NotResolved
0772-GYEQQ,Male  ,0,No     ,No        ,3,Yes         ,No              ,Fiber optic    ,Yes                ,Yes                ,No                 ,Month-to-month,Yes             ,Mailed check             ,88.35,California,Lodi                  ,38.123544,-121.159078,33,No     ,No               ,0,Offer E,10,No             ,Yes           ,0.0,0,148.2,410.25,93,Low,9,0,9,Resolved
8627-ZYGSZ,Male  ,0,Yes    ,No        ,47,Yes         ,Yes             ,Fiber optic    ,No                 ,No                 ,No                 ,One year      ,Yes             ,Electronic check         ,78.9,California,Compton               ,33.88151,-118.234451,32,Yes    ,Yes              ,8,Offer B,30,No             ,Yes           ,0.0,0,1857.44,5507.79,61,High,6,1,7,Resolved
0691-IFBQW,Female,1,No     ,No        ,46,Yes         ,Yes             ,Fiber optic    ,No                 ,Yes                ,Yes                ,One year      ,Yes             ,Electronic check         ,110.0,California,Biola                 ,36.798882,-120.019511,65,No     ,No               ,0,None   ,20,Yes            ,Yes           ,0.0,0,109.02,4983.820000000001,81,Low,8,0,8,Resolved
0786-IVLAW,Female,1,No     ,No        ,66,Yes         ,Yes             ,Fiber optic    ,No                 ,Yes                ,Yes                ,One year      ,No              ,Bank transfer (automatic),108.1,California,Valley Village        ,34.165783,-118.399795,72,No     ,No               ,0,None   ,28,No             ,Yes           ,0.0,0,235.62,7474.22,20,Medium,0,3,3,Resolved
6961-MJKBO,Male  ,0,No     ,No        ,47,Yes         ,No              ,No             ,No internet service,No internet service,No internet service,Two year      ,No              ,Bank transfer (automatic),20.45,California,Los Angeles           ,34.061918,-118.277939,27,No     ,No               ,0,None   ,0,No             ,No            ,0.0,0,310.67,1253.67,72,High,7,0,7,NotResolved
6691-CCIHA,Female,0,Yes    ,No        ,62,Yes         ,Yes             ,DSL            ,Yes                ,Yes                ,Yes                ,Two year      ,Yes             ,Electronic check         ,84.95,California,Joshua Tree           ,34.167236,-116.281511,46,Yes    ,Yes              ,1,Offer B,28,Yes            ,Yes           ,4.68,0,291.40000000000003,5437.27,39,High,0,4,4,Resolved
0827-ITJPH,Male  ,0,No     ,No        ,36,Yes         ,No              ,No             ,No internet service,No internet service,No internet service,Two year      ,Yes             ,Credit card (automatic)  ,18.55,California,Los Angeles           ,33.958149,-118.308441,33,No     ,No               ,0,Offer C,0,No             ,No            ,0.0,0,306.0,995.0,28,Medium,0,3,3,NotResolved
4324-AHJKS,Female,0,No     ,No        ,5,Yes         ,No              ,DSL            ,No                 ,No                 ,No                 ,Month-to-month,No              ,Credit card (automatic)  ,55.8,California,Buttonwillow          ,35.451402,-119.488413,42,No     ,No               ,0,None   ,26,No             ,Yes           ,0.0,0,124.15,424.55,23,High,1,3,4,Resolved
7493-GVFIO,Male  ,0,No     ,No        ,57,Yes         ,No              ,No             ,No internet service,No internet service,No internet service,Two year      ,No              ,Credit card (automatic)  ,20.55,California,Stockton              ,37.959706,-121.287669,56,No     ,No               ,0,Offer B,0,No             ,No            ,0.0,0,740.4300000000001,1993.28,48,Medium,1,5,6,Resolved
7758-XKCBS,Male  ,0,No     ,No        ,15,No          ,No phone service,DSL            ,Yes                ,No                 ,No                 ,Month-to-month,Yes             ,Electronic check         ,29.7,California,Reseda                ,34.200175,-118.540958,56,No     ,No               ,0,None   ,29,No             ,No            ,0.0,90,0.0,528.25,82,Low,8,1,9,Resolved
6734-JDTTV,Male  ,0,Yes    ,Yes       ,65,Yes         ,No              ,No             ,No internet service,No internet service,No internet service,Two year      ,Yes             ,Credit card (automatic)  ,19.85,California,Manton                ,40.426679,-121.850421,55,Yes    ,Yes              ,5,Offer B,0,No             ,No            ,0.0,0,2175.55,3442.5999999999995,52,Medium,0,6,6,Resolved
5802-ADBRC,Female,0,Yes    ,No        ,50,Yes         ,Yes             ,Fiber optic    ,No                 ,Yes                ,Yes                ,One year      ,Yes             ,Mailed check             ,104.4,California,San Juan Capistrano   ,33.521447,-117.602555,57,Yes    ,Yes              ,7,Offer B,7,Yes            ,Yes           ,0.0,0,1039.5,6272.4,26,Medium,0,3,3,NotResolved
2398-YPMUR,Female,1,Yes    ,No        ,13,Yes         ,No              ,Fiber optic    ,No                 ,No                 ,No                 ,Month-to-month,Yes             ,Electronic check         ,70.15,California,Dinuba                ,36.523619,-119.386868,77,Yes    ,Yes              ,2,None   ,19,No             ,No            ,0.0,90,492.18,1498.93,85,Low,8,0,8,NotResolved
4718-DHSMV,Female,0,No     ,No        ,11,No          ,No phone service,DSL            ,No                 ,Yes                ,No                 ,Month-to-month,Yes             ,Mailed check             ,35.8,California,Llano                 ,34.500091,-117.765862,22,No     ,No               ,0,Offer D,52,No             ,Yes           ,0.0,0,0.0,363.15,44,High,0,5,5,Resolved
5762-TJXGK,Female,0,No     ,No        ,52,No          ,No phone service,DSL            ,No                 ,Yes                ,Yes                ,Two year      ,Yes             ,Bank transfer (automatic),58.75,California,Wheatland             ,39.043387,-121.409837,40,No     ,No               ,0,Offer B,19,Yes            ,Yes           ,0.0,0,0.0,3038.55,21,High,1,3,4,NotResolved
4592-IWTJI,Female,0,Yes    ,Yes       ,3,No          ,No phone service,DSL            ,No                 ,No                 ,No                 ,Month-to-month,No              ,Credit card (automatic)  ,29.7,California,Homewood              ,39.117018,-120.212535,46,Yes    ,Yes              ,1,Offer E,15,No             ,Yes           ,0.0,0,0.0,91.7,84,Low,8,1,9,Resolved
9036-CSKBW,Female,0,No     ,No        ,51,Yes         ,Yes             ,Fiber optic    ,No                 ,Yes                ,Yes                ,One year      ,No              ,Bank transfer (automatic),107.45,California,Los Gatos             ,37.160194,-121.945611,62,No     ,No               ,0,None   ,6,Yes            ,Yes           ,14.76,0,384.54,6050.679999999999,24,Medium,1,3,4,Resolved
9169-BSVIN,Male  ,0,No     ,No        ,12,Yes         ,Yes             ,DSL            ,No                 ,Yes                ,Yes                ,Month-to-month,No              ,Bank transfer (automatic),74.75,California,Winchester            ,33.657433,-117.04254,21,No     ,No               ,0,None   ,53,Yes            ,Yes           ,0.0,0,222.24,1049.29,40,High,0,5,5,Resolved
9800-ONTFE,Female,0,Yes    ,Yes       ,22,Yes         ,Yes             ,Fiber optic    ,No                 ,No                 ,No                 ,Month-to-month,Yes             ,Bank transfer (automatic),75.8,California,Brooks                ,38.809804,-122.241383,59,Yes    ,Yes              ,3,Offer D,58,No             ,Yes           ,0.0,0,102.74,1717.84,37,High,0,4,4,Resolved
7188-CBBBA,Female,0,No     ,No        ,65,Yes         ,Yes             ,Fiber optic    ,No                 ,Yes                ,No                 ,One year      ,Yes             ,Electronic check         ,95.5,California,Rowland Heights       ,33.976753,-117.897367,59,No     ,No               ,0,None   ,6,No             ,No            ,0.0,80,1799.2,8033.05,35,High,1,4,5,Resolved
8821-XNHVZ,Female,0,Yes    ,Yes       ,1,Yes         ,No              ,Fiber optic    ,No                 ,Yes                ,No                 ,Month-to-month,Yes             ,Mailed check             ,80.05,California,Solana Beach          ,33.001813,-117.263628,53,Yes    ,Yes              ,1,None   ,7,No             ,Yes           ,0.0,0,39.79,119.84,82,Medium,8,0,8,NotResolved
9777-WJJPR,Male  ,0,Yes    ,No        ,31,Yes         ,Yes             ,Fiber optic    ,No                 ,Yes                ,No                 ,Month-to-month,No              ,Credit card (automatic)  ,88.65,California,Sacramento            ,38.687367,-121.34848,46,Yes    ,Yes              ,9,None   ,12,No             ,Yes           ,0.0,0,922.87,3606.07,48,High,1,5,6,Resolved
2654-VBVPB,Female,0,No     ,No        ,1,Yes         ,No              ,No             ,No internet service,No internet service,No internet service,Month-to-month,No              ,Bank transfer (automatic),19.9,California,Newport Beach         ,33.62251,-117.927024,22,No     ,No               ,0,None   ,0,No             ,No            ,0.0,0,11.83,31.73,49,High,1,5,6,Resolved
4115-BNPJY,Male  ,0,Yes    ,Yes       ,29,Yes         ,No              ,DSL            ,Yes                ,Yes                ,Yes                ,Two year      ,No              ,Mailed check             ,75.55,California,National City         ,32.67102,-117.095235,60,Yes    ,Yes              ,7,None   ,7,Yes            ,Yes           ,0.0,0,941.34,2995.74,44,High,1,5,6,Resolved
4903-UYAVB,Male  ,0,Yes    ,No        ,5,Yes         ,No              ,No             ,No internet service,No internet service,No internet service,Month-to-month,No              ,Mailed check             ,19.35,California,Lathrop               ,37.80821,-121.308401,53,Yes    ,No               ,0,Offer E,0,No             ,No            ,0.0,0,158.8,284.85,90,Low,9,0,9,Resolved
9027-TMATR,Female,0,Yes    ,No        ,43,Yes         ,No              ,DSL            ,Yes                ,Yes                ,Yes                ,Two year      ,Yes             ,Electronic check         ,78.8,California,Warner Springs        ,33.323705,-116.626907,42,Yes    ,Yes              ,1,None   ,27,Yes            ,Yes           ,24.9,0,1656.79,5092.1900000000005,24,High,0,3,3,Resolved
8988-ECPJR,Female,1,Yes    ,Yes       ,34,Yes         ,Yes             ,Fiber optic    ,No                 ,No                 ,No                 ,Month-to-month,Yes             ,Mailed check             ,79.6,California,Van Nuys              ,34.17847,-118.459472,79,Yes    ,Yes              ,1,Offer C,15,No             ,Yes           ,0.0,0,878.56,3596.86,66,Low,6,0,6,Resolved
0060-FUALY,Female,0,Yes    ,No        ,59,Yes         ,Yes             ,Fiber optic    ,No                 ,Yes                ,No                 ,Month-to-month,Yes             ,Electronic check         ,94.75,California,Los Angeles           ,33.964131,-118.272783,60,Yes    ,Yes              ,4,Offer B,14,No             ,Yes           ,0.0,0,967.01,6564.66,26,Medium,1,3,4,NotResolved
7945-HLKEA,Female,0,No     ,No        ,60,Yes         ,Yes             ,DSL            ,Yes                ,No                 ,No                 ,One year      ,No              ,Electronic check         ,64.75,California,Half Moon Bay         ,37.45567,-122.407992,29,No     ,No               ,0,None   ,27,No             ,No            ,0.0,120,2277.0,6436.5,25,Medium,0,3,3,Resolved
5527-ACHSO,Female,0,No     ,No        ,11,Yes         ,No              ,DSL            ,Yes                ,Yes                ,Yes                ,Month-to-month,No              ,Mailed check             ,70.5,California,Orange                ,33.828779,-117.848299,38,No     ,No               ,0,None   ,12,Yes            ,Yes           ,0.0,0,523.71,1353.01,75,Medium,7,1,8,Resolved
2703-AMTUL,Male  ,0,Yes    ,Yes       ,36,Yes         ,No              ,DSL            ,No                 ,No                 ,No                 ,One year      ,No              ,Mailed check             ,53.65,California,Lookout               ,41.280478,-121.160249,40,Yes    ,Yes              ,2,None   ,19,No             ,Yes           ,0.0,0,288.0,2227.35,37,High,1,4,5,Resolved
2636-ALXXZ,Female,1,No     ,No        ,1,Yes         ,No              ,Fiber optic    ,No                 ,No                 ,No                 ,Month-to-month,Yes             ,Electronic check         ,69.6,California,Tahoe Vista           ,39.24124,-120.054765,68,No     ,No               ,0,Offer E,10,No             ,Yes           ,0.0,0,45.8,115.4,74,Low,7,0,7,Resolved
7854-EDSSA,Male  ,0,No     ,No        ,22,Yes         ,Yes             ,DSL            ,No                 ,No                 ,No                 ,Month-to-month,No              ,Electronic check         ,59.0,California,Santa Rosa            ,38.526941,-122.709096,46,No     ,No               ,0,Offer D,17,No             ,Yes           ,0.0,0,1087.46,2342.16,77,Medium,7,1,8,Resolved
2830-LEWOA,Male  ,0,Yes    ,Yes       ,61,Yes         ,No              ,Fiber optic    ,Yes                ,Yes                ,Yes                ,One year      ,No              ,Credit card (automatic)  ,103.9,California,Jamestown             ,37.84771,-120.486589,37,Yes    ,Yes              ,3,Offer B,19,Yes            ,Yes           ,0.0,0,2627.88,9077.03,28,High,0,3,3,Resolved
7083-MIOPC,Female,0,No     ,No        ,72,Yes         ,No              ,No             ,No internet service,No internet service,No internet service,Two year      ,No              ,Credit card (automatic)  ,20.25,California,Burbank               ,34.174215,-118.345928,62,No     ,No               ,0,None   ,0,No             ,No            ,0.0,0,3049.92,4616.82,49,High,0,5,5,Resolved
3195-TQDZX,Male  ,0,No     ,No        ,3,Yes         ,No              ,No             ,No internet service,No internet service,No internet service,Month-to-month,Yes             ,Electronic check         ,20.25,California,Elk Creek             ,39.53222,-122.594879,19,No     ,No               ,0,None   ,0,No             ,No            ,0.0,0,4.71,66.16,42,High,0,5,5,Resolved
4456-RHSNB,Female,0,Yes    ,Yes       ,19,Yes         ,No              ,DSL            ,No                 ,No                 ,No                 ,Month-to-month,Yes             ,Bank transfer (automatic),49.6,California,San Bernardino        ,34.105935,-117.2914,43,Yes    ,Yes              ,3,None   ,17,No             ,Yes           ,0.0,0,140.98,1103.88,27,Medium,0,3,3,Resolved
2669-OIDSD,Female,0,Yes    ,No        ,48,Yes         ,No              ,Fiber optic    ,Yes                ,Yes                ,Yes                ,Month-to-month,Yes             ,Credit card (automatic)  ,100.05,California,Long Beach            ,33.819814,-118.222416,58,Yes    ,Yes              ,3,Offer B,2,Yes            ,Yes           ,37.45,0,48.96,4845.51,34,High,0,4,4,Resolved
6034-ZRYCV,Female,0,Yes    ,No        ,72,No          ,No phone service,DSL            ,No                 ,Yes                ,Yes                ,Two year      ,Yes             ,Electronic check         ,54.2,California,Sacramento            ,38.691607,-121.602284,51,Yes    ,Yes              ,1,Offer A,15,Yes            ,Yes           ,0.0,0,0.0,3937.45,66,Medium,6,0,6,Resolved
6275-YDUVO,Female,0,No     ,No        ,2,Yes         ,No              ,Fiber optic    ,No                 ,No                 ,Yes                ,Month-to-month,Yes             ,Mailed check             ,86.2,California,Orosi                 ,36.600185,-119.175655,62,No     ,No               ,0,Offer E,27,Yes            ,Yes           ,0.0,0,48.1,226.8,95,Medium,9,1,10,Resolved
1304-SEGFY,Female,0,Yes    ,No        ,72,Yes         ,Yes             ,Fiber optic    ,No                 ,Yes                ,Yes                ,Two year      ,Yes             ,Electronic check         ,97.85,California,National City         ,32.67102,-117.095235,57,Yes    ,Yes              ,7,Offer A,24,Yes            ,Yes           ,0.0,0,184.32,7025.62,22,High,1,3,4,Resolved
1087-UDSIH,Female,0,No     ,No        ,3,Yes         ,No              ,No             ,No internet service,No internet service,No internet service,Month-to-month,Yes             ,Mailed check             ,19.6,California,Concord               ,38.013825,-122.039144,38,No     ,No               ,0,Offer E,0,No             ,No            ,0.0,0,39.84,99.59,81,Medium,8,1,9,NotResolved
5103-MHMHY,Female,0,No     ,Yes       ,1,Yes         ,No              ,DSL            ,No                 ,No                 ,No                 ,Month-to-month,No              ,Mailed check             ,45.95,California,Los Osos              ,35.279984,-120.824288,49,No     ,No               ,0,Offer E,19,No             ,Yes           ,0.0,0,46.17,92.12,82,Low,8,1,9,Resolved
9558-IHEZX,Female,0,No     ,No        ,71,Yes         ,Yes             ,Fiber optic    ,No                 ,Yes                ,Yes                ,Two year      ,Yes             ,Credit card (automatic)  ,106.75,California,Litchfield            ,40.507272,-120.338228,57,No     ,No               ,0,Offer A,10,Yes            ,Yes           ,0.0,0,208.03,7491.28,32,Medium,0,4,4,Resolved
9880-TDQAC,Female,0,Yes    ,Yes       ,72,No          ,No phone service,DSL            ,Yes                ,Yes                ,Yes                ,Two year      ,Yes             ,Electronic check         ,60.0,California,El Cajon              ,32.832706,-116.873258,63,Yes    ,Yes              ,3,None   ,16,Yes            ,Yes           ,25.67,0,0.0,4238.33,43,High,1,5,6,Resolved
4139-SUGLD,Male  ,0,Yes    ,Yes       ,31,No          ,No phone service,DSL            ,Yes                ,No                 ,No                 ,Month-to-month,No              ,Bank transfer (automatic),35.4,California,Santa Clara           ,37.393554,-121.965114,41,Yes    ,Yes              ,1,None   ,23,No             ,Yes           ,0.0,0,0.0,1077.5,77,Low,7,0,7,Resolved
1064-FBXNK,Male  ,0,Yes    ,Yes       ,1,Yes         ,No              ,No             ,No internet service,No internet service,No internet service,One year      ,No              ,Credit card (automatic)  ,19.85,California,Sacramento            ,38.494832,-121.529447,55,Yes    ,Yes              ,5,None   ,0,No             ,No            ,0.0,0,47.46,67.31,20,Medium,0,3,3,NotResolved
8087-LGYHQ,Male  ,0,No     ,No        ,9,Yes         ,No              ,Fiber optic    ,No                 ,Yes                ,Yes                ,Month-to-month,Yes             ,Electronic check         ,94.05,California,Crestline             ,34.248061,-117.29028,40,No     ,No               ,0,Offer E,14,Yes            ,Yes           ,0.0,0,139.76999999999998,951.42,42,High,1,5,6,Resolved
5392-AKEMH,Female,0,No     ,No        ,12,Yes         ,No              ,DSL            ,No                 ,No                 ,No                 ,Month-to-month,Yes             ,Electronic check         ,45.05,California,Vista                 ,33.17494,-117.242761,50,No     ,No               ,0,None   ,12,No             ,Yes           ,0.0,0,374.64,897.74,37,High,1,4,5,Resolved
6906-ANDWJ,Male  ,0,Yes    ,Yes       ,15,Yes         ,Yes             ,Fiber optic    ,No                 ,No                 ,No                 ,Month-to-month,Yes             ,Bank transfer (automatic),74.9,California,Vina                  ,39.955164,-122.018567,39,Yes    ,Yes              ,1,Offer D,15,No             ,Yes           ,0.0,0,519.45,1626.7,90,Low,9,1,10,Resolved
7569-NMZYQ,Female,0,Yes    ,Yes       ,72,Yes         ,Yes             ,Fiber optic    ,Yes                ,Yes                ,Yes                ,Two year      ,Yes             ,Bank transfer (automatic),118.75,California,Middletown            ,38.787446,-122.58675,33,Yes    ,Yes              ,1,None   ,53,Yes            ,Yes           ,0.0,0,2962.08,11634.53,49,High,0,5,5,NotResolved
4385-GZQXV,Female,1,No     ,No        ,16,Yes         ,No              ,Fiber optic    ,Yes                ,Yes                ,Yes                ,Month-to-month,Yes             ,Electronic check         ,94.45,California,Ontario               ,34.074087,-117.605618,68,No     ,No               ,0,Offer D,9,Yes            ,Yes           ,0.0,0,150.88,1662.08,81,Low,8,1,9,Resolved
3571-RFHAR,Male  ,0,No     ,No        ,65,Yes         ,Yes             ,Fiber optic    ,Yes                ,Yes                ,Yes                ,Month-to-month,Yes             ,Electronic check         ,109.15,California,Santa Paula           ,34.402343,-119.094824,60,No     ,No               ,0,Offer B,4,Yes            ,No            ,0.0,140,608.4,7689.599999999999,91,Low,9,1,10,Resolved
5424-RLQLC,Male  ,0,No     ,No        ,10,Yes         ,No              ,DSL            ,No                 ,Yes                ,No                 ,Month-to-month,Yes             ,Mailed check             ,59.65,California,Bonsall               ,33.290907,-117.202895,36,No     ,No               ,0,Offer D,25,No             ,No            ,0.0,90,14.8,743.75,20,Medium,0,3,3,Resolved
2832-SCUCO,Female,0,No     ,No        ,2,Yes         ,No              ,No             ,No internet service,No internet service,No internet service,Month-to-month,No              ,Electronic check         ,19.9,California,Kirkwood              ,38.631489,-120.015167,52,No     ,No               ,0,Offer E,0,No             ,No            ,0.0,0,53.8,111.2,40,High,0,5,5,Resolved
4317-VTEOA,Male  ,0,No     ,No        ,1,Yes         ,No              ,DSL            ,No                 ,No                 ,No                 ,Month-to-month,Yes             ,Electronic check         ,50.75,California,Rowland Heights       ,33.976753,-117.897367,61,No     ,No               ,0,Offer E,3,No             ,Yes           ,0.0,0,43.03,93.78,93,Low,9,0,9,Resolved
2817-LVCPP,Female,0,No     ,No        ,50,Yes         ,No              ,No             ,No internet service,No internet service,No internet service,Two year      ,No              ,Credit card (automatic)  ,19.4,California,Sacramento            ,38.512569,-121.495184,36,No     ,No               ,0,None   ,0,No             ,No            ,0.0,0,631.0,1654.95,41,High,1,5,6,Resolved
2408-TZMJL,Male  ,0,Yes    ,No        ,59,Yes         ,Yes             ,Fiber optic    ,No                 ,Yes                ,Yes                ,One year      ,Yes             ,Electronic check         ,110.15,California,Gualala               ,38.848082,-123.50608,43,Yes    ,Yes              ,1,Offer B,26,Yes            ,Yes           ,0.0,0,1339.89,7787.94,90,Low,9,0,9,Resolved
8748-HFWBO,Male  ,0,Yes    ,Yes       ,19,Yes         ,No              ,No             ,No internet service,No internet service,No internet service,One year      ,No              ,Mailed check             ,19.9,California,Camino                ,38.748316,-120.675512,49,Yes    ,Yes              ,2,Offer D,0,No             ,No            ,0.0,0,616.93,974.63,29,High,0,3,3,Resolved
4795-WRNVT,Female,0,No     ,No        ,40,Yes         ,No              ,DSL            ,No                 ,Yes                ,No                 ,Month-to-month,No              ,Mailed check             ,65.1,California,Pomona                ,34.067932,-117.785168,32,No     ,No               ,0,None   ,26,No             ,Yes           ,0.0,0,462.4,3048.4,54,Medium,1,6,7,Resolved
6849-WLEYG,Male  ,0,No     ,Yes       ,1,Yes         ,No              ,No             ,No internet service,No internet service,No internet service,Month-to-month,No              ,Mailed check             ,19.75,California,Emeryville            ,37.83726,-122.287648,43,No     ,No               ,0,None   ,0,No             ,No            ,0.0,0,11.91,31.66,92,Medium,9,0,9,Resolved
1245-HARPS,Female,0,Yes    ,No        ,14,Yes         ,No              ,No             ,No internet service,No internet service,No internet service,Two year      ,No              ,Mailed check             ,20.4,California,Janesville            ,40.294034,-120.512622,46,Yes    ,No               ,0,None   ,0,No             ,No            ,0.0,0,204.54,496.94,73,Medium,7,1,8,Resolved
5940-NFXKV,Male  ,0,Yes    ,Yes       ,19,Yes         ,Yes             ,Fiber optic    ,No                 ,No                 ,Yes                ,Month-to-month,Yes             ,Electronic check         ,83.65,California,Rancho Santa Fe       ,32.99356,-117.207121,59,Yes    ,Yes              ,1,None   ,25,Yes            ,No            ,0.0,130,267.71,1863.46,88,Low,8,0,8,Resolved
6285-FTQBF,Male  ,0,Yes    ,Yes       ,72,Yes         ,Yes             ,No             ,No internet service,No internet service,No internet service,Two year      ,No              ,Credit card (automatic)  ,25.55,California,Hawthorne             ,33.914775,-118.348083,53,Yes    ,Yes              ,4,Offer A,0,No             ,No            ,0.0,0,2651.04,4518.74,40,High,0,5,5,Resolved
5356-RHIPP,Male  ,0,No     ,No        ,1,Yes         ,No              ,No             ,No internet service,No internet service,No internet service,Month-to-month,Yes             ,Mailed check             ,20.2,California,Dinuba                ,36.523619,-119.386868,38,No     ,No               ,0,Offer E,0,No             ,No            ,0.0,0,45.49,65.69,81,Low,8,0,8,Resolved
4683-WYDOU,Male  ,0,Yes    ,No        ,62,Yes         ,Yes             ,Fiber optic    ,Yes                ,Yes                ,Yes                ,Two year      ,Yes             ,Bank transfer (automatic),107.6,California,Rancho Palos Verdes   ,33.753146,-118.367459,54,Yes    ,Yes              ,8,None   ,28,Yes            ,Yes           ,0.0,0,2146.44,9059.14,40,High,0,5,5,Resolved
9391-EOYLI,Male  ,1,Yes    ,No        ,12,Yes         ,No              ,Fiber optic    ,No                 ,No                 ,Yes                ,Month-to-month,Yes             ,Electronic check         ,80.45,California,Lewiston              ,40.704293,-122.803899,77,Yes    ,Yes              ,1,Offer D,19,No             ,Yes           ,0.0,0,83.64,1033.84,69,Low,6,1,7,Resolved
9134-CEQMF,Male  ,1,Yes    ,No        ,7,Yes         ,No              ,Fiber optic    ,No                 ,Yes                ,Yes                ,Month-to-month,Yes             ,Electronic check         ,89.5,California,Nice                  ,39.12334,-122.838198,75,Yes    ,Yes              ,1,Offer E,27,No             ,Yes           ,0.0,0,95.41,772.11,89,Low,8,0,8,Resolved
8050-XGRVL,Female,0,Yes    ,Yes       ,62,Yes         ,No              ,DSL            ,No                 ,No                 ,No                 ,One year      ,No              ,Credit card (automatic)  ,54.75,California,Millville             ,40.531257,-122.148139,22,Yes    ,Yes              ,5,Offer B,71,No             ,Yes           ,8.5,0,2041.04,5457.89,71,High,7,0,7,Resolved
8290-YWKHZ,Female,1,Yes    ,No        ,32,Yes         ,Yes             ,Fiber optic    ,No                 ,Yes                ,Yes                ,Month-to-month,Yes             ,Electronic check         ,93.2,California,Apple Valley          ,34.55082,-117.122396,69,Yes    ,Yes              ,1,None   ,6,No             ,Yes           ,17.88,0,1079.68,3992.8,90,Medium,9,1,10,Resolved
4833-QTJNO,Male  ,1,Yes    ,No        ,67,Yes         ,Yes             ,Fiber optic    ,No                 ,No                 ,No                 ,Month-to-month,No              ,Bank transfer (automatic),83.85,California,Coulterville          ,37.722127,-120.110174,66,Yes    ,Yes              ,10,None   ,20,No             ,Yes           ,0.0,0,3008.3,8597.1,49,Medium,1,5,6,Resolved
5600-KTXFM,Male  ,0,Yes    ,Yes       ,2,Yes         ,No              ,Fiber optic    ,No                 ,No                 ,No                 ,Month-to-month,No              ,Mailed check             ,69.95,California,Ventura               ,34.278697,-119.167798,48,Yes    ,Yes              ,6,Offer E,19,No             ,Yes           ,0.0,0,58.2,202.1,46,Medium,1,5,6,Resolved
8467-WYNSR,Male  ,0,No     ,No        ,22,Yes         ,No              ,DSL            ,Yes                ,No                 ,No                 ,Month-to-month,No              ,Mailed check             ,55.1,California,Clayton               ,37.881842,-121.848111,62,No     ,No               ,0,None   ,15,No             ,Yes           ,0.0,0,816.42,2069.57,62,Medium,6,1,7,Resolved
3398-ZOUAA,Male  ,1,Yes    ,No        ,21,Yes         ,No              ,Fiber optic    ,No                 ,No                 ,No                 ,Month-to-month,Yes             ,Electronic check         ,69.1,California,Redwood City          ,37.499411,-122.196318,76,Yes    ,Yes              ,1,Offer D,18,No             ,Yes           ,0.0,0,414.54,1889.29,67,Low,6,0,6,NotResolved
1363-TXLSL,Male  ,1,Yes    ,No        ,1,Yes         ,No              ,Fiber optic    ,No                 ,No                 ,No                 ,Month-to-month,Yes             ,Electronic check         ,70.3,California,San Lucas             ,36.125529,-120.864443,80,Yes    ,No               ,0,Offer E,27,No             ,Yes           ,0.0,0,39.1,109.4,91,Low,10,1,11,Resolved
4081-DYXAV,Female,0,No     ,No        ,19,No          ,No phone service,DSL            ,No                 ,Yes                ,Yes                ,One year      ,Yes             ,Credit card (automatic)  ,44.85,California,San Jose              ,37.294926,-121.894763,27,No     ,No               ,0,None   ,48,Yes            ,Yes           ,0.0,0,0.0,893.55,72,Medium,7,0,7,Resolved
9845-PEEKO,Female,1,No     ,No        ,59,Yes         ,Yes             ,Fiber optic    ,No                 ,No                 ,No                 ,Two year      ,Yes             ,Credit card (automatic)  ,79.2,California,Brookdale             ,37.106902,-122.100006,71,No     ,No               ,0,None   ,2,No             ,Yes           ,0.0,0,361.67,4952.02,25,High,1,3,4,NotResolved
1583-IHQZE,Male  ,0,No     ,No        ,12,Yes         ,Yes             ,Fiber optic    ,Yes                ,Yes                ,Yes                ,Month-to-month,Yes             ,Mailed check             ,112.95,California,Camarillo             ,34.227846,-119.079903,60,No     ,No               ,0,None   ,23,Yes            ,Yes           ,0.0,0,197.4,1582.15,90,Low,9,0,9,Resolved
8155-IBNHG,Female,0,Yes    ,No        ,24,Yes         ,Yes             ,Fiber optic    ,No                 ,No                 ,No                 ,Month-to-month,Yes             ,Credit card (automatic)  ,75.4,California,San Diego             ,32.747484,-117.166877,55,Yes    ,Yes              ,1,None   ,29,No             ,Yes           ,0.0,0,425.52,2173.37,74,Medium,7,0,7,Resolved
5049-GLYVG,Male  ,0,No     ,No        ,1,Yes         ,No              ,No             ,No internet service,No internet service,No internet service,Month-to-month,No              ,Mailed check             ,20.6,California,Badger                ,36.64545,-118.924982,56,No     ,No               ,0,Offer E,0,No             ,No            ,0.0,0,47.26,67.86,90,Low,9,1,10,NotResolved
1977-STDKI,Female,1,No     ,No        ,1,Yes         ,No              ,Fiber optic    ,No                 ,No                 ,No                 ,Month-to-month,Yes             ,Electronic check         ,73.0,California,The Sea Ranch         ,38.696659,-123.436861,72,No     ,No               ,0,None   ,5,No             ,Yes           ,0.0,0,20.55,93.55,76,Low,7,1,8,Resolved
3016-KSVCP,Male  ,0,Yes    ,No        ,29,No          ,No phone service,DSL            ,No                 ,Yes                ,No                 ,Month-to-month,No              ,Mailed check             ,33.75,California,Rancho Palos Verdes   ,33.753146,-118.367459,47,Yes    ,Yes              ,4,Offer C,22,No             ,Yes           ,0.0,0,0.0,1009.25,62,Medium,6,1,7,Resolved
4942-VZZOM,Male  ,0,Yes    ,No        ,64,Yes         ,Yes             ,DSL            ,No                 ,Yes                ,No                 ,One year      ,Yes             ,Credit card (automatic)  ,66.15,California,Tupman                ,35.316263,-119.402559,40,Yes    ,Yes              ,3,Offer B,2,No             ,Yes           ,0.0,0,2397.44,6789.9400000000005,25,Medium,0,3,3,NotResolved
1423-BMPBQ,Female,0,Yes    ,Yes       ,1,Yes         ,No              ,No             ,No internet service,No internet service,No internet service,Month-to-month,Yes             ,Mailed check             ,19.0,California,Anaheim               ,33.850452,-117.726668,62,Yes    ,Yes              ,1,Offer E,0,No             ,No            ,0.0,0,28.28,47.28,44,High,1,5,6,Resolved
6397-JNZZG,Female,1,Yes    ,No        ,43,No          ,No phone service,DSL            ,No                 ,Yes                ,Yes                ,Month-to-month,No              ,Credit card (automatic)  ,55.55,California,Adin                  ,41.171578,-120.913161,70,Yes    ,Yes              ,1,Offer B,21,No             ,Yes           ,0.0,0,0.0,2342.2,85,Low,8,1,9,Resolved
2267-FPIMA,Male  ,0,Yes    ,No        ,50,Yes         ,Yes             ,Fiber optic    ,No                 ,No                 ,Yes                ,Month-to-month,Yes             ,Credit card (automatic)  ,94.4,California,San Carlos            ,37.497915,-122.267361,27,Yes    ,Yes              ,1,Offer B,47,Yes            ,Yes           ,0.0,0,878.9999999999999,5793.9,21,High,1,3,4,Resolved
5380-AFSSK,Female,0,No     ,No        ,5,Yes         ,Yes             ,Fiber optic    ,No                 ,Yes                ,Yes                ,Month-to-month,Yes             ,Mailed check             ,93.9,California,Bella Vista           ,40.722733,-122.109666,44,No     ,No               ,0,None   ,10,Yes            ,Yes           ,0.0,0,232.25,719.1,92,Low,9,1,10,Resolved
0322-CHQRU,Male  ,0,No     ,No        ,2,Yes         ,No              ,DSL            ,No                 ,No                 ,No                 ,Month-to-month,No              ,Electronic check         ,45.35,California,Palmdale              ,34.598221,-117.79593,63,No     ,No               ,0,None   ,9,No             ,Yes           ,0.0,0,50.98,140.48,81,Low,8,1,9,Resolved
7055-JCGNI,Female,0,No     ,No        ,70,Yes         ,Yes             ,Fiber optic    ,Yes                ,Yes                ,Yes                ,Two year      ,Yes             ,Credit card (automatic)  ,111.95,California,Moss Beach            ,37.515556,-122.502311,60,No     ,No               ,0,Offer A,26,Yes            ,Yes           ,0.0,0,3119.9,10915.85,25,High,1,3,4,Resolved
2000-DHJUY,Female,1,Yes    ,No        ,70,Yes         ,Yes             ,DSL            ,Yes                ,Yes                ,Yes                ,Two year      ,Yes             ,Bank transfer (automatic),92.2,California,Menlo Park            ,37.449551,-122.183762,67,Yes    ,Yes              ,1,Offer A,21,Yes            ,Yes           ,0.0,0,1306.9,7781.35,44,High,0,5,5,Resolved
8859-YSTWS,Male  ,0,No     ,No        ,48,Yes         ,No              ,No             ,No internet service,No internet service,No internet service,One year      ,No              ,Bank transfer (automatic),19.95,California,Port Hueneme          ,34.110124,-119.100972,43,No     ,No               ,0,Offer B,0,No             ,No            ,0.0,0,528.96,1533.46,44,High,1,5,6,Resolved
1545-ACTAS,Female,0,Yes    ,Yes       ,48,Yes         ,No              ,Fiber optic    ,No                 ,Yes                ,Yes                ,One year      ,Yes             ,Bank transfer (automatic),99.7,California,West Covina           ,34.061634,-117.893169,53,Yes    ,Yes              ,2,Offer B,29,Yes            ,Yes           ,0.0,0,1736.64,6713.84,29,Medium,1,3,4,Resolved
5799-JRCZO,Female,0,No     ,Yes       ,63,Yes         ,No              ,No             ,No internet service,No internet service,No internet service,Two year      ,No              ,Credit card (automatic)  ,19.5,California,North San Juan        ,39.423046,-120.984472,48,No     ,No               ,0,None   ,0,No             ,No            ,0.0,0,1532.16,2747.26,44,High,1,5,6,Resolved
1099-GODLO,Female,0,Yes    ,Yes       ,1,Yes         ,No              ,No             ,No internet service,No internet service,No internet service,Two year      ,No              ,Mailed check             ,20.35,California,Berkeley              ,37.878554,-122.26609,62,Yes    ,Yes              ,9,None   ,0,No             ,No            ,0.0,0,30.09,50.44,38,High,0,4,4,Resolved
7439-DKZTW,Male  ,0,No     ,No        ,1,Yes         ,No              ,Fiber optic    ,No                 ,Yes                ,No                 ,Month-to-month,Yes             ,Electronic check         ,80.55,California,Paicines              ,36.525703,-120.952122,49,No     ,No               ,0,None   ,19,No             ,No            ,0.0,60,5.93,146.48000000000002,21,High,1,3,4,Resolved
3717-OFRTN,Male  ,0,No     ,No        ,1,Yes         ,No              ,No             ,No internet service,No internet service,No internet service,Month-to-month,No              ,Bank transfer (automatic),19.75,California,Dublin                ,37.713926,-121.928425,48,No     ,No               ,0,Offer E,0,No             ,No            ,0.0,0,5.32,25.07,43,High,0,5,5,Resolved
3744-ZRRDZ,Male  ,0,No     ,No        ,21,Yes         ,Yes             ,Fiber optic    ,No                 ,No                 ,No                 ,Month-to-month,Yes             ,Electronic check         ,82.35,California,Torrance              ,33.833699,-118.314387,25,No     ,No               ,0,Offer D,48,Yes            ,Yes           ,0.0,0,267.96,2120.81,90,Low,9,0,9,Resolved
6300-BWMJX,Female,0,Yes    ,No        ,59,Yes         ,Yes             ,Fiber optic    ,Yes                ,Yes                ,No                 ,Month-to-month,No              ,Electronic check         ,93.35,California,Valencia              ,34.43987,-118.644609,45,Yes    ,Yes              ,1,None   ,26,No             ,Yes           ,36.07,0,1226.02,6576.450000000001,44,Medium,1,5,6,Resolved
7643-RCHXS,Female,0,Yes    ,Yes       ,63,Yes         ,No              ,No             ,No internet service,No internet service,No internet service,Two year      ,No              ,Electronic check         ,19.35,California,Montgomery Creek      ,40.877552,-121.885884,31,Yes    ,No               ,0,Offer B,0,No             ,No            ,0.0,0,2635.92,3899.77,23,High,0,3,3,Resolved
6116-RFVHN,Female,0,Yes    ,No        ,34,Yes         ,Yes             ,Fiber optic    ,No                 ,Yes                ,Yes                ,Month-to-month,Yes             ,Electronic check         ,100.45,California,Roseville             ,38.784329,-121.373245,20,Yes    ,Yes              ,10,Offer C,47,Yes            ,Yes           ,0.0,0,1199.86,4614.51,42,High,1,5,6,Resolved
6954-OOYZZ,Male  ,0,Yes    ,No        ,18,Yes         ,No              ,DSL            ,No                 ,No                 ,No                 ,Month-to-month,Yes             ,Bank transfer (automatic),44.35,California,Los Angeles           ,34.048013,-118.293953,41,Yes    ,Yes              ,10,Offer D,17,No             ,Yes           ,0.0,0,826.5600000000001,1594.61,44,Medium,0,5,5,Resolved
9481-IEBZY,Male  ,1,Yes    ,No        ,72,Yes         ,Yes             ,Fiber optic    ,Yes                ,Yes                ,Yes                ,Month-to-month,Yes             ,Credit card (automatic)  ,112.9,California,Nuevo                 ,33.82769,-117.102244,69,Yes    ,Yes              ,6,Offer A,14,Yes            ,No            ,0.0,20,2181.6,10263.1,29,Medium,0,3,3,NotResolved
9667-TKTVZ,Female,0,No     ,No        ,2,Yes         ,Yes             ,DSL            ,Yes                ,No                 ,No                 ,Month-to-month,Yes             ,Mailed check             ,54.35,California,Los Osos              ,35.279984,-120.824288,38,No     ,No               ,0,None   ,7,No             ,Yes           ,0.0,0,51.62,168.67,71,High,7,1,8,NotResolved
1407-DIGZV,Female,0,Yes    ,Yes       ,3,Yes         ,No              ,No             ,No internet service,No internet service,No internet service,Two year      ,No              ,Mailed check             ,19.1,California,Redding               ,40.677649,-122.29467,32,Yes    ,Yes              ,9,None   ,0,No             ,No            ,0.0,0,135.99,187.99,30,High,0,4,4,Resolved
7841-TZDMQ,Male  ,0,No     ,No        ,2,Yes         ,No              ,DSL            ,No                 ,No                 ,No                 ,Month-to-month,Yes             ,Credit card (automatic)  ,46.0,California,Sun Valley            ,34.231053,-118.338307,19,No     ,No               ,0,None   ,41,Yes            ,Yes           ,0.0,0,99.62,184.12,76,Medium,7,0,7,Resolved
2538-OIMXF,Female,0,No     ,Yes       ,1,No          ,No phone service,DSL            ,No                 ,No                 ,No                 ,Month-to-month,No              ,Mailed check             ,24.7,California,Cathedral City        ,33.829583,-116.474131,29,No     ,No               ,0,Offer E,48,No             ,No            ,0.0,70,0.0,94.7,55,High,0,6,6,Resolved
9681-OXGVC,Female,0,No     ,No        ,5,Yes         ,Yes             ,Fiber optic    ,No                 ,Yes                ,Yes                ,Month-to-month,Yes             ,Electronic check         ,100.5,California,Laytonville           ,39.806141,-123.531098,54,No     ,No               ,0,None   ,29,Yes            ,Yes           ,0.0,0,141.0,655.0,85,Medium,8,1,9,NotResolved
9512-UIBFX,Male  ,0,Yes    ,Yes       ,18,Yes         ,No              ,Fiber optic    ,No                 ,Yes                ,Yes                ,Month-to-month,No              ,Mailed check             ,95.15,California,West Covina           ,34.061634,-117.893169,52,Yes    ,Yes              ,6,None   ,28,Yes            ,Yes           ,10.17,0,27.18,1796.96,68,Medium,6,0,6,Resolved
0471-LVHGK,Male  ,0,Yes    ,No        ,41,Yes         ,Yes             ,DSL            ,No                 ,Yes                ,Yes                ,One year      ,Yes             ,Electronic check         ,73.0,California,Orangevale            ,38.689174,-121.218435,34,Yes    ,Yes              ,1,None   ,29,Yes            ,Yes           ,0.0,0,652.3100000000001,3653.51,86,Low,8,1,9,Resolved
8849-GYOKR,Female,0,Yes    ,No        ,54,Yes         ,Yes             ,Fiber optic    ,No                 ,Yes                ,Yes                ,One year      ,No              ,Bank transfer (automatic),106.55,California,Mineral               ,40.408796,-121.579609,59,Yes    ,Yes              ,2,None   ,21,Yes            ,Yes           ,0.0,0,476.82,6240.12,90,Low,9,0,9,Resolved
9281-PKKZE,Female,0,Yes    ,No        ,46,No          ,No phone service,DSL            ,No                 ,Yes                ,Yes                ,Month-to-month,Yes             ,Electronic check         ,43.95,California,Azusa                 ,34.174493,-117.87068,47,Yes    ,Yes              ,1,None   ,8,Yes            ,Yes           ,0.0,0,0.0,2007.85,47,Medium,0,5,5,Resolved
1195-OIYEJ,Male  ,0,No     ,No        ,13,Yes         ,No              ,Fiber optic    ,No                 ,Yes                ,Yes                ,Month-to-month,Yes             ,Electronic check         ,91.1,California,La Puente             ,34.038983,-117.991372,54,No     ,No               ,0,Offer D,26,Yes            ,No            ,0.0,80,70.59,1286.29,78,Low,7,1,8,Resolved
3566-CAAYU,Female,0,Yes    ,Yes       ,64,No          ,No phone service,DSL            ,Yes                ,No                 ,Yes                ,Two year      ,No              ,Electronic check         ,49.85,California,Cayucos               ,35.511833,-120.918713,28,Yes    ,Yes              ,3,Offer B,59,Yes            ,Yes           ,0.0,0,0.0,3210.35,56,High,1,6,7,NotResolved
5339-TJFEK,Male  ,0,Yes    ,Yes       ,62,Yes         ,Yes             ,Fiber optic    ,No                 ,Yes                ,Yes                ,Month-to-month,Yes             ,Electronic check         ,105.5,California,Santa Rosa            ,38.394091,-122.739814,22,Yes    ,Yes              ,8,Offer B,52,Yes            ,No            ,0.0,150,914.5,7551.7,56,High,0,6,6,NotResolved
0274-JKUJR,Male  ,0,Yes    ,Yes       ,7,No          ,No phone service,DSL            ,No                 ,Yes                ,Yes                ,Month-to-month,No              ,Mailed check             ,58.85,California,Los Angeles           ,33.994524,-118.149953,21,Yes    ,Yes              ,9,Offer E,47,Yes            ,Yes           ,0.0,0,0.0,465.7,76,Medium,7,1,8,Resolved
6439-LAJXL,Male  ,0,Yes    ,No        ,9,Yes         ,No              ,DSL            ,Yes                ,Yes                ,No                 ,Month-to-month,Yes             ,Mailed check             ,68.95,California,Echo Lake             ,38.851842,-120.076204,47,Yes    ,Yes              ,2,Offer E,7,No             ,Yes           ,0.0,0,311.76,905.61,29,Medium,1,3,4,Resolved
7025-WCBNE,Male  ,1,No     ,No        ,47,Yes         ,Yes             ,DSL            ,Yes                ,No                 ,No                 ,Two year      ,No              ,Bank transfer (automatic),59.6,California,Santa Ana             ,33.766004,-117.786763,74,No     ,No               ,0,None   ,10,No             ,Yes           ,0.0,0,694.66,3448.66,33,Medium,0,4,4,Resolved
3096-YXENJ,Female,0,Yes    ,No        ,65,Yes         ,Yes             ,Fiber optic    ,Yes                ,Yes                ,Yes                ,Two year      ,Yes             ,Bank transfer (automatic),107.65,California,Danville              ,37.791481,-121.903253,25,Yes    ,Yes              ,1,None   ,52,Yes            ,Yes           ,0.0,0,1799.85,8882.7,25,High,1,3,4,Resolved
2359-KMGLI,Male  ,0,No     ,No        ,24,Yes         ,Yes             ,Fiber optic    ,No                 ,No                 ,No                 ,Month-to-month,Yes             ,Electronic check         ,80.25,California,Running Springs       ,34.186211,-117.07683,52,No     ,No               ,0,Offer C,20,No             ,Yes           ,0.0,0,1183.1999999999998,3044.7,77,Low,7,0,7,Resolved
0822-GAVAP,Female,0,No     ,No        ,2,No          ,No phone service,DSL            ,No                 ,No                 ,Yes                ,Month-to-month,Yes             ,Electronic check         ,34.7,California,Posey                 ,35.861928,-118.636698,19,No     ,No               ,0,Offer E,76,Yes            ,Yes           ,0.0,0,0.0,62.25,65,Low,6,0,6,Resolved
0742-NXBGR,Female,0,No     ,No        ,1,Yes         ,No              ,Fiber optic    ,No                 ,No                 ,No                 ,Month-to-month,Yes             ,Electronic check         ,82.3,California,Adin                  ,41.171578,-120.913161,64,No     ,No               ,0,Offer E,28,No             ,Yes           ,0.0,0,33.41,115.71,71,Low,7,0,7,Resolved
6851-WEFYX,Male  ,1,Yes    ,No        ,35,Yes         ,Yes             ,Fiber optic    ,No                 ,Yes                ,Yes                ,Month-to-month,Yes             ,Electronic check         ,100.8,California,Descanso              ,32.912664,-116.635387,73,Yes    ,Yes              ,4,None   ,3,No             ,Yes           ,0.0,0,74.2,3511.7,38,High,0,4,4,Resolved
7691-KGKGP,Male  ,0,Yes    ,Yes       ,53,Yes         ,No              ,DSL            ,Yes                ,Yes                ,No                 ,Month-to-month,No              ,Credit card (automatic)  ,65.0,California,Aliso Viejo           ,33.571259,-117.731917,31,Yes    ,Yes              ,9,Offer B,19,No             ,Yes           ,0.0,0,111.83,3475.63,30,Medium,1,4,5,NotResolved
3126-WQMGH,Female,0,Yes    ,No        ,49,Yes         ,Yes             ,DSL            ,No                 ,No                 ,No                 ,Month-to-month,Yes             ,Credit card (automatic)  ,52.15,California,Yorba Linda           ,33.884073,-117.732197,19,Yes    ,Yes              ,6,None   ,41,Yes            ,No            ,0.0,50,1392.5800000000002,4026.33,40,High,0,5,5,Resolved
4367-NUYAO,Male  ,0,Yes    ,Yes       ,0,Yes         ,Yes             ,No             ,No internet service,No internet service,No internet service,Two year      ,No              ,Mailed check             ,25.75,California,Cupertino             ,37.306612,-122.080621,39,Yes    ,Yes              ,5,None   ,0,No             ,No            ,0.0,0,228.3,485.8,48,High,0,5,5,Resolved
5018-HEKFO,Female,0,No     ,No        ,10,Yes         ,Yes             ,No             ,No internet service,No internet service,No internet service,Month-to-month,Yes             ,Mailed check             ,24.5,California,Rowland Heights       ,33.976753,-117.897367,51,No     ,No               ,0,Offer D,0,No             ,No            ,0.0,0,170.10000000000002,440.25,78,Medium,7,0,7,Resolved
6161-UUUTA,Male  ,1,No     ,No        ,3,Yes         ,No              ,Fiber optic    ,No                 ,Yes                ,No                 ,Month-to-month,Yes             ,Electronic check         ,79.9,California,Stockton              ,37.902422,-121.440029,77,No     ,No               ,0,None   ,3,No             ,Yes           ,0.0,0,8.94,269.84,90,Low,9,0,9,Resolved
1767-TGTKO,Female,0,Yes    ,Yes       ,8,Yes         ,No              ,DSL            ,No                 ,No                 ,No                 ,Month-to-month,Yes             ,Electronic check         ,45.45,California,Dana Point            ,33.477923,-117.705314,30,Yes    ,No               ,0,Offer E,51,No             ,Yes           ,0.0,0,40.72,452.47,41,High,1,5,6,Resolved
3824-RHKVR,Female,0,No     ,No        ,17,Yes         ,No              ,No             ,No internet service,No internet service,No internet service,Month-to-month,No              ,Credit card (automatic)  ,19.7,California,Fullerton             ,33.877639,-117.961212,27,No     ,No               ,0,Offer D,0,No             ,No            ,0.0,0,378.42,718.77,28,High,0,3,3,NotResolved
0356-OBMAC,Female,1,No     ,No        ,56,Yes         ,Yes             ,Fiber optic    ,Yes                ,Yes                ,No                 ,Two year      ,Yes             ,Bank transfer (automatic),99.9,California,Winchester            ,33.657433,-117.04254,80,No     ,No               ,0,None   ,16,No             ,Yes           ,0.0,0,970.48,6676.78,45,Medium,0,5,5,Resolved
7524-VRLPL,Male  ,1,No     ,No        ,69,Yes         ,Yes             ,DSL            ,Yes                ,No                 ,Yes                ,Two year      ,No              ,Credit card (automatic)  ,74.1,California,Manchester            ,38.966713,-123.586412,71,No     ,No               ,0,Offer A,10,Yes            ,Yes           ,0.0,0,921.84,5952.84,34,Medium,0,4,4,Resolved
5726-CVNYA,Female,0,Yes    ,Yes       ,8,Yes         ,No              ,No             ,No internet service,No internet service,No internet service,Two year      ,Yes             ,Mailed check             ,19.85,California,Cutler                ,36.497895,-119.285484,44,Yes    ,Yes              ,8,Offer E,0,No             ,No            ,0.0,0,136.72,283.32,65,High,6,0,6,Resolved
1219-NNDDO,Female,0,No     ,No        ,9,Yes         ,Yes             ,Fiber optic    ,No                 ,No                 ,No                 ,Month-to-month,Yes             ,Electronic check         ,76.85,California,Los Angeles           ,34.039224,-118.266293,51,No     ,No               ,0,Offer E,8,No             ,Yes           ,0.0,0,381.69,1045.2399999999998,38,High,1,4,5,Resolved
2483-XSSMZ,Female,0,No     ,No        ,39,Yes         ,No              ,DSL            ,No                 ,No                 ,No                 ,One year      ,Yes             ,Electronic check         ,47.85,California,Orinda                ,37.873916,-122.20522,22,No     ,No               ,0,None   ,82,No             ,No            ,0.0,70,987.87,2944.27,23,Medium,0,3,3,Resolved
6339-RZCBJ,Male  ,0,No     ,No        ,48,Yes         ,No              ,DSL            ,Yes                ,Yes                ,Yes                ,Two year      ,No              ,Credit card (automatic)  ,78.9,California,Colton                ,34.030915,-117.273201,45,No     ,No               ,0,None   ,10,Yes            ,Yes           ,0.0,0,172.32,3943.82,47,High,0,5,5,Resolved
7486-KSRVI,Male  ,0,No     ,No        ,43,Yes         ,Yes             ,Fiber optic    ,Yes                ,Yes                ,Yes                ,One year      ,Yes             ,Electronic check         ,100.0,California,Folsom                ,38.672638,-121.147403,56,No     ,No               ,0,Offer B,23,Yes            ,No            ,0.0,140,1692.91,6044.46,93,Low,9,0,9,NotResolved
1810-MVMAI,Male  ,0,Yes    ,Yes       ,30,Yes         ,Yes             ,DSL            ,Yes                ,No                 ,No                 ,Month-to-month,No              ,Electronic check         ,67.6,California,San Jose              ,37.333851,-121.891147,31,Yes    ,Yes              ,4,Offer C,19,No             ,Yes           ,0.0,0,1441.2,3441.4,33,Medium,0,4,4,Resolved
3131-NWVFJ,Female,0,Yes    ,Yes       ,14,Yes         ,No              ,No             ,No internet service,No internet service,No internet service,One year      ,No              ,Mailed check             ,19.55,California,Pioneer               ,38.546999,-120.271114,56,Yes    ,Yes              ,9,None   ,0,No             ,No            ,0.0,0,266.42,560.9200000000001,47,Medium,1,5,6,Resolved
8861-HGGKB,Female,0,No     ,No        ,10,Yes         ,Yes             ,Fiber optic    ,No                 ,No                 ,Yes                ,Month-to-month,No              ,Electronic check         ,86.45,California,San Diego             ,32.762506,-117.07245,57,No     ,No               ,0,None   ,20,Yes            ,Yes           ,0.0,0,176.5,1007.35,80,Low,8,0,8,Resolved
9552-TGUZV,Male  ,0,Yes    ,No        ,8,Yes         ,No              ,Fiber optic    ,No                 ,No                 ,No                 ,Month-to-month,Yes             ,Mailed check             ,75.0,California,Upland                ,34.141146,-117.655583,57,Yes    ,Yes              ,8,Offer E,18,No             ,Yes           ,0.0,0,165.36,823.46,80,Medium,8,0,8,Resolved
6016-NXBNJ,Male  ,0,No     ,No        ,35,Yes         ,No              ,No             ,No internet service,No internet service,No internet service,One year      ,Yes             ,Mailed check             ,19.15,California,Orange Cove           ,36.633498,-119.298895,53,No     ,No               ,0,None   ,0,No             ,No            ,0.0,0,270.90000000000003,908.9,60,Medium,6,0,6,Resolved
7547-EKNFS,Male  ,0,Yes    ,No        ,42,Yes         ,Yes             ,Fiber optic    ,No                 ,Yes                ,No                 ,Month-to-month,Yes             ,Bank transfer (automatic),95.25,California,Caspar                ,39.361283,-123.784599,37,Yes    ,Yes              ,1,Offer B,29,No             ,Yes           ,27.3,0,766.9200000000001,4698.969999999999,89,Low,8,0,8,Resolved
2842-JTCCU,Male  ,0,No     ,No        ,2,Yes         ,No              ,DSL            ,No                 ,No                 ,No                 ,Month-to-month,No              ,Bank transfer (automatic),46.05,California,Hopland               ,38.93706,-123.118111,27,No     ,No               ,0,Offer E,52,Yes            ,No            ,0.0,10,59.38,149.73,72,Medium,7,0,7,NotResolved
4059-IIEBK,Female,0,No     ,No        ,7,Yes         ,Yes             ,Fiber optic    ,No                 ,No                 ,No                 ,Month-to-month,Yes             ,Bank transfer (automatic),78.55,California,Ojai                  ,34.581308,-118.931948,51,No     ,No               ,0,None   ,16,No             ,Yes           ,47.19,0,285.32,761.08,61,Medium,6,1,7,Resolved
2709-UQGNP,Male  ,0,No     ,No        ,10,Yes         ,No              ,DSL            ,No                 ,No                 ,No                 ,Month-to-month,Yes             ,Mailed check             ,51.65,California,San Mateo             ,37.590421,-122.306467,38,No     ,No               ,0,None   ,23,No             ,Yes           ,0.0,0,490.4,1014.9,45,High,0,5,5,NotResolved
1779-PWPMG,Female,1,Yes    ,No        ,72,Yes         ,Yes             ,Fiber optic    ,Yes                ,Yes                ,Yes                ,Two year      ,Yes             ,Bank transfer (automatic),114.65,California,San Jose              ,37.218705,-121.762429,73,Yes    ,Yes              ,1,Offer A,27,No             ,Yes           ,0.0,0,330.48,8664.43,29,Medium,1,3,4,Resolved
4694-PHWFW,Female,0,No     ,Yes       ,8,Yes         ,No              ,No             ,No internet service,No internet service,No internet service,Month-to-month,No              ,Mailed check             ,19.95,California,San Francisco         ,37.789168,-122.395009,26,No     ,No               ,0,None   ,0,No             ,No            ,0.0,0,366.96,537.86,40,High,1,5,6,Resolved
4367-NHWMM,Female,0,No     ,No        ,1,No          ,No phone service,DSL            ,No                 ,No                 ,No                 ,Month-to-month,Yes             ,Mailed check             ,24.9,California,Corte Madera          ,37.924014,-122.511694,37,No     ,No               ,0,None   ,13,No             ,Yes           ,0.0,0,0.0,24.9,61,High,6,1,7,NotResolved
3308-JSGML,Male  ,1,Yes    ,No        ,59,No          ,No phone service,DSL            ,Yes                ,Yes                ,Yes                ,Two year      ,Yes             ,Credit card (automatic)  ,64.05,California,Shandon               ,35.634488,-120.293534,77,Yes    ,Yes              ,3,None   ,6,No             ,Yes           ,0.0,0,0.0,3886.85,49,Medium,0,5,5,Resolved
0505-SPOOW,Female,0,Yes    ,No        ,70,Yes         ,No              ,No             ,No internet service,No internet service,No internet service,Two year      ,No              ,Bank transfer (automatic),19.8,California,Riverside             ,33.885499,-117.324959,41,Yes    ,Yes              ,7,Offer A,0,No             ,No            ,0.0,0,819.7,2217.3500000000004,30,High,0,4,4,Resolved
3807-XHCJH,Female,0,Yes    ,Yes       ,1,Yes         ,No              ,No             ,No internet service,No internet service,No internet service,Month-to-month,No              ,Electronic check         ,20.0,California,Fish Camp             ,37.483535,-119.679414,21,Yes    ,Yes              ,4,None   ,0,No             ,No            ,0.0,0,6.86,26.86,33,High,1,4,5,Resolved
9919-YLNNG,Female,0,No     ,No        ,42,Yes         ,No              ,Fiber optic    ,Yes                ,Yes                ,Yes                ,Month-to-month,Yes             ,Bank transfer (automatic),103.8,California,Malibu                ,34.037037,-118.705803,38,No     ,No               ,0,Offer B,28,Yes            ,No            ,0.0,110,1686.3,6123.8,37,High,1,4,5,Resolved
1080-BWSYE,Male  ,1,Yes    ,No        ,64,Yes         ,Yes             ,No             ,No internet service,No internet service,No internet service,Two year      ,No              ,Credit card (automatic)  ,25.65,California,Irvine                ,33.667145,-117.732135,76,Yes    ,No               ,0,None   ,0,No             ,No            ,0.0,0,1883.52,3624.32,36,High,0,4,4,Resolved
9897-KXHCM,Female,0,Yes    ,Yes       ,3,Yes         ,No              ,Fiber optic    ,No                 ,No                 ,Yes                ,Month-to-month,Yes             ,Electronic check         ,80.3,California,Modesto               ,37.670526,-120.877572,37,Yes    ,Yes              ,1,Offer E,14,Yes            ,Yes           ,0.0,0,145.14,395.19000000000005,72,Low,7,1,8,Resolved
2718-GAXQD,Female,1,Yes    ,Yes       ,4,Yes         ,No              ,DSL            ,No                 ,No                 ,No                 ,Month-to-month,No              ,Electronic check         ,46.0,California,Lake City             ,41.729079,-120.225025,68,Yes    ,Yes              ,1,Offer E,52,No             ,Yes           ,0.0,0,168.52,350.12,92,Low,9,1,10,Resolved
2027-FECZV,Male  ,0,No     ,No        ,12,Yes         ,Yes             ,Fiber optic    ,No                 ,Yes                ,Yes                ,Month-to-month,Yes             ,Electronic check         ,106.7,California,Bodfish               ,35.523991,-118.400432,44,No     ,No               ,0,None   ,12,Yes            ,Yes           ,0.0,0,302.28000000000003,1556.18,92,Low,9,0,9,Resolved
8562-GHPPI,Female,0,No     ,No        ,1,Yes         ,No              ,No             ,No internet service,No internet service,No internet service,Month-to-month,No              ,Credit card (automatic)  ,19.8,California,San Leandro           ,37.717196,-122.159338,50,No     ,No               ,0,None   ,0,No             ,No            ,0.0,0,11.96,31.76,22,High,1,3,4,Resolved
2789-CZANW,Female,0,Yes    ,Yes       ,64,Yes         ,Yes             ,Fiber optic    ,Yes                ,Yes                ,Yes                ,Two year      ,No              ,Bank transfer (automatic),110.3,California,Dublin                ,37.713926,-121.928425,49,Yes    ,Yes              ,7,Offer B,23,Yes            ,Yes           ,0.0,0,1354.24,8351.54,45,Medium,0,5,5,Resolved
6924-TDGMT,Male  ,0,Yes    ,No        ,11,Yes         ,No              ,No             ,No internet service,No internet service,No internet service,One year      ,Yes             ,Mailed check             ,20.55,California,Platina               ,40.367964,-122.937379,34,Yes    ,Yes              ,6,None   ,0,No             ,No            ,0.0,0,287.21,472.16,23,High,0,3,3,Resolved
7811-JIVPF,Female,0,No     ,No        ,23,Yes         ,No              ,DSL            ,No                 ,No                 ,No                 ,Month-to-month,No              ,Credit card (automatic)  ,49.7,California,Long Beach            ,33.864622,-118.179626,44,No     ,No               ,0,None   ,2,No             ,No            ,0.0,150,971.98,2203.23,47,High,0,5,5,NotResolved
7929-DMBCV,Female,0,Yes    ,No        ,20,Yes         ,No              ,Fiber optic    ,Yes                ,No                 ,No                 ,Month-to-month,Yes             ,Mailed check             ,81.0,California,Arroyo Grande         ,35.176236,-120.483243,45,Yes    ,Yes              ,6,Offer D,21,No             ,Yes           ,0.0,0,227.8,1911.5,22,Medium,0,3,3,Resolved
3803-KMQFW,Female,0,Yes    ,Yes       ,1,Yes         ,No              ,No             ,No internet service,No internet service,No internet service,Month-to-month,No              ,Mailed check             ,20.55,California,Brea                  ,33.930199,-117.862898,25,Yes    ,Yes              ,1,None   ,0,No             ,No            ,0.0,0,37.92,58.47,78,Medium,7,1,8,Resolved
8627-EHGIP,Male  ,0,No     ,No        ,44,No          ,No phone service,DSL            ,No                 ,Yes                ,Yes                ,One year      ,Yes             ,Mailed check             ,53.95,California,Sacramento            ,38.646096,-121.442433,38,No     ,No               ,0,Offer B,4,Yes            ,Yes           ,0.0,0,0.0,2375.4,91,Low,10,1,11,Resolved
1567-DSCIC,Male  ,0,No     ,No        ,8,Yes         ,Yes             ,Fiber optic    ,No                 ,Yes                ,No                 ,Month-to-month,Yes             ,Electronic check         ,94.0,California,San Mateo             ,37.590421,-122.306467,59,No     ,No               ,0,None   ,14,No             ,Yes           ,0.0,0,191.12,964.77,71,Low,7,0,7,Resolved
8738-JOKAR,Female,0,No     ,No        ,42,Yes         ,No              ,DSL            ,Yes                ,No                 ,Yes                ,One year      ,Yes             ,Mailed check             ,67.7,California,Covina                ,34.097345,-117.906736,55,No     ,No               ,0,None   ,20,Yes            ,Yes           ,0.0,0,1651.44,4533.6900000000005,36,High,0,4,4,Resolved
0464-WJTKO,Female,0,Yes    ,Yes       ,72,Yes         ,No              ,No             ,No internet service,No internet service,No internet service,Two year      ,No              ,Bank transfer (automatic),20.1,California,Cedarville            ,41.505916,-120.152505,39,Yes    ,Yes              ,10,None   ,0,No             ,No            ,0.0,0,1020.24,2481.09,30,High,0,4,4,Resolved
7595-EUIVN,Female,0,No     ,No        ,1,Yes         ,No              ,Fiber optic    ,No                 ,No                 ,No                 ,Month-to-month,No              ,Electronic check         ,75.8,California,Clearlake             ,38.965804,-122.631779,53,No     ,No               ,0,None   ,26,No             ,Yes           ,0.0,0,14.48,90.28,70,Low,7,1,8,Resolved
3523-BRGUW,Male  ,1,No     ,No        ,26,Yes         ,No              ,No             ,No internet service,No internet service,No internet service,One year      ,No              ,Credit card (automatic)  ,19.3,California,Los Altos             ,37.349546,-122.134356,65,No     ,No               ,0,Offer C,0,No             ,No            ,9.49,0,776.88,1271.59,64,High,6,0,6,Resolved
0254-WWRKD,Female,0,Yes    ,Yes       ,67,Yes         ,No              ,DSL            ,No                 ,No                 ,No                 ,One year      ,No              ,Credit card (automatic)  ,50.55,California,Challenge             ,39.461768,-121.195825,44,Yes    ,Yes              ,1,Offer A,28,No             ,Yes           ,0.0,0,3142.3,6574.049999999999,51,High,1,6,7,NotResolved
1841-YSJGV,Male  ,0,Yes    ,No        ,72,Yes         ,Yes             ,Fiber optic    ,Yes                ,Yes                ,Yes                ,Two year      ,Yes             ,Credit card (automatic)  ,109.95,California,South El Monte        ,34.04622,-118.053753,58,Yes    ,Yes              ,9,Offer A,22,Yes            ,Yes           ,0.0,0,2936.16,10788.56,59,High,1,6,7,Resolved
7673-BQGKU,Female,0,Yes    ,Yes       ,69,Yes         ,No              ,No             ,No internet service,No internet service,No internet service,Two year      ,No              ,Bank transfer (automatic),20.15,California,Carlsbad              ,33.098018,-117.258203,64,Yes    ,Yes              ,6,None   ,0,No             ,No            ,0.0,0,791.4300000000001,2128.9300000000003,23,High,0,3,3,Resolved
6127-ISGTU,Female,0,Yes    ,No        ,16,Yes         ,Yes             ,Fiber optic    ,No                 ,Yes                ,No                 ,Month-to-month,Yes             ,Electronic check         ,84.95,California,Garden Valley         ,38.852544,-120.837669,34,Yes    ,Yes              ,1,None   ,7,No             ,Yes           ,0.0,0,109.12,1487.37,67,Medium,6,0,6,Resolved
5602-BVFMK,Female,0,No     ,No        ,12,Yes         ,No              ,No             ,No internet service,No internet service,No internet service,One year      ,No              ,Mailed check             ,19.3,California,Independence          ,36.869584,-118.189241,58,No     ,No               ,0,None   ,0,No             ,No            ,0.0,0,501.36,730.11,77,High,7,1,8,Resolved
8200-KLNYW,Female,0,Yes    ,No        ,21,Yes         ,No              ,DSL            ,Yes                ,Yes                ,Yes                ,One year      ,No              ,Mailed check             ,80.9,California,San Geronimo          ,38.00474,-122.663717,55,Yes    ,Yes              ,7,None   ,19,Yes            ,No            ,0.0,60,236.67,2011.62,36,High,0,4,4,Resolved
3889-VWBID,Male  ,0,Yes    ,Yes       ,68,Yes         ,No              ,DSL            ,Yes                ,Yes                ,Yes                ,Two year      ,No              ,Bank transfer (automatic),82.85,California,Antelope              ,38.715498,-121.363411,52,Yes    ,Yes              ,1,None   ,27,Yes            ,Yes           ,0.0,0,1876.12,7652.57,42,High,1,5,6,NotResolved
4654-GGUII,Female,0,No     ,No        ,18,No          ,No phone service,DSL            ,Yes                ,No                 ,No                 ,One year      ,Yes             ,Mailed check             ,40.2,California,Smartville            ,39.176595,-121.291692,28,No     ,No               ,0,None   ,48,No             ,No            ,0.0,90,0.0,801.95,48,High,0,5,5,Resolved
7579-OOPEC,Female,1,Yes    ,No        ,2,Yes         ,No              ,DSL            ,No                 ,No                 ,No                 ,Month-to-month,No              ,Credit card (automatic)  ,50.15,California,Pala                  ,33.384345,-117.072619,75,Yes    ,Yes              ,1,Offer E,20,No             ,Yes           ,0.0,0,13.72,128.82,78,Low,7,0,7,Resolved
1928-BXYIV,Male  ,0,No     ,No        ,1,Yes         ,Yes             ,DSL            ,No                 ,No                 ,No                 ,Month-to-month,No              ,Electronic check         ,61.15,California,Placerville           ,38.733714,-120.795213,47,No     ,No               ,0,Offer E,3,No             ,Yes           ,0.0,0,17.07,78.22,28,High,1,3,4,Resolved
1866-ZSLJM,Male  ,0,No     ,No        ,21,Yes         ,No              ,No             ,No internet service,No internet service,No internet service,Month-to-month,No              ,Credit card (automatic)  ,20.5,California,Valley Ford           ,38.339996,-122.935056,31,No     ,No               ,0,Offer D,0,No             ,No            ,0.0,0,690.69,1093.54,75,High,7,1,8,Resolved
9281-CEDRU,Female,0,Yes    ,No        ,68,Yes         ,No              ,DSL            ,Yes                ,Yes                ,No                 ,Two year      ,No              ,Bank transfer (automatic),64.1,California,Salton City           ,33.28156,-115.955541,23,Yes    ,Yes              ,2,None   ,53,No             ,Yes           ,19.12,0,586.16,4893.29,48,High,0,5,5,Resolved
6128-DAFVY,Female,0,No     ,No        ,56,No          ,No phone service,DSL            ,No                 ,Yes                ,Yes                ,Month-to-month,Yes             ,Credit card (automatic)  ,44.85,California,Willits               ,39.492046,-123.375818,58,No     ,No               ,0,None   ,23,Yes            ,Yes           ,0.0,0,0.0,2564.95,27,High,1,3,4,Resolved
9025-AOMKI,Female,0,No     ,No        ,6,Yes         ,Yes             ,Fiber optic    ,No                 ,Yes                ,Yes                ,Month-to-month,Yes             ,Bank transfer (automatic),93.55,California,Carpinteria           ,34.441398,-119.513163,42,No     ,No               ,0,Offer E,5,Yes            ,Yes           ,0.0,0,262.79999999999995,799.1999999999999,71,Low,7,0,7,Resolved
2192-CKRLV,Female,0,Yes    ,No        ,72,No          ,No phone service,DSL            ,No                 ,No                 ,Yes                ,Two year      ,Yes             ,Electronic check         ,49.2,California,Wilton                ,38.392559,-121.225093,57,Yes    ,Yes              ,2,Offer A,15,Yes            ,Yes           ,0.0,0,0.0,3580.95,33,Medium,1,4,5,Resolved
2786-GCDPI,Female,1,No     ,No        ,50,Yes         ,Yes             ,Fiber optic    ,Yes                ,Yes                ,Yes                ,Month-to-month,Yes             ,Electronic check         ,104.95,California,Pioneertown           ,34.201108,-116.593456,75,No     ,No               ,0,Offer B,29,No             ,Yes           ,0.0,0,882.4999999999999,6104.85,39,High,1,4,5,Resolved
7508-KBIMB,Male  ,0,Yes    ,Yes       ,24,Yes         ,No              ,DSL            ,No                 ,No                 ,No                 ,One year      ,Yes             ,Credit card (automatic)  ,56.25,California,Jamestown             ,37.84771,-120.486589,33,Yes    ,Yes              ,7,None   ,53,No             ,Yes           ,0.0,0,55.44,1509.69,52,High,1,6,7,Resolved
5449-FIBXJ,Male  ,0,Yes    ,Yes       ,19,Yes         ,Yes             ,Fiber optic    ,Yes                ,Yes                ,Yes                ,Month-to-month,No              ,Electronic check         ,103.3,California,San Jose              ,37.375156,-121.795867,34,Yes    ,Yes              ,1,Offer D,22,Yes            ,Yes           ,0.0,0,532.76,2545.46,67,Medium,6,0,6,Resolved
6959-GQEGV,Male  ,0,No     ,No        ,45,Yes         ,No              ,DSL            ,No                 ,Yes                ,Yes                ,Month-to-month,Yes             ,Electronic check         ,75.95,California,Canoga Park           ,34.19829,-118.602203,61,No     ,No               ,0,None   ,6,Yes            ,Yes           ,0.0,0,466.2,3740.0,28,High,0,3,3,NotResolved
5345-BMKWB,Male  ,0,Yes    ,No        ,8,Yes         ,No              ,No             ,No internet service,No internet service,No internet service,Month-to-month,No              ,Mailed check             ,20.25,California,San Francisco         ,37.760412,-122.484966,29,Yes    ,Yes              ,9,None   ,0,No             ,No            ,0.0,0,39.84,198.19,24,High,1,3,4,Resolved
2959-EEXWB,Female,0,Yes    ,Yes       ,45,No          ,No phone service,DSL            ,No                 ,Yes                ,Yes                ,Month-to-month,Yes             ,Bank transfer (automatic),50.9,California,Pasadena              ,34.13946,-118.166649,54,Yes    ,Yes              ,10,Offer B,18,Yes            ,Yes           ,0.0,0,0.0,2333.85,64,Medium,6,0,6,Resolved
5299-RULOA,Female,0,Yes    ,Yes       ,10,Yes         ,Yes             ,Fiber optic    ,No                 ,Yes                ,Yes                ,Month-to-month,Yes             ,Electronic check         ,100.25,California,Whittier              ,33.976678,-118.065875,62,Yes    ,Yes              ,1,None   ,30,Yes            ,Yes           ,0.0,0,244.8,1309.45,87,Low,8,1,9,Resolved
7470-DYNOE,Male  ,0,No     ,No        ,53,Yes         ,No              ,DSL            ,No                 ,No                 ,Yes                ,One year      ,Yes             ,Electronic check         ,61.1,California,Walnut                ,34.018354,-117.85492,37,No     ,No               ,0,Offer B,24,Yes            ,Yes           ,0.0,0,255.46,3613.36,35,High,1,4,5,Resolved
3640-PHQXK,Female,0,No     ,No        ,31,Yes         ,Yes             ,Fiber optic    ,No                 ,No                 ,Yes                ,Month-to-month,Yes             ,Electronic check         ,89.9,California,Union City            ,37.59485,-122.051521,54,No     ,No               ,0,None   ,11,Yes            ,Yes           ,41.18,0,196.23,2961.9500000000003,85,Low,8,1,9,Resolved
3785-KTYSH,Male  ,0,No     ,No        ,53,Yes         ,Yes             ,No             ,No internet service,No internet service,No internet service,Two year      ,No              ,Mailed check             ,24.6,California,Mission Hills         ,34.266389,-118.459744,24,No     ,No               ,0,None   ,0,No             ,No            ,37.68,0,1810.48,3051.8,44,High,0,5,5,Resolved
9136-ALYBR,Male  ,0,No     ,No        ,1,No          ,No phone service,DSL            ,No                 ,No                 ,No                 ,Month-to-month,Yes             ,Mailed check             ,24.45,California,Fontana               ,34.049671,-117.468896,44,No     ,No               ,0,None   ,2,No             ,Yes           ,0.0,0,0.0,24.45,65,Medium,6,1,7,Resolved
3865-QBWSJ,Male  ,1,No     ,Yes       ,38,Yes         ,Yes             ,Fiber optic    ,No                 ,No                 ,No                 ,Month-to-month,Yes             ,Mailed check             ,80.45,California,Courtland             ,38.311609,-121.554034,76,No     ,No               ,0,None   ,27,No             ,Yes           ,0.0,0,1714.94,4877.59,41,Medium,1,5,6,Resolved
5136-KCKGI,Female,0,Yes    ,Yes       ,33,Yes         ,Yes             ,Fiber optic    ,No                 ,Yes                ,Yes                ,One year      ,Yes             ,Mailed check             ,103.7,California,Templeton             ,35.536115,-120.739231,22,Yes    ,Yes              ,1,Offer C,73,Yes            ,Yes           ,0.0,0,1373.13,4840.13,76,Low,7,1,8,Resolved
4933-IKULF,Female,1,No     ,No        ,17,Yes         ,No              ,No             ,No internet service,No internet service,No internet service,One year      ,No              ,Mailed check             ,20.65,California,Pinon Hills           ,34.459322,-117.629729,71,No     ,No               ,0,Offer D,0,No             ,No            ,0.0,0,410.55,741.15,40,High,1,5,6,Resolved
8327-WKMIE,Male  ,0,No     ,No        ,37,Yes         ,No              ,No             ,No internet service,No internet service,No internet service,One year      ,No              ,Credit card (automatic)  ,20.15,California,Le Grand              ,37.249377,-120.249581,36,No     ,No               ,0,None   ,0,No             ,No            ,0.0,0,1271.6899999999998,2057.44,65,High,6,1,7,Resolved
5998-DZLYR,Female,0,Yes    ,No        ,61,Yes         ,Yes             ,Fiber optic    ,Yes                ,No                 ,Yes                ,Two year      ,Yes             ,Bank transfer (automatic),94.35,California,Sutter                ,39.172777,-121.805845,55,Yes    ,Yes              ,1,Offer B,13,Yes            ,Yes           ,29.88,0,1533.54,7206.66,48,High,0,5,5,Resolved
3752-CQSJI,Female,0,Yes    ,Yes       ,13,Yes         ,No              ,No             ,No internet service,No internet service,No internet service,Month-to-month,Yes             ,Mailed check             ,20.45,California,San Anselmo           ,37.99272,-122.575026,59,Yes    ,Yes              ,1,Offer D,0,No             ,No            ,0.0,0,213.2,467.7,25,Medium,0,3,3,Resolved
9391-TTOYH,Female,0,No     ,No        ,23,Yes         ,No              ,No             ,No internet service,No internet service,No internet service,Month-to-month,Yes             ,Mailed check             ,19.5,California,Oakland               ,37.828416,-122.216005,33,No     ,No               ,0,Offer D,0,No             ,No            ,0.0,0,321.54,791.74,42,High,1,5,6,Resolved
2656-TABEH,Male  ,0,Yes    ,No        ,4,Yes         ,Yes             ,Fiber optic    ,No                 ,Yes                ,Yes                ,Month-to-month,Yes             ,Electronic check         ,100.2,California,Temecula              ,33.540604,-117.10909,57,Yes    ,Yes              ,1,None   ,10,Yes            ,Yes           ,0.0,0,112.88,533.0799999999999,82,Low,8,1,9,NotResolved
7094-MSZAO,Male  ,0,Yes    ,Yes       ,10,Yes         ,No              ,No             ,No internet service,No internet service,No internet service,Month-to-month,Yes             ,Credit card (automatic)  ,20.05,California,Oakland               ,37.808731,-122.238708,55,Yes    ,Yes              ,7,None   ,0,No             ,No            ,0.0,0,138.3,356.8,23,High,0,3,3,NotResolved
8513-OLYGY,Male  ,0,Yes    ,No        ,72,Yes         ,Yes             ,Fiber optic    ,Yes                ,Yes                ,Yes                ,Two year      ,No              ,Credit card (automatic)  ,115.8,California,Fortuna               ,40.584991,-124.121504,50,Yes    ,Yes              ,8,None   ,25,Yes            ,Yes           ,0.0,0,1986.48,10318.63,41,Medium,0,5,5,Resolved
8999-YPYBV,Male  ,0,Yes    ,Yes       ,45,Yes         ,No              ,DSL            ,Yes                ,Yes                ,Yes                ,Two year      ,Yes             ,Mailed check             ,84.35,California,Garden Valley         ,38.852544,-120.837669,63,Yes    ,Yes              ,3,Offer B,3,Yes            ,Yes           ,0.0,0,1386.0,5244.05,35,Medium,1,4,5,Resolved
1897-OKVMW,Female,0,Yes    ,Yes       ,64,Yes         ,Yes             ,DSL            ,Yes                ,Yes                ,Yes                ,Two year      ,Yes             ,Mailed check             ,90.6,California,Lathrop               ,37.80821,-121.308401,44,Yes    ,Yes              ,3,None   ,19,Yes            ,Yes           ,0.0,0,2368.0,8185.45,43,High,1,5,6,Resolved
2824-MYYBN,Female,0,Yes    ,Yes       ,37,Yes         ,Yes             ,Fiber optic    ,No                 ,Yes                ,Yes                ,Month-to-month,Yes             ,Electronic check         ,95.25,California,Bakersfield           ,35.140938,-119.051348,43,Yes    ,No               ,0,None   ,11,Yes            ,Yes           ,0.0,0,59.2,3373.35,29,High,1,3,4,Resolved
0817-HSUSE,Male  ,0,No     ,No        ,1,Yes         ,No              ,DSL            ,Yes                ,Yes                ,Yes                ,Month-to-month,Yes             ,Electronic check         ,75.5,California,Altadena              ,34.196837,-118.142236,26,No     ,No               ,0,None   ,52,Yes            ,Yes           ,0.0,0,5.63,81.13,43,High,0,5,5,NotResolved
2382-BCKQJ,Female,0,No     ,Yes       ,62,Yes         ,Yes             ,Fiber optic    ,No                 ,Yes                ,Yes                ,One year      ,Yes             ,Electronic check         ,100.15,California,Big Sur               ,36.092975,-121.549826,41,No     ,No               ,0,Offer B,15,Yes            ,Yes           ,0.0,0,2019.96,8433.609999999999,91,Medium,9,0,9,Resolved
8910-ICHIU,Female,0,No     ,No        ,46,Yes         ,No              ,Fiber optic    ,No                 ,Yes                ,No                 ,One year      ,Yes             ,Credit card (automatic)  ,95.65,California,Essex                 ,34.9436,-115.287901,27,No     ,No               ,0,Offer B,59,No             ,Yes           ,0.0,0,1407.6,6071.8,54,Medium,0,6,6,Resolved
3654-ARMGP,Female,0,No     ,No        ,61,Yes         ,Yes             ,DSL            ,Yes                ,Yes                ,Yes                ,Two year      ,No              ,Credit card (automatic)  ,88.65,California,Los Angeles           ,34.037251,-118.423573,60,No     ,No               ,0,None   ,22,Yes            ,Yes           ,0.0,0,1194.38,6515.63,79,High,7,1,8,Resolved
5759-RCVCB,Female,0,No     ,No        ,3,No          ,No phone service,DSL            ,No                 ,Yes                ,No                 ,Month-to-month,No              ,Credit card (automatic)  ,35.2,California,Orange                ,33.792791,-117.789749,20,No     ,No               ,0,Offer E,30,No             ,Yes           ,0.0,0,0.0,108.95,91,Low,10,0,10,Resolved
7156-MXBJE,Female,0,No     ,No        ,43,Yes         ,Yes             ,DSL            ,Yes                ,Yes                ,Yes                ,One year      ,No              ,Credit card (automatic)  ,85.1,California,San Diego             ,33.017518,-117.118456,29,No     ,No               ,0,None   ,53,Yes            ,No            ,0.0,30,107.07,3799.32,5,Medium,1,1,2,Resolved
5337-IIWKZ,Male  ,0,Yes    ,Yes       ,34,No          ,No phone service,DSL            ,Yes                ,Yes                ,No                 ,Month-to-month,Yes             ,Electronic check         ,44.85,California,Sultana               ,36.545353,-119.338535,35,Yes    ,Yes              ,2,Offer C,76,No             ,Yes           ,0.0,0,0.0,1442.6,49,High,0,5,5,Resolved
3721-WKIIL,Female,0,No     ,No        ,27,Yes         ,No              ,No             ,No internet service,No internet service,No internet service,Two year      ,Yes             ,Mailed check             ,19.6,California,Smartville            ,39.176595,-121.291692,62,No     ,No               ,0,None   ,0,No             ,No            ,13.07,0,416.07,964.15,21,High,0,3,3,Resolved
6366-ZGQGL,Male  ,0,No     ,No        ,1,No          ,No phone service,DSL            ,No                 ,No                 ,No                 ,Month-to-month,No              ,Bank transfer (automatic),24.8,California,Pomona                ,34.042286,-117.756106,60,No     ,No               ,0,Offer E,29,No             ,Yes           ,0.0,0,0.0,24.8,73,Low,7,1,8,NotResolved
4020-KIUDI,Male  ,0,Yes    ,Yes       ,6,Yes         ,No              ,No             ,No internet service,No internet service,No internet service,Month-to-month,No              ,Credit card (automatic)  ,19.85,California,Los Angeles           ,33.952714,-118.292061,54,Yes    ,Yes              ,8,Offer E,0,No             ,No            ,0.0,0,142.38,281.23,42,High,1,5,6,Resolved
8896-BQTTI,Male  ,0,No     ,No        ,1,Yes         ,Yes             ,No             ,No internet service,No internet service,No internet service,Month-to-month,Yes             ,Mailed check             ,25.0,California,Cool                  ,38.880622,-120.973865,41,No     ,No               ,0,Offer E,0,No             ,No            ,0.0,0,3.39,28.39,53,Medium,1,6,7,Resolved
9601-BRXPO,Female,0,Yes    ,No        ,25,Yes         ,Yes             ,Fiber optic    ,Yes                ,Yes                ,Yes                ,Month-to-month,Yes             ,Bank transfer (automatic),104.95,California,San Diego             ,32.961064,-117.134917,48,Yes    ,Yes              ,1,Offer C,10,Yes            ,Yes           ,0.0,0,222.75,2789.25,66,Medium,6,1,7,Resolved
1488-PBLJN,Female,0,Yes    ,Yes       ,72,Yes         ,Yes             ,Fiber optic    ,Yes                ,Yes                ,Yes                ,Two year      ,Yes             ,Bank transfer (automatic),116.85,California,San Diego             ,32.827238,-117.089287,63,Yes    ,Yes              ,1,Offer A,14,Yes            ,Yes           ,0.0,0,2291.76,10769.46,33,Medium,0,4,4,Resolved
7673-LPRNY,Female,0,No     ,No        ,23,Yes         ,Yes             ,DSL            ,No                 ,Yes                ,Yes                ,One year      ,Yes             ,Electronic check         ,78.55,California,Pasadena              ,34.165383,-118.123752,43,No     ,No               ,0,None   ,12,Yes            ,Yes           ,19.63,0,1124.24,2947.66,47,Medium,0,5,5,Resolved
7853-OETYL,Female,0,Yes    ,No        ,4,No          ,No phone service,DSL            ,No                 ,No                 ,No                 ,Month-to-month,Yes             ,Electronic check         ,29.05,California,West Covina           ,34.066964,-117.937007,40,Yes    ,Yes              ,2,Offer E,13,No             ,Yes           ,0.0,0,0.0,129.6,35,Medium,0,4,4,Resolved
3352-RICWQ,Female,0,Yes    ,Yes       ,9,Yes         ,No              ,No             ,No internet service,No internet service,No internet service,Two year      ,No              ,Mailed check             ,19.75,California,Davis                 ,38.508735,-121.678813,45,Yes    ,Yes              ,6,Offer E,0,No             ,No            ,0.0,0,145.17,355.82,24,High,1,3,4,Resolved
2791-SFVEW,Female,0,No     ,No        ,9,Yes         ,No              ,No             ,No internet service,No internet service,No internet service,Month-to-month,No              ,Bank transfer (automatic),20.15,California,Los Angeles           ,34.044639,-118.240413,63,No     ,No               ,0,Offer E,0,No             ,No            ,0.0,0,313.11,551.26,27,High,1,3,4,Resolved
3716-BDVDB,Male  ,0,No     ,No        ,1,Yes         ,No              ,Fiber optic    ,No                 ,No                 ,No                 ,Month-to-month,Yes             ,Electronic check         ,69.1,California,San Diego             ,32.957195,-117.202542,62,No     ,No               ,0,Offer E,18,No             ,Yes           ,0.0,0,38.66,107.76,82,Low,8,0,8,NotResolved
8749-JMNKX,Male  ,1,Yes    ,No        ,51,Yes         ,Yes             ,Fiber optic    ,No                 ,Yes                ,No                 ,Month-to-month,Yes             ,Bank transfer (automatic),93.8,California,Montebello            ,34.015217,-118.109962,80,Yes    ,Yes              ,1,Offer B,30,No             ,Yes           ,0.0,0,1129.14,5880.09,83,Low,8,0,8,Resolved
8603-IJWDN,Male  ,0,No     ,No        ,1,Yes         ,Yes             ,Fiber optic    ,No                 ,No                 ,Yes                ,Month-to-month,Yes             ,Electronic check         ,86.6,California,Pinole                ,37.996462,-122.293716,41,No     ,No               ,0,Offer E,18,Yes            ,Yes           ,0.0,0,5.43,92.03,93,Medium,9,1,10,Resolved
1216-JWVUX,Male  ,0,Yes    ,Yes       ,25,Yes         ,No              ,Fiber optic    ,No                 ,No                 ,No                 ,Month-to-month,Yes             ,Electronic check         ,75.5,California,San Miguel            ,35.886767,-120.608661,51,Yes    ,Yes              ,4,None   ,58,No             ,Yes           ,0.0,0,111.5,2012.55,33,Medium,0,4,4,Resolved
4043-MKDTV,Male  ,0,Yes    ,No        ,71,Yes         ,No              ,Fiber optic    ,Yes                ,Yes                ,Yes                ,Two year      ,Yes             ,Electronic check         ,105.25,California,Rancho Mirage         ,33.763678,-116.429928,54,Yes    ,Yes              ,10,Offer A,8,Yes            ,Yes           ,0.0,0,2675.99,9967.74,31,High,1,4,5,Resolved
8854-CCVSQ,Male  ,0,No     ,No        ,18,Yes         ,Yes             ,Fiber optic    ,No                 ,No                 ,No                 ,Month-to-month,Yes             ,Electronic check         ,80.65,California,Browns Valley         ,39.292334,-121.320597,58,No     ,No               ,0,None   ,7,No             ,No            ,0.0,30,699.66,2181.56,95,Low,9,1,10,Resolved
9242-TKFSV,Male  ,0,Yes    ,Yes       ,72,No          ,No phone service,DSL            ,Yes                ,Yes                ,Yes                ,Two year      ,Yes             ,Credit card (automatic)  ,65.1,California,Browns Valley         ,39.292334,-121.320597,53,Yes    ,Yes              ,7,Offer A,15,Yes            ,Yes           ,0.0,0,0.0,4754.3,30,High,0,4,4,NotResolved
5322-ZSMZY,Male  ,0,Yes    ,Yes       ,31,Yes         ,Yes             ,No             ,No internet service,No internet service,No internet service,Two year      ,No              ,Mailed check             ,25.75,California,Lower Lake            ,38.925545,-122.549083,26,Yes    ,Yes              ,7,None   ,0,No             ,No            ,0.0,0,217.93,973.53,32,High,0,4,4,Resolved
2514-GINMM,Male  ,0,No     ,No        ,1,Yes         ,No              ,Fiber optic    ,No                 ,Yes                ,No                 ,Month-to-month,Yes             ,Electronic check         ,79.5,California,Dana Point            ,33.477923,-117.705314,60,No     ,No               ,0,Offer E,23,No             ,No            ,0.0,0,48.97,128.47,92,Low,9,0,9,Resolved
3235-ETOOB,Male  ,0,Yes    ,No        ,8,Yes         ,No              ,Fiber optic    ,No                 ,No                 ,No                 ,Month-to-month,Yes             ,Electronic check         ,74.5,California,Lakeside              ,32.909873,-116.906774,51,Yes    ,Yes              ,1,None   ,23,No             ,Yes           ,0.0,0,383.28,993.18,88,Low,8,0,8,NotResolved
3976-HXHCE,Male  ,0,No     ,No        ,72,Yes         ,No              ,No             ,No internet service,No internet service,No internet service,Two year      ,No              ,Bank transfer (automatic),19.3,California,Belvedere Tiburon     ,37.885629,-122.46858,57,No     ,No               ,0,None   ,0,No             ,No            ,0.0,0,3294.0,4708.8,42,High,0,5,5,Resolved
5118-MUEYH,Female,0,Yes    ,No        ,48,Yes         ,Yes             ,Fiber optic    ,Yes                ,Yes                ,Yes                ,Month-to-month,Yes             ,Credit card (automatic)  ,105.1,California,Grand Terrace         ,34.029175,-117.307211,22,Yes    ,Yes              ,4,Offer B,51,Yes            ,Yes           ,0.0,0,1884.0,6967.55,42,Medium,0,5,5,NotResolved
9019-QVLZD,Female,0,No     ,No        ,1,Yes         ,No              ,Fiber optic    ,No                 ,Yes                ,No                 ,Month-to-month,No              ,Electronic check         ,79.55,California,Oakland               ,37.803883,-122.208417,58,No     ,No               ,0,None   ,15,No             ,No            ,0.0,10,32.13,121.68,81,Low,8,0,8,Resolved
3313-QKNKB,Male  ,0,Yes    ,No        ,59,Yes         ,Yes             ,Fiber optic    ,No                 ,No                 ,Yes                ,One year      ,No              ,Electronic check         ,85.55,California,Pebble Beach          ,36.587497,-121.944815,24,Yes    ,No               ,0,Offer B,52,Yes            ,Yes           ,0.0,0,407.69,5492.339999999999,80,Medium,8,0,8,Resolved
3723-BFBGR,Male  ,1,No     ,No        ,24,Yes         ,Yes             ,DSL            ,No                 ,No                 ,No                 ,Month-to-month,No              ,Credit card (automatic)  ,54.8,California,Borrego Springs       ,33.200369,-116.192313,74,No     ,No               ,0,None   ,27,No             ,No            ,0.0,110,207.84,1609.14,25,High,1,3,4,Resolved
5982-FPVQN,Female,0,Yes    ,Yes       ,37,Yes         ,Yes             ,Fiber optic    ,No                 ,No                 ,Yes                ,Month-to-month,Yes             ,Electronic check         ,95.15,California,Camarillo             ,34.205504,-118.993111,40,Yes    ,Yes              ,2,None   ,15,Yes            ,Yes           ,0.0,0,1518.11,5050.96,22,Medium,1,3,4,NotResolved
3750-CKVKH,Male  ,0,No     ,No        ,2,Yes         ,No              ,Fiber optic    ,No                 ,No                 ,No                 ,Month-to-month,Yes             ,Electronic check         ,67.75,California,Clearlake Oaks        ,39.07116,-122.598542,58,No     ,No               ,0,None   ,4,No             ,Yes           ,0.0,0,23.5,140.15,71,Low,7,0,7,Resolved
3645-DEYGF,Male  ,0,No     ,Yes       ,1,Yes         ,No              ,No             ,No internet service,No internet service,No internet service,Month-to-month,No              ,Mailed check             ,20.75,California,Northridge            ,34.236683,-118.517588,29,No     ,No               ,0,None   ,0,No             ,No            ,0.0,0,7.57,28.32,25,High,1,3,4,Resolved
8865-TNMNX,Male  ,0,Yes    ,Yes       ,10,Yes         ,No              ,DSL            ,No                 ,No                 ,No                 ,One year      ,No              ,Mailed check             ,49.55,California,Los Angeles           ,33.988543,-118.334081,53,Yes    ,Yes              ,6,Offer D,7,No             ,Yes           ,0.0,0,261.70000000000005,737.4000000000001,22,Medium,0,3,3,NotResolved
2164-SOQXL,Female,0,Yes    ,Yes       ,20,Yes         ,No              ,No             ,No internet service,No internet service,No internet service,Month-to-month,No              ,Mailed check             ,20.05,California,Los Angeles           ,33.988543,-118.334081,31,Yes    ,Yes              ,10,None   ,0,No             ,No            ,0.0,0,295.79999999999995,701.8499999999999,43,Medium,1,5,6,NotResolved
9470-YFUYI,Male  ,1,Yes    ,No        ,71,Yes         ,No              ,DSL            ,Yes                ,Yes                ,No                 ,One year      ,Yes             ,Bank transfer (automatic),71.0,California,Redway                ,40.142256,-123.852927,69,Yes    ,Yes              ,10,None   ,24,No             ,Yes           ,0.0,0,805.85,5817.950000000001,55,Medium,0,6,6,Resolved
4450-DLLMH,Male  ,0,No     ,No        ,2,Yes         ,No              ,Fiber optic    ,No                 ,No                 ,No                 ,Month-to-month,Yes             ,Credit card (automatic)  ,71.3,California,Avalon                ,33.391181,-118.421305,53,No     ,No               ,0,Offer E,3,No             ,Yes           ,0.0,0,13.48,171.23,43,Medium,0,5,5,Resolved
2476-YGEFM,Female,0,No     ,No        ,29,Yes         ,Yes             ,Fiber optic    ,No                 ,No                 ,No                 ,Month-to-month,Yes             ,Credit card (automatic)  ,76.0,California,Clovis                ,36.917652,-119.593757,24,No     ,No               ,0,None   ,42,No             ,Yes           ,0.0,0,203.29,2418.54,46,Medium,1,5,6,NotResolved
5981-ITEMU,Male  ,0,Yes    ,No        ,40,Yes         ,Yes             ,Fiber optic    ,No                 ,Yes                ,Yes                ,Month-to-month,Yes             ,Bank transfer (automatic),97.1,California,Marshall              ,38.129308,-122.834815,58,Yes    ,Yes              ,1,Offer B,23,Yes            ,Yes           ,41.85,0,653.1999999999999,4318.3,67,Medium,6,1,7,Resolved
3834-XUIFC,Male  ,0,No     ,No        ,7,Yes         ,Yes             ,Fiber optic    ,No                 ,No                 ,Yes                ,Month-to-month,Yes             ,Mailed check             ,85.2,California,Long Beach            ,33.771612,-118.143866,23,No     ,No               ,0,Offer E,26,Yes            ,Yes           ,0.0,0,131.81,734.3599999999999,86,Low,8,0,8,Resolved
3269-ATYWD,Male  ,1,No     ,No        ,39,Yes         ,Yes             ,Fiber optic    ,No                 ,Yes                ,Yes                ,Month-to-month,Yes             ,Bank transfer (automatic),95.65,California,San Francisco         ,37.800254,-122.436975,79,No     ,No               ,0,Offer C,23,No             ,No            ,0.0,150,1635.27,5544.32,65,Low,6,0,6,Resolved
3345-JHUEO,Male  ,0,No     ,No        ,4,Yes         ,No              ,No             ,No internet service,No internet service,No internet service,Month-to-month,Yes             ,Electronic check         ,20.2,California,Windsor               ,38.527297,-122.810044,29,No     ,No               ,0,None   ,0,No             ,No            ,0.0,0,186.12,241.82,45,Medium,0,5,5,Resolved
0461-CVKMU,Female,0,Yes    ,Yes       ,23,Yes         ,No              ,Fiber optic    ,Yes                ,No                 ,No                 ,Month-to-month,No              ,Electronic check         ,83.8,California,Oak Run               ,40.689243,-122.037023,45,Yes    ,No               ,0,None   ,28,No             ,Yes           ,0.0,0,892.6300000000001,2792.88,80,Low,8,1,9,Resolved
6877-LGWXO,Male  ,1,Yes    ,No        ,18,Yes         ,No              ,Fiber optic    ,No                 ,No                 ,Yes                ,Month-to-month,No              ,Electronic check         ,78.55,California,Pleasanton            ,37.685052,-121.912061,66,Yes    ,Yes              ,1,Offer D,18,No             ,Yes           ,0.0,0,89.64000000000001,1512.2900000000002,84,Medium,8,0,8,Resolved
4890-VMUAV,Male  ,0,No     ,No        ,63,Yes         ,Yes             ,DSL            ,Yes                ,No                 ,No                 ,One year      ,No              ,Electronic check         ,71.5,California,Alpine                ,32.827184,-116.703729,46,No     ,No               ,0,Offer B,11,No             ,No            ,0.0,70,1137.15,5783.450000000001,36,Medium,0,4,4,Resolved
8380-MQINP,Female,0,Yes    ,Yes       ,55,Yes         ,No              ,No             ,No internet service,No internet service,No internet service,Two year      ,No              ,Mailed check             ,20.3,California,Los Angeles           ,34.051809,-118.383843,62,Yes    ,Yes              ,3,None   ,0,No             ,No            ,0.0,0,174.9,1253.95,36,High,1,4,5,Resolved
8317-BVKSO,Male  ,0,No     ,No        ,14,Yes         ,No              ,No             ,No internet service,No internet service,No internet service,Month-to-month,Yes             ,Electronic check         ,20.05,California,Termo                 ,41.027281,-120.669427,27,No     ,No               ,0,None   ,0,No             ,No            ,0.0,0,128.66,427.96,32,High,1,4,5,Resolved
1349-WXNGG,Male  ,0,No     ,No        ,1,Yes         ,No              ,No             ,No internet service,No internet service,No internet service,Month-to-month,No              ,Bank transfer (automatic),20.05,California,Glendale              ,34.182378,-118.262922,57,No     ,No               ,0,None   ,0,No             ,No            ,0.0,0,12.0,32.05,66,Low,6,0,6,Resolved
7377-DMMRI,Male  ,0,No     ,No        ,2,Yes         ,No              ,DSL            ,No                 ,No                 ,No                 ,Month-to-month,Yes             ,Electronic check         ,47.8,California,Exeter                ,36.301689,-119.018233,35,No     ,No               ,0,Offer E,11,No             ,Yes           ,0.0,0,27.46,119.91,89,Low,8,0,8,Resolved
5993-JSUWV,Female,0,No     ,No        ,66,Yes         ,No              ,DSL            ,No                 ,No                 ,No                 ,Two year      ,Yes             ,Bank transfer (automatic),61.15,California,Columbia              ,38.085839,-120.37855,25,No     ,No               ,0,None   ,30,No             ,Yes           ,0.0,0,1410.42,5427.87,66,Medium,6,0,6,Resolved
3450-WXOAT,Male  ,0,No     ,No        ,46,Yes         ,No              ,DSL            ,No                 ,No                 ,No                 ,Month-to-month,Yes             ,Credit card (automatic)  ,45.2,California,Bakersfield           ,35.342891,-119.064803,36,No     ,No               ,0,Offer B,16,No             ,Yes           ,0.0,0,1109.98,3175.13,75,High,7,0,7,Resolved
2676-OXPPQ,Male  ,0,No     ,No        ,6,Yes         ,No              ,DSL            ,No                 ,No                 ,No                 ,Month-to-month,Yes             ,Bank transfer (automatic),55.7,California,Irvine                ,33.643095,-117.810896,22,No     ,No               ,0,None   ,41,No             ,Yes           ,0.0,0,18.96,354.61,45,Medium,0,5,5,Resolved
8100-PNJMH,Male  ,0,Yes    ,Yes       ,68,Yes         ,Yes             ,DSL            ,Yes                ,Yes                ,Yes                ,Two year      ,Yes             ,Credit card (automatic)  ,88.85,California,Glennville            ,35.735694,-118.738483,39,Yes    ,Yes              ,2,None   ,14,Yes            ,Yes           ,0.0,0,2829.48,8962.18,42,High,0,5,5,Resolved
4710-FDUIZ,Male  ,0,Yes    ,No        ,56,Yes         ,Yes             ,Fiber optic    ,No                 ,Yes                ,Yes                ,One year      ,No              ,Credit card (automatic)  ,100.3,California,Santa Ana             ,33.714829,-117.872941,50,Yes    ,Yes              ,2,None   ,7,Yes            ,No            ,0.0,100,1464.4,7178.849999999999,67,Low,6,0,6,Resolved
4581-SSPWD,Female,0,No     ,No        ,3,Yes         ,Yes             ,Fiber optic    ,No                 ,No                 ,No                 ,Month-to-month,Yes             ,Electronic check         ,75.8,California,Mountain View         ,37.380662,-122.086022,63,No     ,No               ,0,Offer E,23,No             ,No            ,0.0,10,15.6,271.90000000000003,93,Low,9,0,9,NotResolved
7426-RHZGU,Male  ,0,No     ,No        ,9,Yes         ,No              ,Fiber optic    ,Yes                ,Yes                ,Yes                ,Month-to-month,Yes             ,Bank transfer (automatic),95.9,California,Oakland               ,37.739113,-122.175602,41,No     ,No               ,0,None   ,3,Yes            ,Yes           ,0.0,0,277.2,1104.65,66,Medium,6,1,7,Resolved
2792-VPPET,Male  ,0,No     ,No        ,3,Yes         ,No              ,No             ,No internet service,No internet service,No internet service,Month-to-month,Yes             ,Electronic check         ,20.5,California,San Gabriel           ,34.089927,-118.095645,28,No     ,No               ,0,None   ,0,No             ,No            ,0.0,0,111.03,187.98,35,High,1,4,5,Resolved
0533-UCAAU,Male  ,1,Yes    ,No        ,57,Yes         ,Yes             ,DSL            ,No                 ,Yes                ,No                 ,One year      ,Yes             ,Credit card (automatic)  ,71.1,California,Montgomery Creek      ,40.877552,-121.885884,72,Yes    ,Yes              ,2,None   ,10,No             ,Yes           ,0.0,0,2745.12,6885.22,40,High,0,5,5,Resolved
4767-HZZHQ,Male  ,0,Yes    ,Yes       ,30,Yes         ,No              ,Fiber optic    ,No                 ,No                 ,No                 ,Month-to-month,No              ,Bank transfer (automatic),82.05,California,Redondo Beach         ,33.830453,-118.384565,32,Yes    ,Yes              ,5,Offer C,21,No             ,No            ,0.0,120,185.7,2875.9,9,Medium,0,1,1,Resolved
8659-IOOPU,Female,0,Yes    ,Yes       ,71,Yes         ,Yes             ,Fiber optic    ,Yes                ,No                 ,Yes                ,Two year      ,No              ,Electronic check         ,100.45,California,Moss Landing          ,36.863303,-121.781632,25,Yes    ,Yes              ,4,Offer A,59,Yes            ,Yes           ,16.12,0,2283.36,9426.94,34,Medium,1,4,5,Resolved
6097-EQISJ,Female,0,Yes    ,Yes       ,66,Yes         ,Yes             ,Fiber optic    ,No                 ,Yes                ,Yes                ,One year      ,Yes             ,Credit card (automatic)  ,102.45,California,Los Angeles           ,34.001617,-118.222274,41,Yes    ,Yes              ,1,Offer A,12,Yes            ,No            ,0.0,130,3218.82,9963.97,82,Low,8,0,8,Resolved
8066-POXGX,Female,0,No     ,No        ,13,No          ,No phone service,DSL            ,No                 ,No                 ,Yes                ,Month-to-month,Yes             ,Electronic check         ,35.1,California,Fresno                ,36.878709,-119.7645,28,No     ,No               ,0,Offer D,53,Yes            ,Yes           ,0.0,0,0.0,446.1,79,Medium,7,0,7,Resolved
4132-KALRO,Female,0,No     ,No        ,4,Yes         ,Yes             ,Fiber optic    ,Yes                ,Yes                ,Yes                ,Month-to-month,Yes             ,Mailed check             ,100.85,California,Davis Creek           ,41.750354,-120.403885,31,No     ,No               ,0,Offer E,3,Yes            ,No            ,0.0,10,31.76,441.01,21,High,1,3,4,Resolved
7245-NIIWQ,Female,0,No     ,No        ,3,Yes         ,No              ,Fiber optic    ,No                 ,No                 ,No                 ,Month-to-month,Yes             ,Electronic check         ,69.85,California,Fellows               ,35.215731,-119.57013,53,No     ,No               ,0,Offer E,21,No             ,Yes           ,0.0,0,104.28,304.13,40,High,1,5,6,NotResolved
8245-UMPYT,Female,1,No     ,No        ,16,Yes         ,Yes             ,Fiber optic    ,No                 ,Yes                ,Yes                ,Month-to-month,Yes             ,Electronic check         ,96.4,California,Lockwood              ,35.989792,-121.055933,66,No     ,No               ,0,None   ,14,No             ,Yes           ,47.2,0,513.76,2047.76,80,Medium,8,1,9,Resolved
1273-MTETI,Female,1,No     ,No        ,4,Yes         ,Yes             ,Fiber optic    ,No                 ,No                 ,Yes                ,Month-to-month,Yes             ,Electronic check         ,88.85,California,Rancho Cucamonga      ,34.245289,-117.642503,69,No     ,No               ,0,None   ,4,No             ,Yes           ,0.0,0,51.44,423.89,74,Medium,7,1,8,Resolved
7560-QRBXH,Female,0,No     ,Yes       ,48,Yes         ,No              ,No             ,No internet service,No internet service,No internet service,One year      ,No              ,Mailed check             ,19.95,California,Woodland              ,38.71967,-121.862416,32,No     ,No               ,0,None   ,0,No             ,No            ,0.0,0,441.12,1377.8200000000002,21,Medium,0,3,3,Resolved
5743-KHMNA,Male  ,0,No     ,No        ,71,Yes         ,Yes             ,No             ,No internet service,No internet service,No internet service,Two year      ,No              ,Bank transfer (automatic),25.55,California,Berkeley              ,37.858898,-122.240512,43,No     ,No               ,0,None   ,0,No             ,No            ,0.0,0,2774.68,4672.78,27,High,0,3,3,Resolved
1644-IRKSF,Female,0,Yes    ,Yes       ,33,Yes         ,No              ,Fiber optic    ,No                 ,Yes                ,Yes                ,One year      ,Yes             ,Electronic check         ,93.8,California,La Palma              ,33.850504,-118.039892,48,Yes    ,Yes              ,5,None   ,27,Yes            ,Yes           ,0.0,0,660.66,3785.16,76,Medium,7,1,8,Resolved
7951-QKZPL,Female,0,Yes    ,Yes       ,33,Yes         ,Yes             ,No             ,No internet service,No internet service,No internet service,Two year      ,Yes             ,Mailed check             ,24.5,California,Saint Helena          ,38.581354,-122.296283,21,Yes    ,Yes              ,1,None   ,0,No             ,No            ,35.05,0,1165.23,1870.48,77,Medium,7,1,8,NotResolved
3389-YGYAI,Female,1,No     ,No        ,8,Yes         ,Yes             ,Fiber optic    ,No                 ,Yes                ,Yes                ,Month-to-month,Yes             ,Electronic check         ,105.5,California,Princeton             ,39.424957,-122.039307,79,No     ,No               ,0,None   ,15,No             ,Yes           ,0.0,0,361.28,1190.83,72,Medium,7,0,7,Resolved
0406-BPDVR,Female,1,Yes    ,No        ,54,Yes         ,Yes             ,Fiber optic    ,No                 ,Yes                ,Yes                ,One year      ,Yes             ,Credit card (automatic)  ,101.5,California,Visalia               ,36.303793,-119.375646,75,Yes    ,No               ,0,Offer B,8,Yes            ,Yes           ,0.0,0,1808.46,7181.56,68,Low,6,0,6,Resolved
4760-XOHVN,Female,0,Yes    ,Yes       ,1,Yes         ,No              ,No             ,No internet service,No internet service,No internet service,Month-to-month,No              ,Mailed check             ,19.45,California,Myers Flat            ,40.267158,-123.805913,54,Yes    ,Yes              ,1,None   ,0,No             ,No            ,0.0,0,28.73,48.18,84,Low,8,0,8,Resolved
8938-UMKPI,Female,0,No     ,No        ,47,Yes         ,Yes             ,Fiber optic    ,No                 ,Yes                ,Yes                ,Month-to-month,Yes             ,Electronic check         ,106.4,California,Corona                ,33.819385,-117.600213,42,No     ,No               ,0,Offer B,25,Yes            ,No            ,0.0,0,1690.59,6818.54,91,Low,9,0,9,Resolved
7632-MNYOY,Male  ,1,No     ,No        ,66,Yes         ,Yes             ,Fiber optic    ,Yes                ,Yes                ,Yes                ,One year      ,No              ,Credit card (automatic)  ,110.9,California,Tahoe Vista           ,39.24124,-120.054765,69,No     ,No               ,0,None   ,25,No             ,Yes           ,0.0,0,653.4,8085.45,93,Medium,9,1,10,Resolved
8043-PNYSD,Male  ,0,Yes    ,Yes       ,63,Yes         ,No              ,No             ,No internet service,No internet service,No internet service,Two year      ,No              ,Mailed check             ,19.55,California,Lakehead              ,40.883853,-122.418258,48,Yes    ,Yes              ,4,Offer B,0,No             ,No            ,0.0,0,672.21,1917.81,36,High,0,4,4,Resolved
1154-HYWWO,Male  ,0,No     ,No        ,38,Yes         ,No              ,DSL            ,Yes                ,Yes                ,No                 ,One year      ,No              ,Mailed check             ,70.6,California,San Clemente          ,33.429488,-117.609432,55,No     ,No               ,0,Offer C,22,No             ,Yes           ,0.0,0,1605.12,4313.32,67,Medium,6,0,6,NotResolved
9801-NOSHQ,Male  ,0,No     ,Yes       ,23,Yes         ,No              ,No             ,No internet service,No internet service,No internet service,One year      ,No              ,Mailed check             ,19.8,California,Shingletown           ,40.497441,-121.827524,50,No     ,No               ,0,Offer D,0,No             ,No            ,0.0,0,27.6,493.05,49,Medium,0,5,5,NotResolved
6688-UZPWD,Female,0,Yes    ,No        ,11,Yes         ,Yes             ,Fiber optic    ,No                 ,Yes                ,Yes                ,Month-to-month,Yes             ,Electronic check         ,102.0,California,Palm Springs          ,33.839989,-116.659215,36,Yes    ,Yes              ,1,None   ,10,Yes            ,Yes           ,0.0,0,86.78999999999999,1232.14,88,Low,8,1,9,Resolved
2277-AXSDC,Female,0,No     ,No        ,32,Yes         ,No              ,No             ,No internet service,No internet service,No internet service,One year      ,No              ,Bank transfer (automatic),19.75,California,El Centro             ,32.770393,-115.60915,46,No     ,No               ,0,None   ,0,No             ,No            ,0.0,0,1401.6,2025.75,46,High,0,5,5,NotResolved
3950-VPYJB,Male  ,0,Yes    ,Yes       ,57,Yes         ,No              ,DSL            ,Yes                ,No                 ,No                 ,One year      ,No              ,Mailed check             ,59.6,California,Chester               ,40.243494,-121.154733,37,Yes    ,Yes              ,7,None   ,58,No             ,No            ,0.0,70,829.35,4408.75,28,Medium,1,3,4,NotResolved
0235-KGSLC,Female,0,No     ,No        ,1,Yes         ,No              ,Fiber optic    ,No                 ,Yes                ,No                 ,Month-to-month,Yes             ,Credit card (automatic)  ,85.55,California,Buellton              ,34.631362,-120.238218,45,No     ,No               ,0,Offer E,4,No             ,Yes           ,0.0,0,33.34,118.89,86,Low,8,1,9,NotResolved
6485-QXWWE,Female,0,No     ,Yes       ,62,Yes         ,Yes             ,No             ,No internet service,No internet service,No internet service,Two year      ,No              ,Bank transfer (automatic),26.0,California,Old Station           ,40.656287,-121.428965,51,No     ,No               ,0,Offer B,0,No             ,No            ,0.0,0,175.46,1814.16,46,Medium,1,5,6,Resolved
7056-IMHCC,Male  ,1,Yes    ,No        ,53,Yes         ,Yes             ,Fiber optic    ,No                 ,Yes                ,Yes                ,Month-to-month,Yes             ,Electronic check         ,101.9,California,Torrance              ,33.833699,-118.314387,69,Yes    ,Yes              ,1,Offer B,6,No             ,Yes           ,0.0,0,420.82,5970.219999999999,94,Low,9,0,9,Resolved
3002-WQZWT,Female,0,No     ,No        ,29,Yes         ,Yes             ,Fiber optic    ,No                 ,No                 ,No                 ,Month-to-month,Yes             ,Electronic check         ,74.2,California,Murrieta              ,33.581045,-117.14719,25,No     ,No               ,0,Offer C,82,No             ,Yes           ,0.0,0,475.02,2468.27,55,High,0,6,6,Resolved
0680-DFNNY,Male  ,0,Yes    ,No        ,15,Yes         ,Yes             ,Fiber optic    ,No                 ,Yes                ,Yes                ,Month-to-month,Yes             ,Electronic check         ,101.1,California,Winters               ,38.578604,-122.024579,62,Yes    ,Yes              ,1,None   ,29,Yes            ,Yes           ,0.0,0,610.5,2114.55,90,Low,9,0,9,NotResolved
9323-HGFWY,Female,0,Yes    ,No        ,27,Yes         ,No              ,Fiber optic    ,Yes                ,Yes                ,Yes                ,One year      ,Yes             ,Credit card (automatic)  ,101.9,California,Porter Ranch          ,34.281911,-118.556218,55,Yes    ,No               ,0,Offer C,27,Yes            ,Yes           ,0.0,0,540.54,3221.69,69,Medium,6,0,6,Resolved
5924-IFQTT,Male  ,0,Yes    ,Yes       ,13,Yes         ,Yes             ,DSL            ,Yes                ,Yes                ,No                 ,Month-to-month,Yes             ,Electronic check         ,72.8,California,Crescent Mills        ,40.080342,-120.957805,33,Yes    ,Yes              ,4,None   ,23,No             ,Yes           ,0.0,0,179.01,1109.06,46,High,1,5,6,Resolved
1768-HNVGJ,Female,1,No     ,No        ,45,Yes         ,Yes             ,DSL            ,Yes                ,No                 ,Yes                ,Month-to-month,Yes             ,Electronic check         ,70.05,California,Mountain View         ,37.419725,-122.062947,80,No     ,No               ,0,Offer B,3,Yes            ,Yes           ,0.0,0,830.7,3893.15,43,Medium,1,5,6,Resolved
2205-YMZZJ,Male  ,1,No     ,No        ,7,Yes         ,Yes             ,Fiber optic    ,No                 ,Yes                ,No                 ,Month-to-month,Yes             ,Electronic check         ,84.8,California,Clovis                ,36.814539,-119.711868,75,No     ,No               ,0,None   ,13,No             ,No            ,0.0,0,276.57,823.52,70,Medium,7,0,7,Resolved
6559-ILWKJ,Male  ,0,Yes    ,No        ,71,No          ,No phone service,DSL            ,No                 ,Yes                ,Yes                ,Two year      ,No              ,Electronic check         ,49.35,California,Fresno                ,36.78979,-119.929894,44,Yes    ,Yes              ,1,None   ,25,Yes            ,No            ,0.0,100,0.0,3615.25,95,Low,9,0,9,Resolved
9715-SBVSU,Male  ,0,Yes    ,Yes       ,14,Yes         ,No              ,DSL            ,No                 ,No                 ,Yes                ,Two year      ,Yes             ,Bank transfer (automatic),61.4,California,Loma Linda            ,34.049315,-117.255974,20,Yes    ,Yes              ,3,None   ,59,Yes            ,No            ,0.0,20,150.36,985.91,22,High,1,3,4,Resolved
8048-DSDFQ,Male  ,0,No     ,No        ,1,Yes         ,No              ,No             ,No internet service,No internet service,No internet service,Month-to-month,No              ,Mailed check             ,20.2,California,Midway City           ,33.744439,-117.98588,63,No     ,No               ,0,None   ,0,No             ,No            ,0.0,0,13.08,33.28,42,High,1,5,6,Resolved
6227-FBDXH,Male  ,0,Yes    ,No        ,69,Yes         ,Yes             ,Fiber optic    ,No                 ,Yes                ,Yes                ,One year      ,No              ,Bank transfer (automatic),99.5,California,Essex                 ,34.9436,-115.287901,50,Yes    ,Yes              ,10,Offer A,4,Yes            ,Yes           ,0.0,0,262.89,7104.34,56,High,0,6,6,Resolved
1334-PDUKM,Female,0,Yes    ,No        ,68,Yes         ,Yes             ,Fiber optic    ,No                 ,No                 ,No                 ,One year      ,No              ,Credit card (automatic)  ,86.45,California,Palomar Mountain      ,33.309852,-116.823091,48,Yes    ,Yes              ,5,Offer A,15,No             ,No            ,0.0,150,663.68,6576.63,39,High,1,4,5,Resolved
3106-ULWFW,Female,0,Yes    ,No        ,8,Yes         ,Yes             ,Fiber optic    ,No                 ,No                 ,Yes                ,Month-to-month,Yes             ,Credit card (automatic)  ,85.2,California,Fontana               ,34.049671,-117.468896,32,Yes    ,No               ,0,Offer E,16,Yes            ,Yes           ,0.0,0,211.28,838.68,95,Low,9,0,9,Resolved
7781-HVGMK,Female,0,Yes    ,Yes       ,72,No          ,No phone service,DSL            ,Yes                ,Yes                ,Yes                ,Two year      ,Yes             ,Credit card (automatic)  ,65.2,California,Amboy                 ,34.559882,-115.637164,56,Yes    ,Yes              ,5,Offer A,30,Yes            ,Yes           ,0.0,0,0.0,4784.45,27,Medium,1,3,4,Resolved
8979-CAMGB,Male  ,1,No     ,No        ,64,Yes         ,Yes             ,Fiber optic    ,Yes                ,Yes                ,Yes                ,One year      ,No              ,Electronic check         ,102.1,California,Vacaville             ,38.333133,-121.920151,67,No     ,No               ,0,None   ,26,Yes            ,Yes           ,0.0,0,644.48,7332.58,47,High,1,5,6,Resolved
0447-RXSGD,Male  ,0,No     ,No        ,24,Yes         ,Yes             ,Fiber optic    ,No                 ,Yes                ,Yes                ,Month-to-month,Yes             ,Bank transfer (automatic),99.65,California,Monterey              ,36.362741,-121.869685,39,No     ,No               ,0,Offer C,6,Yes            ,Yes           ,0.0,0,616.3199999999999,3021.17,47,Medium,0,5,5,Resolved
5673-FSSMF,Female,0,No     ,No        ,1,Yes         ,Yes             ,DSL            ,No                 ,No                 ,Yes                ,Month-to-month,Yes             ,Electronic check         ,60.15,California,Delhi                 ,37.422961,-120.765493,19,No     ,No               ,0,Offer E,59,Yes            ,No            ,0.0,20,33.48,113.63,91,Medium,9,0,9,Resolved
5227-JSCFE,Male  ,1,Yes    ,No        ,71,No          ,No phone service,DSL            ,Yes                ,No                 ,No                 ,Two year      ,No              ,Credit card (automatic)  ,46.35,California,Scotts Valley         ,37.070177,-122.010077,74,Yes    ,Yes              ,9,Offer A,19,No             ,Yes           ,18.64,0,0.0,3334.76,28,High,0,3,3,Resolved
6629-LADHQ,Female,0,No     ,No        ,2,Yes         ,No              ,DSL            ,No                 ,No                 ,No                 ,Month-to-month,No              ,Mailed check             ,50.95,California,Santa Barbara         ,34.406256,-119.726936,42,No     ,No               ,0,Offer E,24,No             ,Yes           ,0.0,0,73.92,196.97,37,Medium,0,4,4,Resolved
4116-TZAQJ,Female,0,No     ,No        ,9,Yes         ,No              ,Fiber optic    ,No                 ,No                 ,No                 ,Month-to-month,Yes             ,Credit card (automatic)  ,74.25,California,Culver City           ,33.993991,-118.39704,23,No     ,No               ,0,None   ,76,Yes            ,Yes           ,0.0,0,124.74,764.39,76,Low,7,1,8,NotResolved
7321-PKUYW,Female,0,No     ,No        ,11,Yes         ,Yes             ,Fiber optic    ,Yes                ,Yes                ,No                 ,Month-to-month,No              ,Electronic check         ,90.15,California,Branscomb             ,39.710591,-123.682799,46,No     ,No               ,0,Offer D,3,No             ,Yes           ,0.0,0,245.96,1233.91,66,Low,6,0,6,Resolved
4800-CZMPC,Female,0,Yes    ,Yes       ,48,Yes         ,Yes             ,Fiber optic    ,No                 ,Yes                ,Yes                ,One year      ,Yes             ,Credit card (automatic)  ,103.25,California,Delano                ,35.772244,-119.209689,24,Yes    ,Yes              ,1,Offer B,47,Yes            ,Yes           ,0.0,0,305.28000000000003,5342.83,71,Low,7,1,8,Resolved
4598-XLKNJ,Female,1,Yes    ,No        ,25,Yes         ,No              ,Fiber optic    ,No                 ,Yes                ,Yes                ,Month-to-month,Yes             ,Electronic check         ,98.5,California,Inglewood             ,33.936291,-118.332639,78,Yes    ,Yes              ,1,Offer C,12,No             ,Yes           ,13.43,0,494.00000000000006,2995.07,88,Low,8,0,8,Resolved
6479-VDGRK,Female,0,Yes    ,Yes       ,72,Yes         ,No              ,DSL            ,Yes                ,Yes                ,Yes                ,Two year      ,No              ,Bank transfer (automatic),85.3,California,Cardiff By The Sea    ,33.015866,-117.272254,46,Yes    ,No               ,0,None   ,21,Yes            ,Yes           ,0.0,0,2601.36,8730.56,28,Medium,1,3,4,Resolved
6993-OHLXR,Female,0,No     ,No        ,2,Yes         ,No              ,Fiber optic    ,No                 ,No                 ,No                 ,Month-to-month,No              ,Electronic check         ,68.95,California,Walnut Creek          ,37.900662,-122.052782,26,No     ,No               ,0,None   ,39,Yes            ,Yes           ,0.0,0,61.46,181.21,84,Low,8,0,8,NotResolved
8051-HJRLT,Female,1,No     ,No        ,1,Yes         ,No              ,Fiber optic    ,No                 ,No                 ,No                 ,Month-to-month,Yes             ,Electronic check         ,70.55,California,Wrightwood            ,34.358321,-117.618263,72,No     ,No               ,0,Offer E,13,No             ,Yes           ,0.0,0,18.2,88.75,82,Medium,8,1,9,Resolved
9764-REAFF,Female,0,Yes    ,No        ,59,Yes         ,No              ,No             ,No internet service,No internet service,No internet service,Two year      ,No              ,Bank transfer (automatic),18.4,California,Stonyford             ,39.288127,-122.415841,60,Yes    ,Yes              ,9,Offer B,0,No             ,No            ,0.0,0,1592.41,2650.26,20,High,0,3,3,Resolved
3164-AALRN,Male  ,0,No     ,No        ,5,Yes         ,No              ,DSL            ,No                 ,Yes                ,Yes                ,One year      ,Yes             ,Mailed check             ,70.0,California,Greenwood             ,38.921333,-120.897718,39,No     ,No               ,0,None   ,22,Yes            ,No            ,0.0,10,226.25,583.65,77,Low,7,1,8,Resolved
3082-WQRVY,Male  ,1,Yes    ,No        ,14,Yes         ,No              ,No             ,No internet service,No internet service,No internet service,One year      ,No              ,Mailed check             ,19.65,California,Stockton              ,37.954089,-121.329761,73,Yes    ,Yes              ,8,None   ,0,No             ,No            ,0.0,0,640.64,869.29,66,High,6,0,6,Resolved
6362-QHAFM,Male  ,0,Yes    ,No        ,42,Yes         ,Yes             ,Fiber optic    ,Yes                ,Yes                ,Yes                ,One year      ,Yes             ,Electronic check         ,108.3,California,Sacramento            ,38.590035,-121.412455,53,Yes    ,Yes              ,1,None   ,11,Yes            ,Yes           ,0.0,0,1782.9,6369.049999999999,63,Medium,6,0,6,Resolved
3473-XIIIT,Female,0,Yes    ,No        ,16,Yes         ,Yes             ,Fiber optic    ,No                 ,Yes                ,Yes                ,Month-to-month,Yes             ,Electronic check         ,100.0,California,Sacramento            ,38.517295,-121.439819,61,Yes    ,Yes              ,1,None   ,26,Yes            ,Yes           ,0.0,0,605.28,2140.03,68,Low,6,0,6,Resolved
1439-LCGVL,Female,0,Yes    ,No        ,26,Yes         ,No              ,No             ,No internet service,No internet service,No internet service,One year      ,No              ,Mailed check             ,19.2,California,Los Angeles           ,34.051809,-118.383843,42,Yes    ,Yes              ,10,Offer C,0,No             ,No            ,0.0,0,45.5,505.1,39,Medium,1,4,5,Resolved
7243-LCGGZ,Female,0,No     ,No        ,1,Yes         ,No              ,No             ,No internet service,No internet service,No internet service,Month-to-month,No              ,Mailed check             ,20.9,California,Alhambra              ,34.090925,-118.128164,28,No     ,No               ,0,None   ,0,No             ,No            ,0.0,0,10.21,31.11,72,High,7,0,7,Resolved
7206-PQBBZ,Male  ,1,Yes    ,No        ,11,Yes         ,No              ,Fiber optic    ,No                 ,No                 ,No                 ,Month-to-month,Yes             ,Electronic check         ,70.2,California,Fontana               ,34.136367,-117.460803,76,Yes    ,Yes              ,7,Offer D,29,No             ,Yes           ,0.0,0,268.62,1103.3200000000002,29,Medium,0,3,3,Resolved
3755-JBMNH,Male  ,1,Yes    ,No        ,16,Yes         ,No              ,Fiber optic    ,No                 ,No                 ,No                 ,Month-to-month,Yes             ,Bank transfer (automatic),71.8,California,Huntington Beach      ,33.679659,-118.016195,78,Yes    ,Yes              ,1,None   ,5,No             ,Yes           ,0.0,0,734.4,1902.2,86,Low,8,1,9,Resolved
5956-VKDTT,Female,1,Yes    ,No        ,5,Yes         ,Yes             ,Fiber optic    ,No                 ,No                 ,No                 ,Month-to-month,Yes             ,Electronic check         ,74.35,California,Moreno Valley         ,33.970661,-117.255039,72,Yes    ,Yes              ,4,Offer E,22,No             ,Yes           ,0.0,0,228.8,563.6,82,Low,8,1,9,Resolved
0516-WJVXC,Female,0,No     ,No        ,5,Yes         ,No              ,DSL            ,Yes                ,No                 ,No                 ,Month-to-month,No              ,Electronic check         ,54.2,California,Sacramento            ,38.556306,-121.495817,21,No     ,No               ,0,None   ,69,No             ,Yes           ,0.0,0,18.05,326.3,78,Low,7,1,8,NotResolved
3662-FXJFO,Female,0,No     ,No        ,54,Yes         ,No              ,No             ,No internet service,No internet service,No internet service,Two year      ,Yes             ,Mailed check             ,20.5,California,Redondo Beach         ,33.873395,-118.37019,44,No     ,No               ,0,Offer B,0,No             ,No            ,0.0,0,584.82,1620.52,30,High,1,4,5,NotResolved
7267-FRMJW,Female,0,Yes    ,Yes       ,25,Yes         ,No              ,No             ,No internet service,No internet service,No internet service,Two year      ,No              ,Mailed check             ,20.1,California,Sierra Madre          ,34.168686,-118.057505,25,Yes    ,Yes              ,1,Offer C,0,No             ,No            ,0.0,0,114.25,600.3,46,Medium,1,5,6,Resolved
3419-SNJJD,Female,1,Yes    ,No        ,65,Yes         ,Yes             ,Fiber optic    ,No                 ,Yes                ,Yes                ,Month-to-month,No              ,Bank transfer (automatic),105.25,California,Yorba Linda           ,33.884073,-117.732197,78,Yes    ,Yes              ,3,Offer B,28,No             ,Yes           ,0.0,0,1195.35,7981.75,91,Low,9,1,10,NotResolved
3719-TDVQB,Female,1,Yes    ,No        ,54,Yes         ,No              ,No             ,No internet service,No internet service,No internet service,Two year      ,Yes             ,Mailed check             ,18.95,California,Ripon                 ,37.750778,-121.13238,68,Yes    ,Yes              ,3,None   ,0,No             ,No            ,0.0,0,1292.76,2323.86,28,High,1,3,4,Resolved
2284-VFLKH,Male  ,0,Yes    ,No        ,49,Yes         ,No              ,Fiber optic    ,Yes                ,Yes                ,Yes                ,One year      ,Yes             ,Credit card (automatic)  ,99.25,California,Clipper Mills         ,39.562239,-121.14836,23,Yes    ,Yes              ,4,Offer B,27,Yes            ,Yes           ,0.0,0,1662.57,6583.37,43,Medium,1,5,6,Resolved
7480-SPLEF,Male  ,0,Yes    ,Yes       ,69,Yes         ,Yes             ,No             ,No internet service,No internet service,No internet service,Two year      ,Yes             ,Bank transfer (automatic),26.0,California,Dunlap                ,36.789213,-119.140338,63,Yes    ,Yes              ,5,None   ,0,No             ,No            ,0.0,0,800.4,2596.95,22,Medium,0,3,3,Resolved
9940-RHLFB,Female,0,No     ,No        ,1,Yes         ,No              ,Fiber optic    ,No                 ,No                 ,No                 ,Month-to-month,No              ,Electronic check         ,75.3,California,Sunset Beach          ,33.719221,-118.073596,53,No     ,No               ,0,Offer E,3,No             ,Yes           ,0.0,0,26.06,101.36,66,Low,6,1,7,NotResolved
9761-XUJWD,Male  ,0,No     ,No        ,5,Yes         ,No              ,DSL            ,Yes                ,No                 ,Yes                ,Month-to-month,Yes             ,Bank transfer (automatic),65.6,California,Fresno                ,36.841655,-119.797113,22,No     ,No               ,0,None   ,59,Yes            ,Yes           ,0.0,0,43.0,382.9,65,High,6,0,6,Resolved
8414-MYSHR,Male  ,1,No     ,No        ,5,Yes         ,No              ,Fiber optic    ,No                 ,Yes                ,Yes                ,Month-to-month,Yes             ,Electronic check         ,91.4,California,Arcadia               ,34.128284,-118.047732,79,No     ,No               ,0,None   ,11,No             ,Yes           ,0.0,0,22.95,472.7,78,Low,7,0,7,Resolved
5307-DZCVC,Female,1,Yes    ,No        ,32,Yes         ,Yes             ,Fiber optic    ,No                 ,Yes                ,No                 ,Month-to-month,Yes             ,Credit card (automatic)  ,85.95,California,Sacramento            ,38.685069,-121.543709,78,Yes    ,No               ,0,Offer C,9,No             ,Yes           ,0.0,0,1566.4,4195.0,74,Medium,7,0,7,Resolved
8022-BECSI,Male  ,0,No     ,No        ,22,Yes         ,No              ,No             ,No internet service,No internet service,No internet service,One year      ,No              ,Mailed check             ,19.6,California,Santa Ysabel          ,33.174725,-116.743329,62,No     ,No               ,0,None   ,0,No             ,No            ,0.0,0,450.12,872.62,37,High,1,4,5,Resolved
2672-TGEFF,Female,0,Yes    ,Yes       ,37,Yes         ,Yes             ,Fiber optic    ,No                 ,Yes                ,No                 ,Month-to-month,Yes             ,Electronic check         ,88.8,California,Traver                ,36.456091,-119.486225,33,Yes    ,Yes              ,3,Offer C,16,No             ,Yes           ,0.0,0,39.96,3380.51,31,High,0,4,4,Resolved
6010-DDPPW,Male  ,0,Yes    ,No        ,70,Yes         ,Yes             ,No             ,No internet service,No internet service,No internet service,Two year      ,No              ,Bank transfer (automatic),25.15,California,Newport Coast         ,33.603282,-117.821841,61,Yes    ,Yes              ,7,Offer A,0,No             ,No            ,0.0,0,632.0999999999999,2572.95,30,High,0,4,4,Resolved
5208-FVQKB,Male  ,0,Yes    ,No        ,70,Yes         ,No              ,DSL            ,Yes                ,No                 ,Yes                ,Two year      ,No              ,Mailed check             ,67.95,California,Lakeshore             ,37.290606,-119.216328,41,Yes    ,Yes              ,7,Offer A,15,Yes            ,Yes           ,0.0,0,1745.1,6409.25,27,Medium,1,3,4,Resolved
8183-ONMXC,Female,0,No     ,No        ,2,Yes         ,No              ,Fiber optic    ,No                 ,No                 ,Yes                ,Month-to-month,No              ,Electronic check         ,80.75,California,Chula Vista           ,32.605012,-116.97595,41,No     ,No               ,0,None   ,6,Yes            ,Yes           ,0.0,0,10.22,169.67,87,Medium,8,1,9,Resolved
5386-THSLQ,Female,1,Yes    ,No        ,66,No          ,No phone service,DSL            ,No                 ,Yes                ,No                 ,One year      ,No              ,Bank transfer (automatic),45.55,California,Santa Monica          ,34.035849,-118.503508,65,Yes    ,No               ,0,Offer A,9,No             ,Yes           ,0.0,0,0.0,3027.25,28,High,1,3,4,Resolved
6861-OKBCE,Female,0,No     ,Yes       ,11,Yes         ,No              ,No             ,No internet service,No internet service,No internet service,Month-to-month,No              ,Credit card (automatic)  ,20.1,California,Seal Beach            ,33.75462,-118.071128,62,No     ,No               ,0,Offer D,0,No             ,No            ,0.0,0,363.66,585.01,95,Low,9,1,10,Resolved
2812-ENYMO,Male  ,0,No     ,No        ,26,No          ,No phone service,DSL            ,Yes                ,Yes                ,Yes                ,One year      ,No              ,Credit card (automatic)  ,54.55,California,Orick                 ,41.336354,-124.044354,22,No     ,No               ,0,Offer C,82,Yes            ,Yes           ,0.0,0,0.0,1362.85,54,High,1,6,7,Resolved
6840-RESVB,Male  ,0,Yes    ,Yes       ,24,Yes         ,Yes             ,DSL            ,Yes                ,Yes                ,Yes                ,One year      ,Yes             ,Mailed check             ,84.8,California,Adelanto              ,34.667815,-117.536183,38,Yes    ,Yes              ,1,Offer C,24,Yes            ,Yes           ,48.23,0,865.1999999999999,2807.47,59,Medium,0,6,6,NotResolved
4808-YNLEU,Female,0,Yes    ,No        ,35,Yes         ,No              ,DSL            ,No                 ,Yes                ,No                 ,One year      ,Yes             ,Bank transfer (automatic),62.15,California,Maywood               ,33.988572,-118.186565,51,Yes    ,Yes              ,1,Offer C,30,No             ,Yes           ,0.0,0,858.5500000000001,3074.0,39,High,1,4,5,Resolved
8644-XLFBW,Male  ,1,No     ,No        ,1,Yes         ,No              ,Fiber optic    ,No                 ,No                 ,No                 ,Month-to-month,Yes             ,Electronic check         ,71.65,California,Lake Elsinore         ,33.705836,-117.318204,65,No     ,No               ,0,Offer E,12,No             ,Yes           ,0.0,0,28.46,100.11,84,Low,8,0,8,Resolved
1452-VOQCH,Male  ,0,No     ,No        ,1,Yes         ,Yes             ,Fiber optic    ,No                 ,No                 ,No                 ,Month-to-month,Yes             ,Electronic check         ,75.1,California,Hinkley               ,34.983808,-117.239306,61,No     ,No               ,0,None   ,28,No             ,Yes           ,0.0,0,4.53,79.63,28,Medium,0,3,3,Resolved
1022-RKXDR,Female,0,No     ,No        ,41,Yes         ,Yes             ,No             ,No internet service,No internet service,No internet service,One year      ,Yes             ,Mailed check             ,24.85,California,South El Monte        ,34.04622,-118.053753,38,No     ,No               ,0,None   ,0,No             ,No            ,0.0,0,1339.06,2301.31,42,Medium,1,5,6,Resolved
4451-RWASJ,Male  ,0,Yes    ,Yes       ,15,Yes         ,No              ,No             ,No internet service,No internet service,No internet service,One year      ,Yes             ,Mailed check             ,19.5,California,Lagunitas             ,38.021772,-122.691744,35,Yes    ,Yes              ,9,Offer D,0,No             ,No            ,0.0,0,740.4,980.15,59,High,0,6,6,Resolved
3078-ZKNTS,Female,0,Yes    ,Yes       ,13,Yes         ,No              ,No             ,No internet service,No internet service,No internet service,Two year      ,Yes             ,Bank transfer (automatic),19.75,California,Rancho Santa Fe       ,32.99356,-117.207121,45,Yes    ,Yes              ,7,None   ,0,No             ,No            ,0.0,0,72.54,319.24,22,Medium,0,3,3,Resolved
3174-AKMAS,Female,0,Yes    ,No        ,46,Yes         ,No              ,DSL            ,Yes                ,Yes                ,No                 ,Two year      ,Yes             ,Credit card (automatic)  ,64.2,California,Hume                  ,36.807595,-118.901544,61,Yes    ,Yes              ,1,None   ,6,No             ,Yes           ,0.0,0,1702.92,4712.42,41,High,1,5,6,NotResolved
8677-HDZEE,Female,0,No     ,No        ,56,Yes         ,Yes             ,Fiber optic    ,Yes                ,Yes                ,Yes                ,Month-to-month,Yes             ,Bank transfer (automatic),105.45,California,Mountain Center       ,33.638645,-116.55783,42,No     ,No               ,0,Offer B,3,Yes            ,Yes           ,0.0,0,140.0,6056.95,55,Medium,0,6,6,Resolved
2165-VOEGB,Female,0,No     ,Yes       ,46,Yes         ,No              ,Fiber optic    ,Yes                ,Yes                ,Yes                ,One year      ,Yes             ,Bank transfer (automatic),105.2,California,Burbank               ,34.188339,-118.300942,23,No     ,No               ,0,None   ,71,Yes            ,Yes           ,0.0,0,1979.84,6802.6900000000005,91,Low,9,0,9,Resolved
4248-QPAVC,Female,1,Yes    ,No        ,17,Yes         ,Yes             ,Fiber optic    ,No                 ,No                 ,No                 ,Month-to-month,Yes             ,Bank transfer (automatic),85.35,California,Portola               ,39.786755,-120.445626,80,Yes    ,Yes              ,1,Offer D,6,No             ,Yes           ,0.0,0,625.94,2089.3900000000003,90,Low,7,0,7,Resolved
6390-DSAZX,Female,0,No     ,Yes       ,1,Yes         ,No              ,Fiber optic    ,No                 ,No                 ,No                 ,Month-to-month,Yes             ,Mailed check             ,73.6,California,Guatay                ,32.857946,-116.561917,21,No     ,No               ,0,None   ,52,Yes            ,Yes           ,0.0,0,6.19,79.78999999999999,80,Low,8,0,8,Resolved
6985-HAYWX,Female,0,Yes    ,No        ,26,Yes         ,Yes             ,Fiber optic    ,No                 ,No                 ,No                 ,Month-to-month,No              ,Bank transfer (automatic),79.3,California,Hughson               ,37.5923,-120.853288,50,Yes    ,Yes              ,5,None   ,10,No             ,Yes           ,0.0,0,977.6,2993.4,54,Medium,1,6,7,Resolved
6502-KUGLL,Female,0,Yes    ,Yes       ,14,Yes         ,No              ,DSL            ,Yes                ,No                 ,No                 ,Month-to-month,No              ,Bank transfer (automatic),59.45,California,El Monte              ,34.074492,-118.01462,29,Yes    ,Yes              ,4,Offer D,69,No             ,Yes           ,0.0,0,596.96,1377.81,26,Medium,0,3,3,Resolved
9469-WEJBT,Male  ,0,Yes    ,No        ,37,Yes         ,No              ,Fiber optic    ,Yes                ,No                 ,Yes                ,Month-to-month,Yes             ,Electronic check         ,90.35,California,Carnelian Bay         ,39.227434,-120.091806,56,Yes    ,Yes              ,4,None   ,22,Yes            ,No            ,0.0,150,258.63,3827.93,76,Medium,7,1,8,Resolved
5840-NVDCG,Female,0,Yes    ,Yes       ,16,Yes         ,No              ,DSL            ,Yes                ,No                 ,Yes                ,Two year      ,No              ,Bank transfer (automatic),68.25,California,Pacoima               ,34.255442,-118.421314,32,Yes    ,Yes              ,10,None   ,30,Yes            ,Yes           ,0.0,0,321.92,1436.77,43,Medium,1,5,6,NotResolved
8108-UXRQN,Female,0,Yes    ,Yes       ,11,No          ,No phone service,DSL            ,No                 ,Yes                ,Yes                ,Month-to-month,No              ,Electronic check         ,50.55,California,Lawndale              ,33.88856,-118.351813,23,Yes    ,Yes              ,1,None   ,41,Yes            ,Yes           ,0.0,0,0.0,565.35,28,Medium,1,3,4,Resolved
4609-KNNWG,Female,0,Yes    ,Yes       ,27,Yes         ,No              ,No             ,No internet service,No internet service,No internet service,Two year      ,No              ,Mailed check             ,19.9,California,Dunnigan              ,38.931425,-121.946081,36,Yes    ,Yes              ,1,None   ,0,No             ,No            ,0.0,0,64.8,614.9,49,High,0,5,5,Resolved
4905-JEFDW,Male  ,0,No     ,No        ,11,No          ,No phone service,DSL            ,No                 ,Yes                ,No                 ,One year      ,Yes             ,Electronic check         ,41.6,California,Palo Alto             ,37.416159,-122.131337,39,No     ,No               ,0,None   ,5,No             ,Yes           ,0.0,0,0.0,470.6,81,Low,8,1,9,Resolved
3001-CBHLQ,Male  ,1,Yes    ,No        ,32,Yes         ,Yes             ,Fiber optic    ,Yes                ,Yes                ,Yes                ,Month-to-month,Yes             ,Electronic check         ,104.9,California,Angels Camp           ,38.071327,-120.632221,76,Yes    ,Yes              ,1,Offer C,22,No             ,Yes           ,33.73,0,1392.32,4710.14,79,Low,7,0,7,Resolved
6982-SSHFK,Male  ,0,No     ,No        ,1,Yes         ,No              ,DSL            ,No                 ,No                 ,No                 ,Month-to-month,No              ,Mailed check             ,44.4,California,Fresno                ,36.768774,-119.762633,45,No     ,No               ,0,Offer E,12,No             ,Yes           ,0.0,0,32.44,76.84,89,Low,8,0,8,Resolved
8990-YOZLV,Female,0,No     ,No        ,69,Yes         ,Yes             ,DSL            ,Yes                ,No                 ,No                 ,Two year      ,Yes             ,Mailed check             ,66.9,California,Hickman               ,37.605926,-120.69955,46,No     ,No               ,0,Offer A,7,No             ,Yes           ,0.0,0,959.79,5537.69,68,Medium,6,0,6,Resolved
5922-ABDVO,Female,0,Yes    ,No        ,19,Yes         ,Yes             ,Fiber optic    ,No                 ,No                 ,Yes                ,Month-to-month,No              ,Mailed check             ,89.65,California,Seal Beach            ,33.75462,-118.071128,20,Yes    ,Yes              ,1,Offer D,47,Yes            ,No            ,0.0,80,412.49,2253.54,74,Medium,7,0,7,Resolved
0442-TDYUO,Male  ,0,Yes    ,No        ,48,Yes         ,No              ,No             ,No internet service,No internet service,No internet service,Two year      ,Yes             ,Mailed check             ,20.05,California,Bodega                ,38.343282,-122.9755,44,Yes    ,Yes              ,4,None   ,0,No             ,No            ,0.0,0,1586.88,2622.88,28,Medium,1,3,4,Resolved
3653-NCRDJ,Male  ,0,Yes    ,Yes       ,43,Yes         ,No              ,No             ,No internet service,No internet service,No internet service,One year      ,Yes             ,Mailed check             ,19.2,California,Sacramento            ,38.625096,-121.383658,39,Yes    ,Yes              ,10,None   ,0,No             ,No            ,9.48,0,643.71,1410.48,74,High,7,0,7,Resolved
4957-TIALW,Female,0,No     ,Yes       ,15,Yes         ,No              ,DSL            ,Yes                ,No                 ,No                 ,One year      ,No              ,Credit card (automatic)  ,65.6,California,Corona                ,33.918043,-117.617809,26,No     ,No               ,0,Offer D,73,Yes            ,Yes           ,0.0,0,301.65,1311.65,28,Medium,0,3,3,Resolved
3853-LYGAM,Male  ,0,No     ,No        ,17,Yes         ,Yes             ,Fiber optic    ,Yes                ,No                 ,Yes                ,Month-to-month,Yes             ,Bank transfer (automatic),95.65,California,Meadow Vista          ,39.003358,-121.022539,58,No     ,No               ,0,None   ,5,Yes            ,Yes           ,0.0,0,359.38,1999.38,49,High,1,5,6,NotResolved
1285-OKIPP,Male  ,0,No     ,No        ,1,Yes         ,No              ,Fiber optic    ,No                 ,No                 ,Yes                ,Month-to-month,No              ,Electronic check         ,79.9,California,Mission Hills         ,34.266389,-118.459744,62,No     ,No               ,0,None   ,21,Yes            ,Yes           ,0.0,0,23.2,103.1,91,Low,9,1,10,Resolved
0402-CQAJN,Female,0,No     ,No        ,37,Yes         ,Yes             ,Fiber optic    ,No                 ,Yes                ,Yes                ,Month-to-month,Yes             ,Bank transfer (automatic),101.9,California,El Monte              ,34.074492,-118.01462,22,No     ,No               ,0,None   ,59,Yes            ,Yes           ,0.0,0,889.48,4434.83,83,Medium,8,1,9,NotResolved
6424-ELEYH,Female,0,Yes    ,No        ,3,Yes         ,Yes             ,Fiber optic    ,No                 ,No                 ,No                 ,Month-to-month,Yes             ,Credit card (automatic)  ,74.75,California,Lebec                 ,34.845861,-118.885163,39,Yes    ,Yes              ,1,Offer E,13,No             ,Yes           ,0.0,0,105.54,335.04,65,Low,6,1,7,Resolved
6035-BXTTY,Female,1,No     ,No        ,32,Yes         ,No              ,DSL            ,Yes                ,No                 ,No                 ,Month-to-month,No              ,Bank transfer (automatic),54.65,California,Rancho Santa Fe       ,33.012751,-117.200617,69,No     ,No               ,0,None   ,14,No             ,No            ,0.0,10,637.44,2477.54,56,High,1,6,7,Resolved
0575-CUQOV,Male  ,1,Yes    ,No        ,60,Yes         ,No              ,Fiber optic    ,No                 ,Yes                ,Yes                ,One year      ,Yes             ,Electronic check         ,97.95,California,Hilmar                ,37.394536,-120.890747,76,Yes    ,Yes              ,10,Offer B,21,No             ,Yes           ,0.0,0,1023.0,6890.0,29,High,0,3,3,Resolved
5003-XZWWO,Male  ,0,Yes    ,No        ,71,Yes         ,Yes             ,DSL            ,Yes                ,Yes                ,Yes                ,Two year      ,No              ,Credit card (automatic)  ,84.2,California,Capistrano Beach      ,33.458754,-117.665104,32,Yes    ,Yes              ,4,None   ,30,Yes            ,Yes           ,0.0,0,1073.52,7030.370000000001,33,High,0,4,4,Resolved
6176-YJWAS,Male  ,0,Yes    ,No        ,72,Yes         ,Yes             ,Fiber optic    ,No                 ,Yes                ,No                 ,Two year      ,Yes             ,Credit card (automatic)  ,97.95,California,Potter Valley         ,39.408634,-123.045516,43,Yes    ,Yes              ,1,Offer A,3,No             ,Yes           ,0.0,0,2757.6,9871.85,22,High,1,3,4,Resolved
8450-LUGUK,Female,0,Yes    ,Yes       ,37,Yes         ,Yes             ,No             ,No internet service,No internet service,No internet service,Two year      ,Yes             ,Bank transfer (automatic),24.1,California,San Diego             ,32.747484,-117.166877,40,Yes    ,Yes              ,5,None   ,0,No             ,No            ,0.0,0,1653.16,2515.01,36,High,0,4,4,Resolved
6584-VQMYT,Male  ,0,No     ,Yes       ,27,Yes         ,No              ,DSL            ,No                 ,No                 ,No                 ,One year      ,No              ,Mailed check             ,56.2,California,San Jose              ,37.246064,-121.749494,19,No     ,No               ,0,Offer C,59,No             ,No            ,0.0,30,71.00999999999999,1668.56,42,High,0,5,5,Resolved
5229-PRWKT,Male  ,0,No     ,No        ,8,Yes         ,Yes             ,Fiber optic    ,No                 ,No                 ,Yes                ,Month-to-month,Yes             ,Electronic check         ,86.55,California,Lompoc                ,34.757477,-120.550507,47,No     ,No               ,0,Offer E,2,Yes            ,Yes           ,0.0,0,198.08,847.73,80,Medium,8,0,8,NotResolved
4745-LSPLO,Male  ,0,No     ,No        ,1,Yes         ,No              ,No             ,No internet service,No internet service,No internet service,Month-to-month,No              ,Mailed check             ,20.5,California,San Diego             ,32.805518,-117.169052,22,No     ,No               ,0,None   ,0,No             ,No            ,0.0,0,19.85,40.35,84,Low,8,0,8,Resolved
0080-OROZO,Female,0,No     ,No        ,35,Yes         ,No              ,Fiber optic    ,Yes                ,Yes                ,Yes                ,One year      ,Yes             ,Electronic check         ,99.25,California,El Portal             ,37.654551,-119.822984,38,No     ,No               ,0,Offer C,2,Yes            ,Yes           ,0.0,0,1274.7,4806.7,36,Medium,1,4,5,Resolved
1790-NESIO,Female,0,No     ,No        ,13,Yes         ,No              ,No             ,No internet service,No internet service,No internet service,Two year      ,Yes             ,Mailed check             ,20.4,California,Concord               ,37.950248,-122.022455,23,No     ,No               ,0,None   ,0,No             ,No            ,0.0,0,85.28,346.58000000000004,76,High,7,0,7,Resolved
5736-YEJAX,Male  ,0,No     ,Yes       ,69,Yes         ,Yes             ,DSL            ,Yes                ,Yes                ,No                 ,Two year      ,Yes             ,Credit card (automatic)  ,79.45,California,Hemet                 ,33.739415,-116.968339,23,No     ,No               ,0,Offer A,46,No             ,No            ,0.0,80,1825.05,7407.6,28,High,1,3,4,Resolved
4537-DKTAL,Female,0,No     ,No        ,2,Yes         ,No              ,DSL            ,No                 ,No                 ,No                 ,Month-to-month,No              ,Electronic check         ,45.55,California,Darwin                ,36.319181,-117.593053,26,No     ,No               ,0,Offer E,71,No             ,No            ,0.0,10,83.8,178.2,70,High,7,0,7,Resolved
8917-FAEMR,Female,0,No     ,No        ,37,Yes         ,No              ,No             ,No internet service,No internet service,No internet service,Two year      ,No              ,Mailed check             ,19.85,California,Vallejo               ,38.104705,-122.247387,28,No     ,No               ,0,None   ,0,No             ,No            ,0.0,0,980.13,1764.38,27,Medium,1,3,4,Resolved
9489-UTFKA,Male  ,1,Yes    ,No        ,8,Yes         ,No              ,DSL            ,No                 ,Yes                ,No                 ,Month-to-month,No              ,Bank transfer (automatic),60.9,California,Travis Afb            ,38.265899,-121.939461,76,Yes    ,Yes              ,9,Offer E,23,No             ,Yes           ,16.58,0,179.2,714.5699999999999,27,Medium,0,3,3,Resolved
7706-DZNKK,Male  ,0,No     ,No        ,11,Yes         ,No              ,No             ,No internet service,No internet service,No internet service,Month-to-month,Yes             ,Credit card (automatic)  ,20.45,California,Palmdale              ,34.613476,-118.256358,63,No     ,No               ,0,Offer D,0,No             ,No            ,0.0,0,489.83,727.1300000000001,29,High,1,3,4,Resolved
6506-EYCNH,Female,0,Yes    ,Yes       ,28,Yes         ,No              ,No             ,No internet service,No internet service,No internet service,Month-to-month,Yes             ,Bank transfer (automatic),19.55,California,Montclair             ,34.072121,-117.698319,27,Yes    ,Yes              ,9,None   ,0,No             ,No            ,0.0,0,443.8,987.6,41,High,0,5,5,Resolved
5206-HPJKM,Male  ,0,No     ,No        ,17,Yes         ,No              ,DSL            ,No                 ,No                 ,No                 ,Month-to-month,Yes             ,Credit card (automatic)  ,55.5,California,Valencia              ,34.457005,-118.573726,64,No     ,No               ,0,None   ,14,No             ,Yes           ,0.0,0,572.56,1506.71,38,High,1,4,5,Resolved
2523-EWWZL,Female,0,Yes    ,No        ,27,Yes         ,No              ,Fiber optic    ,No                 ,No                 ,No                 ,Month-to-month,Yes             ,Electronic check         ,76.1,California,Blythe                ,33.674583,-114.71612,26,Yes    ,No               ,0,Offer C,59,No             ,Yes           ,30.14,0,1071.09,3134.3500000000004,43,Medium,0,5,5,Resolved
6464-KEXXH,Male  ,0,No     ,No        ,8,No          ,No phone service,DSL            ,No                 ,No                 ,No                 ,Month-to-month,Yes             ,Credit card (automatic)  ,25.25,California,Fillmore              ,34.408161,-118.865111,55,No     ,No               ,0,None   ,16,No             ,Yes           ,0.0,0,0.0,186.3,33,Medium,1,4,5,NotResolved
5035-PGZXH,Female,0,No     ,No        ,56,Yes         ,Yes             ,Fiber optic    ,No                 ,Yes                ,Yes                ,One year      ,Yes             ,Electronic check         ,106.8,California,Chico                 ,39.745712,-121.84333,49,No     ,No               ,0,None   ,2,Yes            ,No            ,0.0,30,1816.08,7760.48,49,Medium,1,5,6,Resolved
3785-NRHYR,Male  ,0,No     ,No        ,1,Yes         ,No              ,No             ,No internet service,No internet service,No internet service,Month-to-month,No              ,Mailed check             ,19.65,California,Bridgeport            ,38.184583,-119.286558,40,No     ,No               ,0,None   ,0,No             ,No            ,0.0,0,16.91,36.56,31,Medium,1,4,5,NotResolved
1867-BDVFH,Male  ,0,Yes    ,Yes       ,11,Yes         ,Yes             ,Fiber optic    ,No                 ,No                 ,No                 ,Month-to-month,Yes             ,Electronic check         ,74.35,California,Los Angeles           ,33.987945,-118.370442,35,Yes    ,Yes              ,1,Offer D,19,No             ,Yes           ,0.0,0,100.54,934.74,80,Low,8,1,9,Resolved
9206-GVPEQ,Male  ,0,Yes    ,No        ,13,No          ,No phone service,DSL            ,Yes                ,Yes                ,Yes                ,Month-to-month,Yes             ,Electronic check         ,54.45,California,Fresno                ,36.654614,-119.903674,28,Yes    ,Yes              ,1,None   ,71,Yes            ,Yes           ,0.0,0,0.0,706.85,88,Low,8,0,8,Resolved
6549-YMFAW,Male  ,1,Yes    ,No        ,9,Yes         ,No              ,No             ,No internet service,No internet service,No internet service,Month-to-month,Yes             ,Mailed check             ,21.25,California,Los Olivos            ,34.70434,-120.02609,70,Yes    ,Yes              ,1,None   ,0,No             ,No            ,0.0,0,14.94,219.49,69,High,6,0,6,Resolved
6400-BWQKW,Female,0,No     ,No        ,6,Yes         ,Yes             ,Fiber optic    ,No                 ,No                 ,No                 ,Month-to-month,Yes             ,Electronic check         ,79.05,California,San Mateo             ,37.556634,-122.317723,51,No     ,No               ,0,None   ,27,No             ,Yes           ,0.0,0,118.44,552.94,91,Low,9,0,9,Resolved
5569-OUICF,Female,1,Yes    ,No        ,28,Yes         ,Yes             ,Fiber optic    ,Yes                ,Yes                ,Yes                ,Month-to-month,Yes             ,Credit card (automatic)  ,101.3,California,Santee                ,32.847336,-116.997605,67,Yes    ,Yes              ,1,Offer C,20,No             ,Yes           ,0.0,0,460.04,3272.24,68,Medium,6,1,7,Resolved
4195-PNGZS,Male  ,0,Yes    ,Yes       ,69,Yes         ,Yes             ,No             ,No internet service,No internet service,No internet service,Two year      ,No              ,Bank transfer (automatic),24.45,California,Irvine                ,33.716136,-117.752574,23,Yes    ,Yes              ,1,None   ,0,No             ,No            ,0.0,0,2283.21,4001.41,39,High,1,4,5,Resolved
4749-VFKVB,Female,0,No     ,No        ,1,Yes         ,Yes             ,DSL            ,No                 ,No                 ,No                 ,Month-to-month,Yes             ,Mailed check             ,50.1,California,Inverness             ,38.099323,-122.945723,47,No     ,No               ,0,None   ,14,No             ,Yes           ,0.0,0,46.49,96.59,90,Low,9,0,9,Resolved
4063-EIKNQ,Male  ,0,Yes    ,Yes       ,11,Yes         ,No              ,No             ,No internet service,No internet service,No internet service,Month-to-month,No              ,Bank transfer (automatic),20.95,California,Canyon Country        ,34.422519,-118.420717,33,Yes    ,Yes              ,1,None   ,0,No             ,No            ,18.17,0,173.03,422.21,31,Medium,0,4,4,Resolved
4817-VYYWS,Female,0,No     ,No        ,30,Yes         ,Yes             ,Fiber optic    ,No                 ,Yes                ,Yes                ,Month-to-month,Yes             ,Electronic check         ,100.2,California,Silverado             ,33.782346,-117.635263,21,No     ,No               ,0,Offer C,82,Yes            ,Yes           ,0.0,0,351.90000000000003,3335.7000000000003,90,Low,9,1,10,Resolved
6352-GIGGQ,Male  ,0,No     ,No        ,67,Yes         ,Yes             ,DSL            ,Yes                ,Yes                ,Yes                ,One year      ,Yes             ,Bank transfer (automatic),88.8,California,Vidal                 ,34.264124,-114.717964,19,No     ,No               ,0,Offer A,59,Yes            ,Yes           ,0.0,0,2500.44,8403.59,68,Medium,6,0,6,Resolved
4690-LLKUA,Male  ,1,No     ,No        ,17,Yes         ,No              ,DSL            ,No                 ,No                 ,No                 ,Month-to-month,Yes             ,Electronic check         ,45.05,California,Topaz                 ,38.636052,-119.489162,68,No     ,No               ,0,None   ,2,No             ,Yes           ,0.0,0,695.81,1466.41,93,Low,6,1,7,Resolved
5117-ZSMHQ,Female,0,Yes    ,Yes       ,71,Yes         ,Yes             ,DSL            ,Yes                ,Yes                ,Yes                ,Two year      ,No              ,Bank transfer (automatic),89.9,California,Pioneer               ,38.546999,-120.271114,22,Yes    ,Yes              ,9,Offer A,85,Yes            ,No            ,0.0,150,2667.47,9160.17,54,High,1,6,7,Resolved
2133-TSRRM,Female,0,No     ,Yes       ,34,Yes         ,No              ,Fiber optic    ,No                 ,Yes                ,Yes                ,Month-to-month,Yes             ,Bank transfer (automatic),105.35,California,Rosemead              ,34.065108,-118.082791,47,No     ,No               ,0,None   ,21,Yes            ,No            ,0.0,110,1119.96,4918.56,39,High,1,4,5,Resolved
2959-MJHIC,Male  ,0,Yes    ,No        ,4,Yes         ,No              ,Fiber optic    ,No                 ,Yes                ,No                 ,Month-to-month,Yes             ,Electronic check         ,80.35,California,Hinkley               ,34.983808,-117.239306,60,Yes    ,Yes              ,3,None   ,13,No             ,Yes           ,0.0,0,129.72,437.12,65,Low,6,1,7,NotResolved
2929-QNSRW,Female,0,Yes    ,No        ,56,Yes         ,Yes             ,Fiber optic    ,No                 ,Yes                ,Yes                ,One year      ,Yes             ,Electronic check         ,98.25,California,Lake City             ,41.729079,-120.225025,21,Yes    ,Yes              ,1,None   ,48,Yes            ,No            ,0.0,150,1072.96,6731.31,90,Low,9,1,10,NotResolved
7067-KSAZT,Female,1,Yes    ,No        ,65,Yes         ,Yes             ,Fiber optic    ,No                 ,Yes                ,Yes                ,One year      ,Yes             ,Electronic check         ,106.25,California,Chico                 ,39.681488,-121.83721,66,Yes    ,Yes              ,1,None   ,30,No             ,Yes           ,0.0,0,1214.85,8194.65,69,Low,6,1,7,NotResolved
9420-LOJKX,Female,0,No     ,No        ,15,Yes         ,No              ,Fiber optic    ,No                 ,Yes                ,Yes                ,Month-to-month,Yes             ,Credit card (automatic)  ,99.1,California,Los Angeles           ,33.92128,-118.274186,34,No     ,No               ,0,None   ,20,Yes            ,Yes           ,0.0,0,59.4,1485.8000000000002,82,Low,8,1,9,Resolved
1131-QQZEB,Male  ,1,Yes    ,No        ,71,Yes         ,Yes             ,No             ,No internet service,No internet service,No internet service,Two year      ,No              ,Bank transfer (automatic),23.95,California,Sunset Beach          ,33.719221,-118.073596,66,Yes    ,Yes              ,7,Offer A,0,No             ,No            ,0.0,0,2181.12,3937.32,52,Medium,1,6,7,Resolved
5729-KLZAR,Female,0,Yes    ,Yes       ,4,Yes         ,No              ,Fiber optic    ,No                 ,No                 ,Yes                ,Month-to-month,No              ,Electronic check         ,80.85,California,Sacramento            ,38.550722,-121.457314,22,Yes    ,Yes              ,1,Offer E,59,Yes            ,No            ,0.0,40,177.12,519.87,73,Low,7,1,8,Resolved
8914-RBTSB,Male  ,0,Yes    ,No        ,31,Yes         ,Yes             ,Fiber optic    ,No                 ,Yes                ,No                 ,Month-to-month,No              ,Electronic check         ,93.8,California,Valley Village        ,34.165783,-118.399795,62,Yes    ,Yes              ,1,None   ,17,No             ,No            ,0.0,50,65.72,3135.22,79,Low,7,1,8,Resolved
5494-WOZRZ,Female,0,Yes    ,Yes       ,71,Yes         ,No              ,DSL            ,Yes                ,Yes                ,Yes                ,Two year      ,Yes             ,Credit card (automatic)  ,82.0,California,Mission Viejo         ,33.60693,-117.644253,40,Yes    ,No               ,0,None   ,23,Yes            ,Yes           ,0.0,0,2713.62,8713.470000000001,72,Medium,7,0,7,Resolved
0020-JDNXP,Female,0,Yes    ,Yes       ,34,No          ,No phone service,DSL            ,Yes                ,Yes                ,Yes                ,One year      ,No              ,Mailed check             ,61.25,California,Point Reyes Station   ,38.060264,-122.830646,52,Yes    ,No               ,0,None   ,20,Yes            ,Yes           ,0.0,0,0.0,1993.2,37,High,1,4,5,Resolved
1444-VVSGW,Male  ,0,Yes    ,No        ,70,Yes         ,Yes             ,Fiber optic    ,Yes                ,Yes                ,Yes                ,One year      ,No              ,Credit card (automatic)  ,115.65,California,Los Molinos           ,40.059385,-122.091481,51,Yes    ,Yes              ,1,Offer A,20,Yes            ,No            ,0.0,10,1201.9,9180.75,91,Low,9,1,10,Resolved
5143-WMWOG,Male  ,0,No     ,No        ,1,Yes         ,No              ,No             ,No internet service,No internet service,No internet service,Month-to-month,No              ,Electronic check         ,19.95,California,Stratford             ,36.175255,-119.813805,62,No     ,No               ,0,None   ,0,No             ,No            ,0.0,0,17.61,37.56,83,Low,8,1,9,Resolved
5599-HVLTW,Female,1,No     ,No        ,14,Yes         ,Yes             ,Fiber optic    ,No                 ,No                 ,No                 ,Month-to-month,Yes             ,Bank transfer (automatic),80.35,California,Oakland               ,37.834341,-122.26437,73,No     ,No               ,0,None   ,3,No             ,Yes           ,32.71,0,102.76,1128.15,39,High,0,4,4,Resolved
9874-QLCLH,Female,0,Yes    ,Yes       ,17,Yes         ,Yes             ,Fiber optic    ,No                 ,Yes                ,Yes                ,Month-to-month,Yes             ,Electronic check         ,104.2,California,Northridge            ,34.238208,-118.55029,38,Yes    ,Yes              ,1,Offer D,15,Yes            ,Yes           ,0.0,0,83.47,1826.97,79,Low,7,1,8,Resolved
6974-DAFLI,Female,0,Yes    ,No        ,55,Yes         ,No              ,No             ,No internet service,No internet service,No internet service,One year      ,No              ,Electronic check         ,19.7,California,Bakersfield           ,35.392599,-119.245341,54,Yes    ,Yes              ,8,Offer B,0,No             ,No            ,0.0,0,180.4,1320.4499999999998,28,Medium,1,3,4,NotResolved
2197-OMWGI,Female,1,Yes    ,Yes       ,68,No          ,No phone service,DSL            ,No                 ,Yes                ,Yes                ,Two year      ,Yes             ,Electronic check         ,53.0,California,Los Angeles           ,34.043144,-118.251977,65,Yes    ,Yes              ,4,None   ,23,Yes            ,Yes           ,0.0,0,0.0,3656.25,31,High,0,4,4,Resolved
4797-MIWUM,Male  ,0,Yes    ,Yes       ,7,Yes         ,No              ,No             ,No internet service,No internet service,No internet service,Month-to-month,Yes             ,Bank transfer (automatic),20.25,California,Goleta                ,34.489983,-120.091246,22,Yes    ,No               ,0,Offer E,0,No             ,No            ,0.0,0,348.81,523.51,42,High,1,5,6,Resolved
3511-APPBJ,Male  ,0,No     ,No        ,23,Yes         ,No              ,Fiber optic    ,No                 ,Yes                ,Yes                ,One year      ,Yes             ,Credit card (automatic)  ,99.95,California,Spring Valley         ,32.726627,-116.994608,21,No     ,No               ,0,None   ,30,Yes            ,Yes           ,0.0,0,964.62,3257.37,62,Medium,6,0,6,Resolved
8097-OMULG,Male  ,0,Yes    ,Yes       ,59,Yes         ,No              ,DSL            ,Yes                ,Yes                ,Yes                ,One year      ,No              ,Credit card (automatic)  ,76.75,California,San Jose              ,37.350284,-121.852855,63,Yes    ,Yes              ,1,None   ,19,Yes            ,Yes           ,0.0,0,940.46,5482.36,24,High,0,3,3,Resolved
1029-QFBEN,Male  ,0,No     ,No        ,1,Yes         ,No              ,No             ,No internet service,No internet service,No internet service,Month-to-month,No              ,Mailed check             ,19.55,California,San Luis Obispo       ,35.236549,-120.727344,27,No     ,No               ,0,None   ,0,No             ,No            ,0.0,0,38.44,57.99,95,Low,6,0,6,Resolved
3415-TAILE,Female,0,Yes    ,Yes       ,2,Yes         ,No              ,DSL            ,No                 ,Yes                ,Yes                ,Month-to-month,No              ,Mailed check             ,65.7,California,Johannesburg          ,35.363339,-117.637641,21,Yes    ,Yes              ,1,None   ,51,Yes            ,Yes           ,0.0,0,54.54,188.89,96,Low,9,0,9,Resolved
8775-LHDJH,Female,1,Yes    ,No        ,1,Yes         ,Yes             ,Fiber optic    ,No                 ,Yes                ,No                 ,Month-to-month,Yes             ,Electronic check         ,90.6,California,San Jose              ,37.270938,-121.851046,77,Yes    ,Yes              ,1,Offer E,30,No             ,Yes           ,0.0,0,13.02,103.62,93,Low,9,1,10,Resolved
7242-EDTYC,Male  ,0,No     ,Yes       ,44,Yes         ,No              ,No             ,No internet service,No internet service,No internet service,Two year      ,No              ,Bank transfer (automatic),19.55,California,Pine Valley           ,32.800671,-116.483363,48,No     ,No               ,0,Offer B,0,No             ,No            ,0.0,0,632.28,1452.23,40,Medium,1,5,6,Resolved
1670-SVOWZ,Female,0,Yes    ,Yes       ,14,Yes         ,No              ,Fiber optic    ,Yes                ,No                 ,Yes                ,Month-to-month,Yes             ,Credit card (automatic)  ,89.65,California,Mira Loma             ,33.999992,-117.535395,57,Yes    ,Yes              ,1,Offer D,3,Yes            ,No            ,0.0,120,106.68,1435.03,91,Low,9,1,10,NotResolved
1449-XQEMT,Male  ,0,No     ,No        ,3,Yes         ,No              ,No             ,No internet service,No internet service,No internet service,Month-to-month,Yes             ,Mailed check             ,19.8,California,Susanville            ,40.559177,-120.612113,33,No     ,No               ,0,Offer E,0,No             ,No            ,0.0,0,45.36,103.51,79,Low,7,0,7,NotResolved
4973-MGTON,Female,0,Yes    ,No        ,71,Yes         ,No              ,DSL            ,Yes                ,Yes                ,Yes                ,Two year      ,Yes             ,Credit card (automatic)  ,84.4,California,Topaz                 ,38.636052,-119.489162,33,Yes    ,No               ,0,None   ,26,Yes            ,Yes           ,0.0,0,219.39,6188.6900000000005,21,High,1,3,4,Resolved
5052-PNLOS,Male  ,0,No     ,No        ,3,Yes         ,Yes             ,Fiber optic    ,No                 ,Yes                ,Yes                ,Month-to-month,Yes             ,Bank transfer (automatic),105.35,California,Echo Lake             ,38.851842,-120.076204,50,No     ,No               ,0,Offer E,14,Yes            ,Yes           ,0.0,0,41.49,364.74,65,Medium,6,1,7,Resolved
5032-USPKF,Female,0,No     ,No        ,38,Yes         ,Yes             ,DSL            ,No                 ,Yes                ,Yes                ,One year      ,No              ,Bank transfer (automatic),84.1,California,Indio                 ,33.752938,-116.230055,57,No     ,No               ,0,None   ,13,Yes            ,Yes           ,0.0,0,954.18,4141.83,78,Medium,7,0,7,Resolved
3566-HJGPK,Male  ,0,No     ,No        ,1,Yes         ,No              ,DSL            ,No                 ,No                 ,No                 ,Month-to-month,Yes             ,Mailed check             ,45.55,California,Woodland Hills        ,34.178068,-118.615714,50,No     ,No               ,0,Offer E,4,No             ,Yes           ,0.0,0,16.34,61.89,31,High,1,4,5,Resolved
6461-SZMCV,Female,0,Yes    ,No        ,71,Yes         ,Yes             ,DSL            ,Yes                ,Yes                ,Yes                ,Two year      ,No              ,Bank transfer (automatic),87.95,California,Corte Madera          ,37.924014,-122.511694,46,Yes    ,Yes              ,7,None   ,30,Yes            ,Yes           ,0.0,0,643.26,7008.610000000001,71,High,7,1,8,Resolved
5793-YOLJN,Female,0,Yes    ,Yes       ,55,Yes         ,No              ,No             ,No internet service,No internet service,No internet service,Two year      ,No              ,Mailed check             ,21.0,California,Oro Grande            ,34.647959,-117.296957,53,Yes    ,Yes              ,8,Offer B,0,No             ,No            ,0.0,0,2118.05,3328.3499999999995,24,Medium,1,3,4,NotResolved
2722-JMONI,Female,1,Yes    ,No        ,1,Yes         ,No              ,DSL            ,No                 ,No                 ,No                 ,Month-to-month,Yes             ,Electronic check         ,49.55,California,Escondido             ,33.079834,-117.134275,73,Yes    ,Yes              ,1,Offer E,9,No             ,Yes           ,0.0,0,24.24,73.78999999999999,76,Low,7,0,7,Resolved
1355-KUSBG,Female,0,Yes    ,Yes       ,7,Yes         ,Yes             ,DSL            ,No                 ,No                 ,No                 ,Month-to-month,No              ,Electronic check         ,48.8,California,Fall River Mills      ,41.017282,-121.468945,56,Yes    ,Yes              ,1,Offer E,28,No             ,Yes           ,0.0,0,63.7,413.5,51,High,1,6,7,Resolved
6921-OZMFH,Male  ,0,Yes    ,Yes       ,5,Yes         ,Yes             ,DSL            ,Yes                ,No                 ,No                 ,Month-to-month,Yes             ,Mailed check             ,55.7,California,Santa Clara           ,37.348129,-121.98469,38,Yes    ,Yes              ,3,None   ,12,No             ,Yes           ,0.0,0,94.85,354.25,46,Medium,0,5,5,Resolved
8295-KMENE,Female,0,Yes    ,Yes       ,59,Yes         ,Yes             ,DSL            ,Yes                ,Yes                ,No                 ,Two year      ,Yes             ,Mailed check             ,76.45,California,Newhall               ,34.370378,-118.504118,33,Yes    ,No               ,0,None   ,15,No             ,Yes           ,30.22,0,782.93,5272.21,27,High,0,3,3,Resolved
4110-PFEUZ,Female,0,No     ,No        ,1,Yes         ,No              ,Fiber optic    ,No                 ,No                 ,No                 ,Month-to-month,No              ,Mailed check             ,69.55,California,Daggett               ,34.875144,-116.821698,54,No     ,No               ,0,Offer E,13,No             ,Yes           ,0.0,0,29.78,99.33,73,Low,7,0,7,Resolved
5196-SGOAK,Female,0,No     ,No        ,1,Yes         ,No              ,Fiber optic    ,No                 ,No                 ,No                 ,Month-to-month,Yes             ,Electronic check         ,75.7,California,Caliente              ,35.358953,-118.527064,39,No     ,No               ,0,Offer E,21,No             ,Yes           ,0.0,0,9.05,84.75,93,Medium,9,0,9,Resolved
9305-CDSKC,Female,0,No     ,No        ,8,Yes         ,Yes             ,Fiber optic    ,No                 ,Yes                ,Yes                ,Month-to-month,Yes             ,Electronic check         ,99.65,California,Los Angeles           ,34.048013,-118.293953,31,No     ,No               ,0,None   ,26,Yes            ,Yes           ,0.0,0,97.2,917.7,86,Medium,8,1,9,Resolved
3969-GYXEL,Female,0,No     ,No        ,11,Yes         ,No              ,Fiber optic    ,No                 ,No                 ,No                 ,Month-to-month,No              ,Electronic check         ,76.4,California,Berkeley              ,37.897743,-122.263124,46,No     ,No               ,0,None   ,20,No             ,Yes           ,0.0,0,401.72,1240.42,41,High,1,5,6,Resolved
9696-RMYBA,Male  ,0,No     ,No        ,5,Yes         ,No              ,Fiber optic    ,No                 ,Yes                ,No                 ,Month-to-month,Yes             ,Mailed check             ,80.1,California,Los Angeles           ,33.964131,-118.272783,56,No     ,No               ,0,None   ,13,No             ,Yes           ,0.0,0,61.75,460.3,22,Medium,0,3,3,Resolved
4079-WWQQQ,Male  ,0,No     ,No        ,72,No          ,No phone service,DSL            ,Yes                ,Yes                ,Yes                ,Two year      ,Yes             ,Bank transfer (automatic),65.55,California,San Francisco         ,37.74441,-122.486764,45,No     ,No               ,0,None   ,10,Yes            ,Yes           ,0.0,0,0.0,4807.45,24,High,0,3,3,Resolved
5879-HMFFH,Female,0,Yes    ,No        ,72,Yes         ,Yes             ,DSL            ,Yes                ,Yes                ,Yes                ,Two year      ,No              ,Bank transfer (automatic),88.05,California,Cassel                ,40.936285,-121.572692,49,Yes    ,Yes              ,1,None   ,24,Yes            ,Yes           ,29.11,0,2756.16,9247.85,42,High,0,5,5,Resolved
0415-MOSGF,Female,0,No     ,No        ,1,Yes         ,No              ,DSL            ,No                 ,No                 ,No                 ,Month-to-month,No              ,Mailed check             ,44.4,California,Los Gatos             ,37.222842,-121.988727,58,No     ,No               ,0,Offer E,30,No             ,Yes           ,0.0,0,26.53,70.93,76,Low,7,1,8,Resolved
2982-IHMFT,Female,1,No     ,No        ,1,Yes         ,Yes             ,Fiber optic    ,No                 ,No                 ,No                 ,Month-to-month,Yes             ,Mailed check             ,74.45,California,Indian Wells          ,33.537646,-116.291089,75,No     ,No               ,0,None   ,16,No             ,Yes           ,0.0,0,39.61,114.06,67,Medium,6,0,6,Resolved
4139-DETXS,Female,0,Yes    ,Yes       ,72,No          ,No phone service,DSL            ,Yes                ,Yes                ,Yes                ,Two year      ,No              ,Bank transfer (automatic),64.45,California,Needles               ,34.711224,-114.702256,53,Yes    ,No               ,0,Offer A,6,Yes            ,Yes           ,0.0,0,0.0,4528.0,45,High,0,5,5,Resolved
5150-ITWWB,Male  ,1,No     ,No        ,3,Yes         ,Yes             ,Fiber optic    ,No                 ,Yes                ,Yes                ,Month-to-month,Yes             ,Electronic check         ,94.85,California,Hamilton City         ,39.732767,-122.042298,65,No     ,No               ,0,Offer E,28,Yes            ,Yes           ,0.0,0,113.34,449.09,40,High,1,5,6,Resolved
3327-YBAKM,Female,0,Yes    ,No        ,64,Yes         ,No              ,Fiber optic    ,Yes                ,Yes                ,Yes                ,One year      ,Yes             ,Mailed check             ,96.9,California,San Diego             ,32.89325,-117.087091,31,Yes    ,Yes              ,10,None   ,21,Yes            ,Yes           ,13.37,0,1230.08,7531.06,55,Medium,1,6,7,Resolved
8395-ETZKQ,Male  ,1,Yes    ,Yes       ,68,Yes         ,No              ,No             ,No internet service,No internet service,No internet service,One year      ,No              ,Bank transfer (automatic),19.5,California,Sacramento            ,38.660442,-121.346321,73,Yes    ,Yes              ,8,None   ,0,No             ,No            ,0.0,0,2389.52,3583.07,51,Medium,1,6,7,Resolved
7240-ETPTR,Female,0,Yes    ,No        ,9,No          ,No phone service,DSL            ,No                 ,Yes                ,Yes                ,Month-to-month,Yes             ,Electronic check         ,48.75,California,Pope Valley           ,38.672708,-122.403219,51,Yes    ,Yes              ,1,None   ,10,Yes            ,No            ,0.0,10,0.0,452.2,90,Low,9,0,9,Resolved
7180-PISOG,Male  ,0,Yes    ,Yes       ,1,Yes         ,Yes             ,Fiber optic    ,No                 ,No                 ,No                 ,Month-to-month,Yes             ,Electronic check         ,74.5,California,Piru                  ,34.432843,-118.730106,41,Yes    ,No               ,0,None   ,16,No             ,Yes           ,0.0,0,36.44,110.94,75,Medium,7,1,8,Resolved
2990-HWIML,Female,0,No     ,No        ,6,Yes         ,No              ,Fiber optic    ,No                 ,Yes                ,Yes                ,Month-to-month,Yes             ,Electronic check         ,89.5,California,Ontario               ,34.074087,-117.605618,58,No     ,No               ,0,Offer E,25,Yes            ,Yes           ,0.0,0,287.52,860.8199999999999,82,Low,8,1,9,Resolved
1024-KPRBB,Female,0,No     ,No        ,38,Yes         ,No              ,Fiber optic    ,No                 ,Yes                ,Yes                ,One year      ,Yes             ,Mailed check             ,89.1,California,San Diego             ,32.72523,-117.171346,63,No     ,No               ,0,Offer C,18,Yes            ,No            ,0.0,90,1143.42,4575.42,56,High,1,6,7,Resolved
3926-CUQZX,Male  ,0,No     ,No        ,1,Yes         ,No              ,DSL            ,No                 ,No                 ,No                 ,Month-to-month,Yes             ,Bank transfer (automatic),45.1,California,Campo                 ,32.673483,-116.472863,27,No     ,No               ,0,Offer E,58,Yes            ,Yes           ,0.0,0,11.06,56.16,77,Medium,7,0,7,Resolved
9881-VCZEP,Female,0,Yes    ,No        ,25,Yes         ,Yes             ,DSL            ,No                 ,No                 ,No                 ,Month-to-month,No              ,Electronic check         ,54.1,California,San Jose              ,37.327069,-121.916819,29,Yes    ,Yes              ,8,None   ,59,No             ,No            ,0.0,110,303.0,1786.0,64,Medium,6,0,6,Resolved
5148-HKFIR,Female,0,No     ,No        ,20,Yes         ,No              ,No             ,No internet service,No internet service,No internet service,Two year      ,No              ,Mailed check             ,19.7,California,Piru                  ,34.432843,-118.730106,49,No     ,No               ,0,None   ,0,No             ,No            ,0.0,0,317.4,724.3499999999999,76,High,7,1,8,Resolved
5797-APWZC,Female,0,No     ,No        ,1,Yes         ,No              ,Fiber optic    ,No                 ,Yes                ,Yes                ,Month-to-month,No              ,Electronic check         ,90.6,California,San Francisco         ,37.789168,-122.395009,41,No     ,No               ,0,Offer E,22,Yes            ,Yes           ,0.0,0,31.68,122.28,92,Low,9,0,9,Resolved
9003-CPATH,Male  ,0,No     ,No        ,42,Yes         ,Yes             ,Fiber optic    ,No                 ,No                 ,No                 ,Month-to-month,No              ,Electronic check         ,79.9,California,Carson                ,33.822295,-118.26411,53,No     ,No               ,0,None   ,14,No             ,Yes           ,23.47,0,397.3200000000001,3687.250000000001,70,High,7,0,7,Resolved
8580-AECUZ,Male  ,1,No     ,No        ,1,Yes         ,No              ,Fiber optic    ,No                 ,Yes                ,No                 ,Month-to-month,Yes             ,Electronic check         ,79.1,California,Truckee               ,39.342498,-120.247127,65,No     ,No               ,0,None   ,16,No             ,Yes           ,0.0,0,42.3,121.4,92,Medium,8,0,8,Resolved
7137-RYLPP,Male  ,1,Yes    ,No        ,37,Yes         ,Yes             ,Fiber optic    ,No                 ,Yes                ,No                 ,Month-to-month,Yes             ,Electronic check         ,85.7,California,Paskenta              ,39.884395,-122.587513,75,Yes    ,Yes              ,1,Offer C,26,No             ,Yes           ,0.0,0,1724.57,4895.72,86,Low,8,1,9,Resolved
2996-XAUVF,Male  ,0,No     ,No        ,70,No          ,No phone service,DSL            ,Yes                ,No                 ,Yes                ,Two year      ,Yes             ,Mailed check             ,40.05,California,Needles               ,34.711224,-114.702256,25,No     ,No               ,0,Offer A,59,Yes            ,Yes           ,0.0,0,0.0,2799.75,57,High,1,6,7,Resolved
1066-JKSGK,Male  ,0,No     ,No        ,1,Yes         ,No              ,No             ,No internet service,No internet service,No internet service,Month-to-month,No              ,Mailed check             ,20.15,California,Los Angeles           ,34.066303,-118.435479,29,No     ,No               ,0,None   ,0,No             ,No            ,0.0,0,33.58,53.73,92,Low,9,1,10,Resolved
4395-PZMSN,Male  ,1,No     ,No        ,5,Yes         ,No              ,Fiber optic    ,No                 ,No                 ,Yes                ,Month-to-month,Yes             ,Electronic check         ,85.55,California,San Gregorio          ,37.331762,-122.341444,67,No     ,No               ,0,Offer E,15,Yes            ,Yes           ,0.0,0,91.9,500.4,48,High,1,5,6,Resolved
3071-VBYPO,Male  ,0,Yes    ,Yes       ,3,Yes         ,No              ,Fiber optic    ,No                 ,Yes                ,No                 ,Month-to-month,No              ,Electronic check         ,89.85,California,Whittier              ,33.929704,-118.01208,38,Yes    ,Yes              ,1,Offer E,12,No             ,Yes           ,0.0,0,99.9,348.3,22,Medium,0,3,3,Resolved
6235-VDHOM,Female,1,No     ,No        ,5,No          ,No phone service,DSL            ,No                 ,No                 ,No                 ,Month-to-month,No              ,Electronic check         ,28.45,California,Riverside             ,34.004379,-117.447864,77,No     ,No               ,0,Offer E,26,No             ,Yes           ,0.0,0,0.0,131.05,89,Low,8,0,8,Resolved
3070-FNFZQ,Female,0,Yes    ,Yes       ,23,Yes         ,No              ,No             ,No internet service,No internet service,No internet service,Two year      ,No              ,Bank transfer (automatic),20.4,California,Happy Camp            ,41.831901,-123.487478,48,Yes    ,Yes              ,1,Offer D,0,No             ,No            ,0.0,0,910.57,1389.3200000000002,33,High,1,4,5,Resolved
1813-JYWTO,Female,0,Yes    ,No        ,72,Yes         ,Yes             ,Fiber optic    ,No                 ,No                 ,No                 ,Two year      ,No              ,Bank transfer (automatic),80.45,California,Shandon               ,35.634488,-120.293534,59,Yes    ,Yes              ,4,None   ,27,No             ,No            ,0.0,130,448.56000000000006,6316.160000000001,62,High,6,0,6,Resolved
6807-SIWJI,Male  ,0,No     ,No        ,38,Yes         ,Yes             ,Fiber optic    ,No                 ,Yes                ,Yes                ,One year      ,Yes             ,Electronic check         ,104.85,California,Groveland             ,37.902968,-119.667544,47,No     ,No               ,0,Offer C,26,Yes            ,Yes           ,0.0,0,164.92,4052.17,35,High,0,4,4,Resolved
5696-QURRL,Male  ,0,No     ,No        ,1,Yes         ,No              ,DSL            ,No                 ,No                 ,No                 ,Month-to-month,Yes             ,Mailed check             ,45.05,California,Waterford             ,37.669516,-120.626964,31,No     ,No               ,0,None   ,26,No             ,No            ,0.0,70,13.84,128.89,73,Medium,7,1,8,Resolved
7129-CAKJW,Female,0,No     ,No        ,17,Yes         ,Yes             ,Fiber optic    ,No                 ,No                 ,No                 ,Month-to-month,No              ,Bank transfer (automatic),80.05,California,Fresno                ,36.732694,-119.783786,62,No     ,No               ,0,Offer D,29,No             ,Yes           ,0.0,0,764.32,2109.9700000000003,27,High,1,3,4,Resolved
4351-QLCSU,Female,0,No     ,No        ,1,Yes         ,No              ,DSL            ,No                 ,Yes                ,No                 ,Month-to-month,Yes             ,Credit card (automatic)  ,55.0,California,Quincy                ,39.971228,-121.041166,47,No     ,No               ,0,None   ,26,No             ,Yes           ,0.0,0,32.74,87.74000000000001,91,Low,9,1,10,Resolved
1447-PJGGA,Female,0,No     ,No        ,57,Yes         ,No              ,Fiber optic    ,No                 ,Yes                ,Yes                ,Two year      ,Yes             ,Electronic check         ,95.25,California,San Diego             ,32.72523,-117.171346,39,No     ,No               ,0,None   ,15,Yes            ,Yes           ,0.0,0,1000.35,6465.0,93,Low,9,0,9,Resolved
8945-MUQUF,Male  ,0,No     ,No        ,51,Yes         ,Yes             ,Fiber optic    ,No                 ,Yes                ,No                 ,One year      ,Yes             ,Electronic check         ,94.8,California,Tecopa                ,35.824572,-116.274755,22,No     ,No               ,0,Offer B,58,Yes            ,Yes           ,0.0,0,2283.27,7120.870000000001,94,Medium,9,1,10,NotResolved
0348-SDKOL,Female,0,Yes    ,No        ,58,Yes         ,Yes             ,Fiber optic    ,Yes                ,Yes                ,Yes                ,Month-to-month,Yes             ,Credit card (automatic)  ,102.1,California,La Jolla              ,32.853743,-117.25034,33,Yes    ,Yes              ,1,None   ,28,Yes            ,No            ,0.0,100,203.58,6188.98,96,Low,9,1,10,Resolved
0829-XXPLX,Female,0,No     ,No        ,20,Yes         ,No              ,Fiber optic    ,No                 ,Yes                ,No                 ,Month-to-month,Yes             ,Bank transfer (automatic),89.4,California,Cutler                ,36.497895,-119.285484,48,No     ,No               ,0,None   ,21,No             ,Yes           ,0.0,0,610.4,2481.55,68,High,6,1,7,Resolved
4919-IKATY,Male  ,0,Yes    ,Yes       ,5,Yes         ,Yes             ,Fiber optic    ,No                 ,No                 ,No                 ,Month-to-month,Yes             ,Electronic check         ,84.5,California,Joshua Tree           ,34.167236,-116.281511,64,Yes    ,Yes              ,3,Offer E,8,No             ,Yes           ,0.0,0,184.4,638.15,91,Low,9,0,9,Resolved
1212-GLHMD,Male  ,0,No     ,No        ,3,Yes         ,No              ,Fiber optic    ,No                 ,No                 ,Yes                ,Month-to-month,Yes             ,Mailed check             ,86.05,California,San Joaquin           ,36.600193,-120.153393,54,No     ,No               ,0,Offer E,29,Yes            ,Yes           ,0.0,0,54.78,299.63,37,High,1,4,5,Resolved
5955-ERIHD,Male  ,0,Yes    ,No        ,18,Yes         ,Yes             ,Fiber optic    ,No                 ,Yes                ,Yes                ,Month-to-month,Yes             ,Electronic check         ,94.7,California,Lakewood              ,33.840524,-118.148403,53,Yes    ,Yes              ,1,Offer D,20,Yes            ,Yes           ,0.0,0,566.8199999999999,2254.77,72,Low,7,0,7,NotResolved
2393-DIVAI,Female,0,No     ,No        ,3,Yes         ,No              ,No             ,No internet service,No internet service,No internet service,Month-to-month,Yes             ,Mailed check             ,20.0,California,Brea                  ,33.930199,-117.862898,40,No     ,No               ,0,Offer E,0,No             ,No            ,0.0,0,46.11,107.81,21,Medium,1,3,4,Resolved
8746-BFOAJ,Male  ,1,No     ,No        ,21,Yes         ,No              ,No             ,No internet service,No internet service,No internet service,One year      ,No              ,Bank transfer (automatic),20.5,California,Garden Grove          ,33.782955,-118.026456,79,No     ,No               ,0,None   ,0,No             ,No            ,0.0,0,487.83,917.38,62,High,6,0,6,Resolved
5125-CNDSP,Male  ,0,No     ,Yes       ,63,No          ,No phone service,DSL            ,Yes                ,No                 ,No                 ,One year      ,Yes             ,Bank transfer (automatic),40.6,California,Big Creek             ,37.17277,-119.2997,48,No     ,No               ,0,Offer B,28,No             ,Yes           ,0.0,0,0.0,2588.95,80,Medium,8,0,8,Resolved
1455-UGQVH,Male  ,0,Yes    ,No        ,10,Yes         ,Yes             ,Fiber optic    ,No                 ,Yes                ,Yes                ,Month-to-month,Yes             ,Electronic check         ,98.5,California,Acampo                ,38.200231,-121.235034,35,Yes    ,Yes              ,1,Offer D,18,Yes            ,Yes           ,0.0,0,10.9,1048.65,91,Low,9,1,10,NotResolved
9441-QHEVC,Male  ,0,No     ,No        ,1,Yes         ,No              ,No             ,No internet service,No internet service,No internet service,Month-to-month,No              ,Mailed check             ,19.1,California,San Diego             ,32.677716,-117.047666,61,No     ,No               ,0,None   ,0,No             ,No            ,0.0,0,44.22,63.32,30,High,1,4,5,Resolved
3841-CONLJ,Female,0,Yes    ,No        ,1,No          ,No phone service,DSL            ,No                 ,No                 ,Yes                ,Month-to-month,No              ,Electronic check         ,35.0,California,Morro Bay             ,35.369553,-120.763864,33,Yes    ,Yes              ,9,None   ,14,Yes            ,Yes           ,0.0,0,0.0,35.0,54,Medium,0,6,6,Resolved
6689-KXGBO,Female,0,No     ,No        ,1,Yes         ,No              ,DSL            ,No                 ,No                 ,No                 ,Month-to-month,No              ,Electronic check         ,50.55,California,San Luis Obispo       ,35.233745,-120.626442,36,No     ,No               ,0,None   ,5,No             ,Yes           ,0.0,0,30.96,81.50999999999999,87,Low,8,1,9,Resolved
2428-HYUNX,Male  ,1,Yes    ,No        ,44,Yes         ,No              ,No             ,No internet service,No internet service,No internet service,Two year      ,Yes             ,Credit card (automatic)  ,19.35,California,San Francisco         ,37.794487,-122.42227,74,Yes    ,Yes              ,4,None   ,0,No             ,No            ,0.0,0,83.16,930.41,42,High,0,5,5,Resolved
2056-EVGZL,Male  ,0,Yes    ,Yes       ,68,Yes         ,No              ,Fiber optic    ,Yes                ,Yes                ,Yes                ,One year      ,No              ,Credit card (automatic)  ,105.75,California,West Covina           ,34.066964,-117.937007,56,Yes    ,Yes              ,9,None   ,17,Yes            ,Yes           ,0.0,0,603.84,7926.34,39,Medium,0,4,4,Resolved
9646-NMHXE,Male  ,0,Yes    ,No        ,47,Yes         ,No              ,No             ,No internet service,No internet service,No internet service,Two year      ,No              ,Mailed check             ,19.65,California,San Geronimo          ,38.00474,-122.663717,63,Yes    ,Yes              ,7,None   ,0,No             ,No            ,0.0,0,307.38,1280.48,77,High,7,0,7,Resolved
6479-SZPLM,Male  ,0,Yes    ,Yes       ,36,Yes         ,No              ,No             ,No internet service,No internet service,No internet service,Two year      ,No              ,Credit card (automatic)  ,19.45,California,Anaheim               ,33.830209,-117.906099,26,Yes    ,Yes              ,2,None   ,0,No             ,No            ,0.0,0,1162.8,1917.3,39,High,1,4,5,Resolved
2229-DPMBI,Female,0,Yes    ,Yes       ,8,Yes         ,No              ,No             ,No internet service,No internet service,No internet service,Two year      ,No              ,Mailed check             ,19.5,California,Blairsden Graeagle    ,39.783747,-120.661032,19,Yes    ,Yes              ,10,None   ,0,No             ,No            ,0.0,0,105.68,267.83000000000004,58,High,0,6,6,Resolved
3801-HMYNL,Male  ,0,Yes    ,Yes       ,1,Yes         ,No              ,Fiber optic    ,No                 ,Yes                ,Yes                ,Month-to-month,No              ,Mailed check             ,89.15,California,Brooks                ,38.809804,-122.241383,44,Yes    ,Yes              ,1,None   ,18,Yes            ,Yes           ,0.0,0,32.35,121.5,68,Low,6,0,6,Resolved
2990-OGYTD,Female,0,Yes    ,No        ,67,Yes         ,Yes             ,DSL            ,Yes                ,Yes                ,Yes                ,Two year      ,No              ,Bank transfer (automatic),86.15,California,Fullerton             ,33.879983,-117.895482,41,Yes    ,Yes              ,1,Offer A,23,Yes            ,Yes           ,0.0,0,214.4,6098.25,31,High,0,4,4,Resolved
2267-WTPYD,Female,1,Yes    ,No        ,57,Yes         ,Yes             ,Fiber optic    ,No                 ,No                 ,Yes                ,Month-to-month,No              ,Credit card (automatic)  ,94.0,California,Granada Hills         ,34.291273,-118.505104,77,Yes    ,Yes              ,1,None   ,30,No             ,Yes           ,0.0,0,1313.85,6752.8,49,High,1,5,6,Resolved
0231-LXVAP,Male  ,0,No     ,No        ,1,Yes         ,No              ,Fiber optic    ,Yes                ,No                 ,No                 ,Month-to-month,Yes             ,Electronic check         ,75.9,California,Tipton                ,36.047414,-119.344304,23,No     ,No               ,0,None   ,27,No             ,Yes           ,0.0,0,44.56,120.46,66,Medium,6,0,6,NotResolved
0436-TWFFZ,Female,0,No     ,No        ,67,Yes         ,Yes             ,DSL            ,Yes                ,Yes                ,Yes                ,Two year      ,Yes             ,Mailed check             ,85.25,California,Long Beach            ,33.864622,-118.179626,21,No     ,No               ,0,Offer A,41,Yes            ,Yes           ,1.31,0,583.57,6296.459999999999,61,High,6,0,6,Resolved
5357-TZHPP,Male  ,1,No     ,No        ,9,Yes         ,Yes             ,Fiber optic    ,No                 ,No                 ,Yes                ,Month-to-month,Yes             ,Credit card (automatic)  ,84.4,California,Wheatland             ,39.043387,-121.409837,67,No     ,No               ,0,None   ,18,No             ,Yes           ,0.0,0,277.2,1009.7,83,Low,8,0,8,Resolved
0848-SOMKO,Male  ,0,No     ,No        ,70,No          ,No phone service,DSL            ,Yes                ,No                 ,Yes                ,Two year      ,No              ,Bank transfer (automatic),48.4,California,Shingle Springs       ,38.598936,-120.963092,23,No     ,No               ,0,None   ,26,Yes            ,Yes           ,0.0,0,0.0,3442.8,66,Medium,6,0,6,Resolved
7571-YXDAD,Female,0,No     ,No        ,2,Yes         ,Yes             ,Fiber optic    ,No                 ,No                 ,No                 ,Month-to-month,No              ,Credit card (automatic)  ,74.9,California,Davis                 ,38.544002,-121.685559,37,No     ,No               ,0,None   ,18,No             ,Yes           ,0.0,0,76.56,223.71,93,Low,9,1,10,Resolved
5609-CEBID,Female,1,No     ,No        ,20,Yes         ,Yes             ,Fiber optic    ,No                 ,No                 ,Yes                ,Month-to-month,Yes             ,Electronic check         ,94.1,California,Hemet                 ,33.644585,-116.871544,77,No     ,No               ,0,None   ,12,No             ,No            ,0.0,80,974.6,2837.0,87,Low,8,1,9,Resolved
3612-YVGSJ,Female,0,Yes    ,No        ,71,Yes         ,Yes             ,No             ,No internet service,No internet service,No internet service,Two year      ,Yes             ,Credit card (automatic)  ,24.45,California,La Honda              ,37.285677,-122.224165,59,Yes    ,Yes              ,10,None   ,0,No             ,No            ,0.0,0,2343.0,4024.6,77,High,7,1,8,Resolved
2468-SJFLM,Male  ,0,No     ,No        ,1,Yes         ,No              ,Fiber optic    ,Yes                ,No                 ,No                 ,Month-to-month,Yes             ,Mailed check             ,74.3,California,Biggs                 ,39.457388,-121.818201,37,No     ,No               ,0,None   ,21,No             ,Yes           ,0.0,0,39.55,113.85,64,High,6,1,7,Resolved
5012-YSPJJ,Male  ,0,Yes    ,Yes       ,31,Yes         ,No              ,DSL            ,Yes                ,No                 ,No                 ,Month-to-month,No              ,Mailed check             ,54.35,California,Nubieber              ,41.082472,-121.195215,20,Yes    ,Yes              ,6,None   ,71,No             ,Yes           ,0.0,0,776.24,2423.24,41,Medium,1,5,6,Resolved
0939-YAPAF,Female,0,No     ,No        ,35,Yes         ,Yes             ,Fiber optic    ,No                 ,Yes                ,Yes                ,Month-to-month,Yes             ,Electronic check         ,100.25,California,Santa Ana             ,33.748478,-117.858918,44,No     ,No               ,0,Offer C,17,Yes            ,Yes           ,0.0,0,367.15,3894.75,72,Medium,7,0,7,NotResolved
4829-AUOAX,Female,0,No     ,No        ,46,Yes         ,Yes             ,Fiber optic    ,No                 ,Yes                ,Yes                ,Month-to-month,No              ,Bank transfer (automatic),96.05,California,Los Angeles           ,34.043144,-118.251977,57,No     ,No               ,0,None   ,8,Yes            ,No            ,0.0,80,284.28,4763.78,77,Low,7,1,8,Resolved
5597-GLBUC,Female,0,No     ,No        ,1,Yes         ,No              ,Fiber optic    ,No                 ,Yes                ,No                 ,Month-to-month,Yes             ,Electronic check         ,85.45,California,Squaw Valley          ,36.719141,-119.202677,48,No     ,No               ,0,Offer E,23,No             ,Yes           ,0.0,0,22.97,108.42,95,Low,9,0,9,Resolved
8329-UTMVM,Male  ,1,No     ,No        ,27,Yes         ,Yes             ,Fiber optic    ,Yes                ,Yes                ,Yes                ,One year      ,Yes             ,Bank transfer (automatic),104.65,California,Bakersfield           ,35.140938,-119.051348,76,No     ,No               ,0,Offer C,19,No             ,Yes           ,0.0,0,928.53,3892.53,31,High,0,4,4,Resolved
7089-RKVSZ,Male  ,0,Yes    ,Yes       ,8,Yes         ,Yes             ,No             ,No internet service,No internet service,No internet service,One year      ,No              ,Mailed check             ,24.4,California,Woody                 ,35.710244,-118.881679,43,Yes    ,Yes              ,6,None   ,0,No             ,No            ,0.0,0,185.44,389.39,35,High,0,4,4,NotResolved
9026-LHEVG,Female,0,No     ,No        ,9,No          ,No phone service,DSL            ,No                 ,No                 ,Yes                ,Month-to-month,No              ,Electronic check         ,40.75,California,Boulevard             ,32.677097,-116.304991,45,No     ,No               ,0,Offer E,21,Yes            ,No            ,0.0,20,0.0,379.4,24,High,0,3,3,Resolved
3323-CPBWR,Male  ,0,No     ,No        ,23,Yes         ,Yes             ,Fiber optic    ,Yes                ,Yes                ,No                 ,Month-to-month,Yes             ,Credit card (automatic)  ,96.9,California,Knights Landing       ,38.875508,-121.765866,61,No     ,No               ,0,Offer D,6,No             ,Yes           ,0.0,0,195.5,2280.95,22,High,0,3,3,NotResolved
2612-RRIDN,Male  ,0,No     ,No        ,4,Yes         ,No              ,Fiber optic    ,No                 ,Yes                ,No                 ,Month-to-month,Yes             ,Electronic check         ,81.0,California,Westwood              ,40.271535,-121.018087,25,No     ,No               ,0,Offer E,59,Yes            ,No            ,0.0,50,86.48,477.33,88,Low,8,1,9,Resolved
6457-GIRWB,Male  ,0,No     ,No        ,1,Yes         ,No              ,Fiber optic    ,No                 ,No                 ,No                 ,Month-to-month,Yes             ,Electronic check         ,69.35,California,Carlsbad              ,33.148116,-117.306043,57,No     ,No               ,0,None   ,26,No             ,Yes           ,0.0,0,22.03,91.38,88,Low,8,1,9,Resolved
7422-WNBTY,Male  ,0,Yes    ,No        ,33,Yes         ,Yes             ,Fiber optic    ,No                 ,No                 ,Yes                ,Month-to-month,Yes             ,Electronic check         ,93.35,California,Green Valley Lake     ,34.244411,-117.072654,35,Yes    ,Yes              ,5,None   ,7,Yes            ,Yes           ,0.0,0,1048.0800000000002,4140.08,40,High,0,5,5,Resolved
6981-TDRFT,Male  ,0,Yes    ,Yes       ,44,No          ,No phone service,DSL            ,Yes                ,Yes                ,Yes                ,One year      ,Yes             ,Electronic check         ,54.3,California,Soulsbyville          ,37.990574,-120.261821,25,Yes    ,Yes              ,1,None   ,69,Yes            ,No            ,0.0,10,0.0,2327.1,39,High,1,4,5,Resolved
4774-HHGGS,Male  ,0,Yes    ,No        ,30,Yes         ,No              ,No             ,No internet service,No internet service,No internet service,Two year      ,No              ,Mailed check             ,19.05,California,Janesville            ,40.294034,-120.512622,64,Yes    ,Yes              ,1,None   ,0,No             ,No            ,0.0,0,341.40000000000003,978.95,28,High,1,3,4,Resolved
1541-ETJZO,Male  ,0,No     ,No        ,1,Yes         ,Yes             ,DSL            ,Yes                ,No                 ,No                 ,Month-to-month,No              ,Mailed check             ,62.05,California,Wheatland             ,39.043387,-121.409837,58,No     ,No               ,0,Offer E,12,No             ,No            ,0.0,10,47.83,119.88,86,Low,8,1,9,Resolved
0810-DHDBD,Female,0,No     ,No        ,52,Yes         ,Yes             ,DSL            ,Yes                ,Yes                ,No                 ,One year      ,No              ,Credit card (automatic)  ,74.0,California,Rohnert Park          ,38.34719,-122.697822,31,No     ,No               ,0,None   ,21,No             ,Yes           ,0.0,0,1111.76,4989.41,39,Medium,0,4,4,Resolved
2252-ISRNH,Male  ,0,Yes    ,Yes       ,9,Yes         ,Yes             ,Fiber optic    ,No                 ,Yes                ,No                 ,One year      ,Yes             ,Electronic check         ,90.35,California,Covelo                ,39.83307,-123.178765,22,Yes    ,Yes              ,9,Offer E,82,No             ,Yes           ,0.0,0,274.14,1042.04,27,Medium,1,3,4,Resolved
4929-BSTRX,Female,0,No     ,No        ,1,Yes         ,No              ,DSL            ,No                 ,Yes                ,No                 ,Month-to-month,Yes             ,Mailed check             ,53.55,California,Oxnard                ,34.223244,-119.18012,61,No     ,No               ,0,None   ,14,No             ,Yes           ,0.0,0,1.59,55.14,79,Low,7,1,8,Resolved
7989-VCQOH,Male  ,0,Yes    ,Yes       ,18,Yes         ,No              ,DSL            ,Yes                ,Yes                ,Yes                ,Month-to-month,No              ,Electronic check         ,83.25,California,Auberry               ,36.991762,-119.242874,29,Yes    ,Yes              ,3,None   ,59,Yes            ,Yes           ,0.0,0,185.22,1796.37,43,Medium,0,5,5,Resolved
5038-ETMLM,Female,0,Yes    ,No        ,72,Yes         ,Yes             ,Fiber optic    ,Yes                ,Yes                ,Yes                ,Two year      ,Yes             ,Bank transfer (automatic),113.65,California,Sacramento            ,38.475465,-121.443625,35,Yes    ,Yes              ,10,Offer A,22,Yes            ,Yes           ,0.0,0,2088.0,10270.75,38,Medium,0,4,4,Resolved
5656-JAMLX,Male  ,0,No     ,No        ,62,Yes         ,No              ,No             ,No internet service,No internet service,No internet service,Two year      ,No              ,Bank transfer (automatic),19.85,California,Greenbrae             ,37.946617,-122.563571,29,No     ,No               ,0,None   ,0,No             ,No            ,0.0,0,878.54,2132.19,45,High,1,5,6,Resolved
5899-MQZZL,Female,0,No     ,No        ,13,Yes         ,Yes             ,Fiber optic    ,No                 ,No                 ,No                 ,Month-to-month,Yes             ,Mailed check             ,75.0,California,San Ysidro            ,32.555828,-117.040073,25,No     ,No               ,0,Offer D,48,Yes            ,Yes           ,0.0,0,78.39,1077.84,68,Low,6,0,6,Resolved
9541-PWTWO,Female,0,No     ,No        ,52,Yes         ,Yes             ,DSL            ,Yes                ,Yes                ,Yes                ,Two year      ,Yes             ,Bank transfer (automatic),80.95,California,Willow Creek          ,40.949012,-123.655847,32,No     ,No               ,0,Offer B,21,Yes            ,Yes           ,0.0,0,2012.92,6246.87,28,High,0,3,3,NotResolved
4785-QRJHC,Male  ,1,Yes    ,No        ,46,No          ,No phone service,DSL            ,Yes                ,Yes                ,Yes                ,One year      ,Yes             ,Bank transfer (automatic),59.9,California,San Francisco         ,37.722302,-122.491129,80,Yes    ,Yes              ,1,None   ,15,No             ,No            ,0.0,150,0.0,2966.65,80,Medium,8,1,9,Resolved
2604-XVDAM,Female,0,No     ,No        ,12,Yes         ,No              ,DSL            ,No                 ,No                 ,No                 ,Month-to-month,No              ,Bank transfer (automatic),43.8,California,Pope Valley           ,38.672708,-122.403219,54,No     ,No               ,0,Offer D,17,No             ,Yes           ,0.0,0,78.72,619.6700000000001,26,High,0,3,3,Resolved
6963-EZQEE,Male  ,1,Yes    ,No        ,70,Yes         ,Yes             ,DSL            ,Yes                ,Yes                ,Yes                ,Two year      ,Yes             ,Credit card (automatic)  ,88.55,California,Midpines              ,37.581496,-119.972762,69,Yes    ,Yes              ,4,None   ,8,No             ,Yes           ,0.0,0,2865.8,9172.3,37,Medium,1,4,5,Resolved
2371-JQHZZ,Male  ,0,Yes    ,No        ,24,Yes         ,Yes             ,Fiber optic    ,No                 ,Yes                ,Yes                ,Month-to-month,Yes             ,Electronic check         ,93.0,California,Bakersfield           ,35.280113,-118.962329,54,Yes    ,Yes              ,7,None   ,20,Yes            ,No            ,0.0,40,1125.84,3413.8900000000003,29,High,0,3,3,NotResolved
3712-PKXZA,Male  ,0,Yes    ,No        ,61,Yes         ,No              ,No             ,No internet service,No internet service,No internet service,One year      ,Yes             ,Credit card (automatic)  ,20.55,California,Glendale              ,34.17051,-118.289463,22,Yes    ,Yes              ,3,None   ,0,No             ,No            ,0.0,0,1175.47,2427.4700000000003,42,High,1,5,6,Resolved
3006-XIMLN,Female,0,No     ,Yes       ,2,Yes         ,Yes             ,Fiber optic    ,No                 ,Yes                ,Yes                ,Month-to-month,Yes             ,Bank transfer (automatic),94.2,California,Garden Valley         ,38.852544,-120.837669,34,No     ,No               ,0,None   ,13,Yes            ,Yes           ,0.0,0,85.78,279.58000000000004,79,Low,7,1,8,Resolved
6770-UAYGJ,Female,0,Yes    ,Yes       ,49,Yes         ,Yes             ,No             ,No internet service,No internet service,No internet service,Two year      ,No              ,Mailed check             ,25.25,California,Lebec                 ,34.845861,-118.885163,23,Yes    ,Yes              ,8,None   ,0,No             ,No            ,0.0,0,1648.85,2860.5,35,Medium,0,4,4,Resolved
3657-COGMW,Female,1,No     ,No        ,52,Yes         ,Yes             ,Fiber optic    ,No                 ,Yes                ,Yes                ,Month-to-month,No              ,Credit card (automatic)  ,108.1,California,San Luis Obispo       ,35.236549,-120.727344,76,No     ,No               ,0,None   ,18,No             ,Yes           ,0.0,0,572.52,6411.82,69,High,6,1,7,Resolved
0311-UNPFF,Female,0,No     ,No        ,26,Yes         ,No              ,Fiber optic    ,No                 ,Yes                ,Yes                ,Month-to-month,Yes             ,Bank transfer (automatic),88.8,California,Long Beach            ,33.830099,-118.182239,58,No     ,No               ,0,None   ,22,Yes            ,No            ,0.0,50,990.34,3314.69,82,Low,8,1,9,Resolved
6394-MFYNG,Female,0,No     ,No        ,48,Yes         ,Yes             ,Fiber optic    ,No                 ,Yes                ,Yes                ,Month-to-month,Yes             ,Bank transfer (automatic),107.4,California,Solana Beach          ,33.001813,-117.263628,20,No     ,No               ,0,None   ,47,Yes            ,Yes           ,0.0,0,249.12,5370.42,89,Low,8,1,9,Resolved
9898-KZQDZ,Female,1,Yes    ,Yes       ,40,Yes         ,Yes             ,Fiber optic    ,No                 ,Yes                ,Yes                ,Month-to-month,Yes             ,Credit card (automatic)  ,94.55,California,Lee Vining            ,37.890145,-119.184087,65,Yes    ,Yes              ,1,None   ,20,Yes            ,Yes           ,0.0,0,1980.0,5620.45,95,Low,9,0,9,NotResolved
7722-VJRQD,Male  ,0,Yes    ,Yes       ,72,No          ,No phone service,DSL            ,Yes                ,Yes                ,Yes                ,Two year      ,No              ,Bank transfer (automatic),60.95,California,Brooks                ,38.809804,-122.241383,38,Yes    ,Yes              ,8,None   ,15,Yes            ,Yes           ,0.0,0,0.0,4549.05,21,High,0,3,3,Resolved
5445-UTODQ,Female,0,Yes    ,No        ,7,Yes         ,No              ,Fiber optic    ,No                 ,Yes                ,No                 ,Month-to-month,Yes             ,Electronic check         ,81.1,California,Del Mar               ,32.948262,-117.256086,35,Yes    ,Yes              ,1,None   ,27,No             ,Yes           ,0.0,0,81.06,657.71,87,Low,8,1,9,Resolved
4109-CYRBD,Male  ,1,Yes    ,No        ,29,Yes         ,Yes             ,DSL            ,No                 ,No                 ,No                 ,Month-to-month,Yes             ,Electronic check         ,51.6,California,Menifee               ,33.653338,-117.178271,77,Yes    ,Yes              ,1,Offer C,9,No             ,Yes           ,0.0,0,1091.85,2533.85,39,High,0,4,4,NotResolved
6586-MYGKD,Male  ,0,Yes    ,No        ,70,Yes         ,Yes             ,DSL            ,Yes                ,Yes                ,Yes                ,Two year      ,Yes             ,Credit card (automatic)  ,76.95,California,Newport Beach         ,33.606336,-117.893042,46,Yes    ,Yes              ,1,Offer A,18,Yes            ,Yes           ,0.0,0,1278.2,6568.0,47,Medium,1,5,6,Resolved
4896-CPRPF,Male  ,0,Yes    ,Yes       ,35,Yes         ,Yes             ,No             ,No internet service,No internet service,No internet service,Two year      ,No              ,Bank transfer (automatic),25.45,California,Valley Ford           ,38.339996,-122.935056,38,Yes    ,Yes              ,1,None   ,0,No             ,No            ,0.0,0,478.45,1287.7,36,High,0,4,4,Resolved
8974-OVACP,Female,0,No     ,No        ,1,Yes         ,No              ,No             ,No internet service,No internet service,No internet service,Month-to-month,No              ,Mailed check             ,20.15,California,Yermo                 ,35.013299,-116.834092,40,No     ,No               ,0,None   ,0,No             ,No            ,0.0,0,27.59,47.74,31,High,0,4,4,Resolved
4891-NLUBA,Female,0,Yes    ,Yes       ,61,No          ,No phone service,DSL            ,Yes                ,Yes                ,Yes                ,Two year      ,Yes             ,Bank transfer (automatic),61.45,California,Paynes Creek          ,40.343213,-121.815412,46,Yes    ,Yes              ,8,Offer B,26,Yes            ,Yes           ,0.0,0,0.0,3751.15,20,Medium,0,3,3,Resolved
8543-MSDMF,Male  ,0,No     ,No        ,3,Yes         ,No              ,DSL            ,No                 ,Yes                ,Yes                ,Month-to-month,Yes             ,Electronic check         ,77.4,California,Coachella             ,33.680031,-116.171678,36,No     ,No               ,0,Offer E,6,Yes            ,Yes           ,0.0,0,133.26,339.41,24,High,0,3,3,Resolved
8450-JOVAH,Male  ,0,Yes    ,Yes       ,2,Yes         ,Yes             ,DSL            ,No                 ,No                 ,No                 ,Month-to-month,No              ,Mailed check             ,56.7,California,Agoura Hills          ,34.129058,-118.759788,62,Yes    ,Yes              ,1,None   ,53,No             ,Yes           ,0.0,0,11.34,124.89,77,Low,7,0,7,NotResolved
3417-TSCIC,Male  ,0,No     ,No        ,29,No          ,No phone service,DSL            ,No                 ,No                 ,No                 ,One year      ,Yes             ,Mailed check             ,24.85,California,Cloverdale            ,38.801936,-122.938935,19,No     ,No               ,0,None   ,59,No             ,Yes           ,0.0,0,0.0,788.05,49,High,0,5,5,Resolved
2662-NNTDK,Male  ,0,No     ,No        ,65,Yes         ,Yes             ,No             ,No internet service,No internet service,No internet service,One year      ,No              ,Credit card (automatic)  ,24.8,California,Coleville             ,38.42528,-119.475741,50,No     ,No               ,0,Offer B,0,No             ,No            ,0.0,0,2981.55,4582.5,76,High,7,1,8,Resolved
3148-AOIQT,Female,0,Yes    ,No        ,69,Yes         ,Yes             ,No             ,No internet service,No internet service,No internet service,Two year      ,Yes             ,Credit card (automatic)  ,24.95,California,Sacramento            ,38.691607,-121.602284,23,Yes    ,Yes              ,10,None   ,0,No             ,No            ,0.0,0,3113.28,4831.629999999999,45,Medium,0,5,5,Resolved
3768-NLUBH,Male  ,1,Yes    ,No        ,57,Yes         ,Yes             ,Fiber optic    ,No                 ,Yes                ,Yes                ,Month-to-month,No              ,Electronic check         ,100.6,California,Torrance              ,33.840399,-118.353714,73,Yes    ,Yes              ,1,Offer B,3,No             ,Yes           ,0.0,0,2399.7000000000003,8145.85,74,Low,7,1,8,Resolved
0303-WMMRN,Male  ,0,No     ,No        ,5,Yes         ,No              ,No             ,No internet service,No internet service,No internet service,Month-to-month,Yes             ,Mailed check             ,19.25,California,Glendale              ,34.182378,-118.262922,32,No     ,No               ,0,None   ,0,No             ,No            ,0.0,0,105.05,191.1,27,Medium,1,3,4,Resolved
0781-LKXBR,Male  ,1,No     ,No        ,9,Yes         ,Yes             ,Fiber optic    ,No                 ,Yes                ,Yes                ,Month-to-month,Yes             ,Electronic check         ,100.5,California,San Francisco         ,37.7795,-122.419233,65,No     ,No               ,0,None   ,15,Yes            ,Yes           ,0.0,0,438.39,1356.99,70,Low,7,1,8,Resolved
8083-YTZES,Male  ,0,No     ,No        ,4,Yes         ,Yes             ,Fiber optic    ,No                 ,No                 ,No                 ,Month-to-month,Yes             ,Electronic check         ,74.35,California,San Diego             ,32.697098,-117.116587,52,No     ,No               ,0,None   ,13,No             ,Yes           ,0.0,0,191.28,456.63,73,Low,7,1,8,Resolved
1582-RAFML,Male  ,0,No     ,No        ,1,Yes         ,Yes             ,DSL            ,Yes                ,No                 ,No                 ,Month-to-month,No              ,Mailed check             ,60.1,California,Sacramento            ,38.625096,-121.383658,26,No     ,No               ,0,Offer E,85,No             ,Yes           ,0.0,0,23.63,83.73,88,Low,8,1,9,Resolved
5055-BRMNE,Female,0,Yes    ,Yes       ,67,Yes         ,Yes             ,Fiber optic    ,Yes                ,Yes                ,Yes                ,Two year      ,No              ,Credit card (automatic)  ,106.7,California,Friant                ,37.027663,-119.69056,35,Yes    ,Yes              ,3,Offer A,16,Yes            ,Yes           ,0.0,0,2703.4500000000003,9712.95,43,Medium,0,5,5,Resolved
2026-TGDHM,Female,0,No     ,No        ,7,Yes         ,No              ,Fiber optic    ,No                 ,No                 ,Yes                ,Month-to-month,Yes             ,Electronic check         ,79.3,California,Cloverdale            ,38.801936,-122.938935,54,No     ,No               ,0,None   ,16,Yes            ,No            ,0.0,10,134.47,667.62,69,Low,6,1,7,Resolved
6211-WWLTF,Male  ,0,Yes    ,No        ,63,Yes         ,No              ,Fiber optic    ,No                 ,Yes                ,Yes                ,Two year      ,No              ,Credit card (automatic)  ,99.7,California,Oakhurst              ,37.648647,-119.231447,46,Yes    ,Yes              ,3,Offer B,6,Yes            ,Yes           ,0.0,0,1689.03,8019.429999999999,39,Medium,1,4,5,Resolved
5393-HJZSM,Female,0,Yes    ,Yes       ,32,Yes         ,No              ,DSL            ,Yes                ,No                 ,Yes                ,Month-to-month,No              ,Bank transfer (automatic),76.3,California,San Francisco         ,37.797526,-122.464531,54,Yes    ,Yes              ,1,Offer C,19,Yes            ,Yes           ,0.0,0,1037.76,3441.91,70,Medium,7,1,8,Resolved
1215-FIGMP,Male  ,0,No     ,No        ,60,Yes         ,Yes             ,Fiber optic    ,No                 ,Yes                ,No                 ,Month-to-month,Yes             ,Bank transfer (automatic),89.9,California,Los Angeles           ,34.102084,-118.451629,27,No     ,No               ,0,Offer B,52,No             ,Yes           ,0.0,0,2572.8,8023.5,35,Medium,1,4,5,Resolved
6267-DCFFZ,Female,1,Yes    ,No        ,30,Yes         ,Yes             ,Fiber optic    ,No                 ,Yes                ,No                 ,Month-to-month,Yes             ,Electronic check         ,90.05,California,Madeline              ,41.042003,-120.506086,68,Yes    ,Yes              ,8,Offer C,27,No             ,Yes           ,0.0,0,1432.5,4059.7,39,High,0,4,4,Resolved
1163-VIPRI,Female,0,Yes    ,Yes       ,65,Yes         ,Yes             ,Fiber optic    ,Yes                ,Yes                ,Yes                ,Two year      ,No              ,Electronic check         ,109.3,California,Garberville           ,40.057784,-123.679461,22,Yes    ,Yes              ,4,Offer B,47,Yes            ,Yes           ,0.0,0,861.25,8198.8,51,High,0,6,6,Resolved
1353-LJWEM,Male  ,0,No     ,No        ,11,Yes         ,No              ,DSL            ,Yes                ,No                 ,No                 ,Month-to-month,Yes             ,Electronic check         ,60.9,California,Cottonwood            ,40.336392,-122.448533,23,No     ,No               ,0,Offer D,27,No             ,Yes           ,49.24,0,316.36,955.62,58,Medium,1,6,7,Resolved
6513-EECDB,Male  ,1,Yes    ,No        ,1,Yes         ,Yes             ,Fiber optic    ,No                 ,No                 ,No                 ,Month-to-month,Yes             ,Electronic check         ,73.55,California,San Francisco         ,37.758085,-122.434801,75,Yes    ,No               ,0,None   ,6,No             ,Yes           ,0.0,0,36.92,110.47,94,Low,9,1,10,Resolved
2710-WYVXG,Female,0,No     ,No        ,3,Yes         ,No              ,DSL            ,Yes                ,No                 ,Yes                ,Two year      ,No              ,Mailed check             ,71.1,California,Sun Valley            ,34.231053,-118.338307,36,No     ,No               ,0,None   ,22,Yes            ,Yes           ,2.62,0,111.0,321.73,41,High,1,5,6,Resolved
4565-NLZBV,Female,0,Yes    ,No        ,71,Yes         ,Yes             ,No             ,No internet service,No internet service,No internet service,Two year      ,Yes             ,Bank transfer (automatic),24.65,California,Kneeland              ,40.664483,-123.865325,33,Yes    ,Yes              ,5,None   ,0,No             ,No            ,0.0,0,3079.27,4789.42,42,High,1,5,6,Resolved
8267-KFGYD,Male  ,0,No     ,Yes       ,1,Yes         ,No              ,No             ,No internet service,No internet service,No internet service,Month-to-month,Yes             ,Mailed check             ,21.05,California,Alhambra              ,34.074736,-118.145959,53,No     ,No               ,0,None   ,0,No             ,No            ,0.0,0,10.14,31.19,32,Medium,1,4,5,Resolved
8337-MSSXB,Female,0,No     ,No        ,14,Yes         ,No              ,Fiber optic    ,No                 ,No                 ,Yes                ,Month-to-month,Yes             ,Electronic check         ,86.3,California,Trabuco Canyon        ,33.631119,-117.567346,64,No     ,No               ,0,None   ,26,Yes            ,No            ,0.0,10,410.2,1601.15,74,Low,7,0,7,Resolved
7551-DACSP,Male  ,0,Yes    ,Yes       ,6,Yes         ,No              ,DSL            ,No                 ,No                 ,No                 ,Month-to-month,Yes             ,Mailed check             ,55.3,California,Hat Creek             ,40.789799,-121.474529,49,Yes    ,Yes              ,1,Offer E,19,No             ,Yes           ,0.0,0,11.16,335.41,91,Low,9,0,9,Resolved
9074-KGVOX,Male  ,0,Yes    ,Yes       ,50,No          ,No phone service,DSL            ,No                 ,Yes                ,No                 ,Month-to-month,Yes             ,Credit card (automatic)  ,39.45,California,Westport              ,39.724433,-123.767578,44,Yes    ,Yes              ,10,None   ,23,No             ,Yes           ,0.0,0,0.0,2021.35,27,Medium,1,3,4,Resolved
6653-CBBOM,Female,0,No     ,No        ,1,Yes         ,No              ,Fiber optic    ,No                 ,No                 ,No                 ,Month-to-month,Yes             ,Electronic check         ,70.3,California,Compton               ,33.885811,-118.206459,57,No     ,No               ,0,Offer E,11,No             ,Yes           ,0.0,0,15.92,86.22,88,Low,8,0,8,Resolved
7269-JISCY,Female,0,No     ,No        ,55,Yes         ,No              ,DSL            ,No                 ,No                 ,No                 ,One year      ,No              ,Bank transfer (automatic),45.05,California,Los Alamitos          ,33.79499,-118.065591,48,No     ,No               ,0,None   ,5,No             ,Yes           ,0.0,0,1848.0,4310.6,39,Medium,1,4,5,NotResolved
1193-RTSLK,Female,0,No     ,No        ,38,Yes         ,No              ,Fiber optic    ,No                 ,No                 ,No                 ,Month-to-month,Yes             ,Credit card (automatic)  ,83.9,California,Happy Camp            ,41.831901,-123.487478,26,No     ,No               ,0,None   ,48,Yes            ,Yes           ,0.0,0,1374.84,4608.44,82,Low,8,0,8,Resolved
3904-UKFRE,Male  ,0,No     ,No        ,4,Yes         ,Yes             ,Fiber optic    ,No                 ,No                 ,No                 ,Month-to-month,Yes             ,Electronic check         ,80.1,California,Stockton              ,37.965695,-121.260051,27,No     ,No               ,0,Offer E,82,No             ,Yes           ,0.0,0,176.64,512.79,67,Medium,6,0,6,Resolved
7349-ALMUX,Male  ,0,No     ,No        ,37,Yes         ,No              ,DSL            ,Yes                ,No                 ,No                 ,Two year      ,No              ,Bank transfer (automatic),65.6,California,Rancho Cucamonga      ,34.10097,-117.57882,35,No     ,No               ,0,None   ,30,No             ,Yes           ,0.0,0,1421.91,3735.71,27,High,0,3,3,Resolved
9505-SQFSW,Female,0,Yes    ,Yes       ,3,No          ,No phone service,DSL            ,No                 ,No                 ,Yes                ,Month-to-month,No              ,Mailed check             ,40.3,California,Tehachapi             ,35.073777,-118.652112,59,Yes    ,Yes              ,6,Offer E,53,Yes            ,Yes           ,0.0,0,0.0,92.5,65,High,6,1,7,Resolved
5642-MHDQT,Female,0,Yes    ,Yes       ,53,Yes         ,No              ,No             ,No internet service,No internet service,No internet service,One year      ,Yes             ,Bank transfer (automatic),19.85,California,Mc Farland            ,35.666886,-119.186717,60,Yes    ,Yes              ,6,Offer B,0,No             ,No            ,14.67,0,601.55,1626.33,42,Medium,0,5,5,NotResolved
0723-VSOBE,Female,1,No     ,No        ,45,No          ,No phone service,DSL            ,No                 ,No                 ,Yes                ,One year      ,No              ,Electronic check         ,34.2,California,Dos Rios              ,39.756049,-123.358701,67,No     ,No               ,0,Offer B,4,No             ,No            ,0.0,0,0.0,1596.6,38,Medium,0,4,4,Resolved
0362-ZBZWJ,Male  ,0,No     ,No        ,36,Yes         ,Yes             ,Fiber optic    ,No                 ,No                 ,Yes                ,Month-to-month,Yes             ,Electronic check         ,84.9,California,Thornton              ,38.157794,-121.520223,46,No     ,No               ,0,None   ,22,Yes            ,Yes           ,0.0,0,887.76,3954.96,69,Low,6,0,6,NotResolved
3779-OSWCF,Female,0,Yes    ,No        ,71,Yes         ,Yes             ,DSL            ,Yes                ,Yes                ,Yes                ,Two year      ,No              ,Credit card (automatic)  ,93.2,California,Dillon Beach          ,38.24458,-122.956268,38,Yes    ,Yes              ,8,None   ,23,Yes            ,Yes           ,0.0,0,860.52,7366.67,69,Medium,6,0,6,Resolved
8782-LKFPK,Male  ,0,No     ,No        ,44,Yes         ,Yes             ,Fiber optic    ,No                 ,No                 ,Yes                ,Month-to-month,Yes             ,Mailed check             ,90.4,California,Beaumont              ,33.946982,-116.977672,50,No     ,No               ,0,None   ,16,Yes            ,Yes           ,0.0,0,1976.48,6039.48,63,High,6,1,7,Resolved
1568-LJSZU,Male  ,0,Yes    ,Yes       ,68,Yes         ,Yes             ,DSL            ,Yes                ,Yes                ,Yes                ,Two year      ,Yes             ,Credit card (automatic)  ,92.2,California,Harbor City           ,33.798266,-118.300237,39,Yes    ,Yes              ,4,Offer A,20,Yes            ,Yes           ,0.0,0,2609.84,9002.69,43,Medium,1,5,6,Resolved
5093-FEGLU,Female,0,Yes    ,No        ,47,Yes         ,No              ,No             ,No internet service,No internet service,No internet service,Two year      ,No              ,Bank transfer (automatic),19.65,California,San Francisco         ,37.789168,-122.395009,21,Yes    ,Yes              ,1,Offer B,0,No             ,No            ,0.0,0,2157.3,3078.8499999999995,28,High,0,3,3,Resolved
4439-YRNVD,Female,0,No     ,No        ,10,No          ,No phone service,DSL            ,Yes                ,No                 ,No                 ,Month-to-month,No              ,Electronic check         ,36.25,California,Selma                 ,36.545322,-119.642281,33,No     ,No               ,0,None   ,23,No             ,Yes           ,0.0,0,0.0,374.0,24,Medium,0,3,3,Resolved
8232-CTLKO,Female,0,Yes    ,Yes       ,66,Yes         ,No              ,DSL            ,No                 ,Yes                ,No                 ,Two year      ,Yes             ,Electronic check         ,59.75,California,Ocotillo              ,32.698964,-115.886656,58,Yes    ,Yes              ,9,Offer A,16,No             ,Yes           ,0.0,0,553.74,4550.54,80,Medium,8,1,9,NotResolved
6458-CYIDZ,Female,1,No     ,No        ,5,Yes         ,No              ,Fiber optic    ,No                 ,No                 ,No                 ,Month-to-month,No              ,Electronic check         ,80.7,California,Albion                ,39.225694,-123.717354,72,No     ,No               ,0,Offer E,17,No             ,Yes           ,0.0,0,181.35,556.1500000000001,51,High,0,6,6,Resolved
9618-LFJRU,Female,0,No     ,No        ,4,Yes         ,No              ,No             ,No internet service,No internet service,No internet service,Month-to-month,No              ,Credit card (automatic)  ,20.45,California,Inglewood             ,33.936291,-118.332639,31,No     ,No               ,0,None   ,0,No             ,No            ,0.0,0,12.2,95.05,40,High,0,5,5,Resolved
4531-AUZNK,Female,0,Yes    ,Yes       ,51,Yes         ,Yes             ,Fiber optic    ,Yes                ,Yes                ,No                 ,One year      ,Yes             ,Mailed check             ,95.15,California,Oakland               ,37.808731,-122.238708,21,Yes    ,Yes              ,2,Offer B,47,Yes            ,Yes           ,0.0,0,939.42,5939.47,21,Medium,1,3,4,NotResolved
9786-YWNHU,Female,0,Yes    ,Yes       ,63,Yes         ,No              ,DSL            ,Yes                ,No                 ,No                 ,Two year      ,No              ,Mailed check             ,63.55,California,Fontana               ,34.136367,-117.460803,62,Yes    ,Yes              ,6,Offer B,27,No             ,No            ,0.0,90,74.33999999999999,4178.54,48,Medium,1,5,6,Resolved
2978-XXSOG,Female,0,No     ,No        ,22,Yes         ,Yes             ,DSL            ,Yes                ,No                 ,No                 ,Month-to-month,Yes             ,Mailed check             ,59.05,California,Doyle                 ,40.012675,-120.101857,33,No     ,No               ,0,Offer D,24,No             ,Yes           ,0.0,0,720.5,1974.0,47,High,0,5,5,Resolved
8755-OGKNA,Female,0,Yes    ,Yes       ,57,Yes         ,No              ,No             ,No internet service,No internet service,No internet service,Two year      ,No              ,Bank transfer (automatic),19.5,California,Laton                 ,36.444232,-119.718285,33,Yes    ,Yes              ,5,Offer B,0,No             ,No            ,19.89,0,2401.98,3549.69,45,Medium,1,5,6,Resolved
4806-KEXQR,Male  ,0,No     ,No        ,4,Yes         ,No              ,Fiber optic    ,No                 ,No                 ,Yes                ,Month-to-month,Yes             ,Electronic check         ,79.9,California,Lockeford             ,38.166791,-121.14207,27,No     ,No               ,0,Offer E,46,Yes            ,Yes           ,0.0,0,172.24,496.54,77,Low,7,0,7,Resolved
9095-HFAFX,Female,0,No     ,No        ,5,Yes         ,No              ,Fiber optic    ,No                 ,Yes                ,No                 ,Month-to-month,Yes             ,Credit card (automatic)  ,81.0,California,Big Bear City         ,34.278967,-116.773825,61,No     ,No               ,0,Offer E,23,No             ,No            ,0.0,10,101.0,500.6,96,Low,9,0,9,Resolved
6543-JXSOO,Female,0,Yes    ,Yes       ,23,Yes         ,No              ,DSL            ,Yes                ,No                 ,No                 ,One year      ,Yes             ,Mailed check             ,57.75,California,Clipper Mills         ,39.562239,-121.14836,30,Yes    ,Yes              ,5,Offer D,41,No             ,Yes           ,0.0,0,296.24,1579.09,22,Medium,0,3,3,Resolved
9850-OWRHQ,Female,0,Yes    ,No        ,3,Yes         ,Yes             ,Fiber optic    ,No                 ,No                 ,No                 ,Month-to-month,Yes             ,Credit card (automatic)  ,74.1,California,Torrance              ,33.833181,-118.292062,55,Yes    ,Yes              ,1,None   ,24,No             ,Yes           ,0.0,0,48.87,276.87,69,Low,6,0,6,Resolved
7964-YESJC,Female,0,Yes    ,No        ,24,Yes         ,Yes             ,DSL            ,No                 ,No                 ,No                 ,Month-to-month,No              ,Mailed check             ,66.3,California,Moorpark              ,34.312945,-118.858169,21,Yes    ,Yes              ,6,None   ,27,No             ,Yes           ,32.59,0,223.2,1750.0600000000002,45,Medium,0,5,5,Resolved
2969-VAPYH,Female,0,No     ,No        ,67,Yes         ,No              ,DSL            ,Yes                ,No                 ,No                 ,One year      ,No              ,Credit card (automatic)  ,60.5,California,Fresno                ,36.799648,-119.801247,28,No     ,No               ,0,Offer A,73,No             ,Yes           ,0.0,0,2411.33,6281.33,48,Medium,1,5,6,Resolved
8229-MYEJZ,Female,0,No     ,No        ,10,Yes         ,No              ,DSL            ,No                 ,No                 ,No                 ,Month-to-month,No              ,Electronic check         ,51.2,California,Upland                ,34.105493,-117.660934,44,No     ,No               ,0,Offer D,17,No             ,Yes           ,0.0,0,455.6,953.85,47,High,0,5,5,Resolved
6741-QRLUP,Female,0,No     ,No        ,63,Yes         ,Yes             ,DSL            ,Yes                ,No                 ,Yes                ,Two year      ,Yes             ,Credit card (automatic)  ,80.3,California,Olema                 ,38.052209,-122.775567,50,No     ,No               ,0,None   ,26,Yes            ,Yes           ,0.0,0,1974.42,6969.77,74,Medium,7,1,8,Resolved
3295-YVUSR,Male  ,1,No     ,No        ,2,Yes         ,Yes             ,Fiber optic    ,No                 ,No                 ,No                 ,Month-to-month,Yes             ,Mailed check             ,72.6,California,Glendale              ,34.167926,-118.267539,73,No     ,No               ,0,None   ,30,No             ,Yes           ,0.0,0,30.38,184.68,47,Medium,0,5,5,Resolved
9885-MFVSU,Female,0,Yes    ,Yes       ,35,No          ,No phone service,DSL            ,Yes                ,Yes                ,No                 ,Two year      ,Yes             ,Credit card (automatic)  ,46.35,California,Poway                 ,32.984395,-117.013454,59,Yes    ,Yes              ,7,Offer C,24,No             ,No            ,0.0,140,0.0,1802.05,46,High,1,5,6,Resolved
8957-THMOA,Female,0,No     ,Yes       ,50,Yes         ,No              ,No             ,No internet service,No internet service,No internet service,Two year      ,No              ,Credit card (automatic)  ,20.15,California,Big Bear City         ,34.278967,-116.773825,40,No     ,No               ,0,None   ,0,No             ,No            ,0.0,0,947.5,1918.35,27,Medium,1,3,4,Resolved
4077-CROMM,Female,0,Yes    ,Yes       ,31,Yes         ,Yes             ,Fiber optic    ,Yes                ,Yes                ,Yes                ,Month-to-month,Yes             ,Electronic check         ,104.2,California,Modesto               ,37.671806,-121.007575,51,Yes    ,Yes              ,4,None   ,13,Yes            ,Yes           ,17.01,0,115.63,3342.07,68,Low,6,1,7,Resolved
2592-YKDIF,Female,0,No     ,No        ,1,Yes         ,No              ,No             ,No internet service,No internet service,No internet service,Month-to-month,No              ,Mailed check             ,20.35,California,North Highlands       ,38.671295,-121.388251,47,No     ,No               ,0,None   ,0,No             ,No            ,0.0,0,44.09,64.44,72,Medium,7,0,7,NotResolved
1299-AURJA,Female,0,Yes    ,Yes       ,70,Yes         ,Yes             ,No             ,No internet service,No internet service,No internet service,Two year      ,No              ,Bank transfer (automatic),24.7,California,Twain Harte           ,38.107441,-120.230625,43,Yes    ,Yes              ,8,None   ,0,No             ,No            ,0.0,0,2123.1,3809.0,59,High,1,6,7,Resolved
7721-JXEAW,Male  ,0,Yes    ,No        ,59,No          ,No phone service,DSL            ,No                 ,No                 ,Yes                ,Month-to-month,Yes             ,Bank transfer (automatic),41.05,California,Elk Grove             ,38.434138,-121.30587,23,Yes    ,Yes              ,1,Offer B,69,Yes            ,Yes           ,0.0,0,0.0,2452.7,70,Low,7,1,8,Resolved
0228-MAUWC,Male  ,0,No     ,No        ,19,Yes         ,Yes             ,DSL            ,Yes                ,No                 ,No                 ,Month-to-month,No              ,Electronic check         ,59.55,California,Los Gatos             ,37.160194,-121.945611,40,No     ,No               ,0,Offer D,18,No             ,Yes           ,0.0,0,225.15,1369.75,39,High,0,4,4,Resolved
3138-BKYAV,Male  ,0,No     ,No        ,6,Yes         ,No              ,Fiber optic    ,No                 ,Yes                ,No                 ,Month-to-month,Yes             ,Electronic check         ,85.35,California,Kerman                ,36.727418,-120.123526,61,No     ,No               ,0,None   ,27,No             ,Yes           ,0.0,0,71.82000000000001,561.27,75,Medium,7,0,7,Resolved
0031-PVLZI,Female,0,Yes    ,Yes       ,4,Yes         ,No              ,No             ,No internet service,No internet service,No internet service,Month-to-month,No              ,Mailed check             ,20.35,California,Korbel                ,40.7666,-123.80458,34,Yes    ,No               ,0,Offer E,0,No             ,No            ,0.0,0,49.72,126.07,81,Low,8,1,9,Resolved
4730-AWNAU,Male  ,0,Yes    ,Yes       ,36,No          ,No phone service,DSL            ,Yes                ,Yes                ,Yes                ,One year      ,No              ,Credit card (automatic)  ,60.7,California,Lower Lake            ,38.925545,-122.549083,59,Yes    ,Yes              ,7,None   ,24,Yes            ,Yes           ,0.0,0,0.0,2234.55,69,Medium,6,1,7,Resolved
7801-CEDNV,Male  ,0,Yes    ,No        ,27,Yes         ,No              ,DSL            ,No                 ,No                 ,No                 ,One year      ,No              ,Credit card (automatic)  ,48.7,California,Inglewood             ,33.936827,-118.359824,33,Yes    ,Yes              ,10,None   ,5,No             ,Yes           ,0.0,0,243.27,1665.02,30,Medium,0,4,4,Resolved
8348-HFYIV,Male  ,0,No     ,No        ,2,No          ,No phone service,DSL            ,No                 ,Yes                ,Yes                ,Month-to-month,Yes             ,Electronic check         ,49.25,California,Oakland               ,37.776523,-122.219268,21,No     ,No               ,0,Offer E,51,Yes            ,Yes           ,0.0,0,0.0,90.35,90,Medium,9,1,10,NotResolved
7055-VKGDA,Male  ,0,No     ,No        ,54,Yes         ,No              ,Fiber optic    ,Yes                ,Yes                ,Yes                ,One year      ,Yes             ,Credit card (automatic)  ,105.4,California,Clarksburg            ,38.384648,-121.578701,31,No     ,No               ,0,Offer B,26,Yes            ,Yes           ,0.0,0,2698.92,8342.32,87,Low,8,0,8,Resolved
5287-QWLKY,Male  ,1,Yes    ,Yes       ,71,Yes         ,Yes             ,Fiber optic    ,No                 ,Yes                ,Yes                ,Month-to-month,Yes             ,Credit card (automatic)  ,105.1,California,Big Pine              ,37.245505,-118.062943,79,Yes    ,Yes              ,1,None   ,8,Yes            ,Yes           ,0.0,0,3170.86,10718.96,66,Low,6,0,6,NotResolved
2898-LSJGD,Female,0,Yes    ,Yes       ,21,No          ,No phone service,DSL            ,No                 ,Yes                ,Yes                ,One year      ,Yes             ,Electronic check         ,55.95,California,Santa Ana             ,33.714829,-117.872941,30,Yes    ,Yes              ,1,None   ,69,Yes            ,No            ,0.0,10,0.0,1167.05,74,Low,7,0,7,Resolved
6641-XRPSU,Female,0,No     ,No        ,34,Yes         ,No              ,Fiber optic    ,No                 ,No                 ,No                 ,Month-to-month,Yes             ,Credit card (automatic)  ,70.0,California,San Lorenzo           ,37.676249,-122.132415,61,No     ,No               ,0,Offer C,21,No             ,Yes           ,11.0,0,158.44,2563.54,93,Low,9,0,9,Resolved
8058-INTPH,Female,0,No     ,No        ,1,Yes         ,No              ,Fiber optic    ,No                 ,Yes                ,No                 ,Month-to-month,Yes             ,Electronic check         ,79.65,California,Oceanside             ,33.194742,-117.29032,57,No     ,No               ,0,None   ,5,No             ,Yes           ,0.0,0,22.48,102.13,71,Medium,7,1,8,Resolved
7233-DRTRF,Male  ,0,Yes    ,No        ,63,Yes         ,Yes             ,Fiber optic    ,No                 ,Yes                ,Yes                ,Month-to-month,Yes             ,Electronic check         ,102.4,California,Fresno                ,36.749403,-119.787574,47,Yes    ,Yes              ,1,None   ,15,Yes            ,Yes           ,0.0,0,1118.25,7562.3,43,High,0,5,5,NotResolved
7470-MCQTK,Female,0,Yes    ,No        ,13,No          ,No phone service,DSL            ,No                 ,Yes                ,Yes                ,Month-to-month,Yes             ,Bank transfer (automatic),48.75,California,Alpaugh               ,35.869626,-119.498771,42,Yes    ,Yes              ,1,None   ,8,Yes            ,Yes           ,0.0,0,0.0,633.4,86,Low,8,1,9,Resolved
2869-ADAWR,Female,0,No     ,No        ,45,Yes         ,Yes             ,Fiber optic    ,No                 ,Yes                ,No                 ,Month-to-month,Yes             ,Credit card (automatic)  ,89.3,California,Sutter Creek          ,38.432145,-120.77069,41,No     ,No               ,0,Offer B,24,No             ,Yes           ,44.63,0,635.4,4607.62,90,Low,9,1,10,Resolved
1043-UXOVO,Female,0,No     ,No        ,71,Yes         ,Yes             ,Fiber optic    ,Yes                ,Yes                ,Yes                ,Two year      ,Yes             ,Credit card (automatic)  ,113.15,California,Sacramento            ,38.490508,-121.284171,25,No     ,No               ,0,Offer A,76,Yes            ,Yes           ,0.0,0,2016.4,10009.7,35,Medium,1,4,5,Resolved
6961-VCPMC,Male  ,1,Yes    ,No        ,46,Yes         ,No              ,Fiber optic    ,No                 ,No                 ,Yes                ,Month-to-month,Yes             ,Electronic check         ,80.4,California,North Palm Springs    ,33.906496,-116.569499,71,Yes    ,Yes              ,1,Offer B,3,No             ,No            ,0.0,20,2236.52,5861.719999999999,75,Medium,7,0,7,Resolved
1846-XWOQN,Female,1,No     ,No        ,1,Yes         ,No              ,Fiber optic    ,No                 ,No                 ,No                 ,Month-to-month,Yes             ,Electronic check         ,70.15,California,Bradley               ,35.842889,-121.004862,80,No     ,No               ,0,None   ,8,No             ,Yes           ,0.0,0,47.97,118.12,71,Low,7,1,8,Resolved
8148-NLEGT,Female,0,Yes    ,Yes       ,42,Yes         ,Yes             ,No             ,No internet service,No internet service,No internet service,Two year      ,No              ,Electronic check         ,22.95,California,Pinecrest             ,38.224869,-119.755729,47,Yes    ,Yes              ,1,None   ,0,No             ,No            ,0.0,0,585.9,1600.15,24,High,0,3,3,Resolved
5135-RDDQL,Female,0,Yes    ,Yes       ,63,Yes         ,No              ,DSL            ,No                 ,No                 ,No                 ,Two year      ,Yes             ,Bank transfer (automatic),50.65,California,Corning               ,39.913777,-122.289984,37,Yes    ,Yes              ,6,Offer B,11,No             ,Yes           ,37.04,0,1595.16,4779.37,36,Medium,1,4,5,Resolved
0748-RDGGM,Male  ,0,Yes    ,No        ,70,Yes         ,No              ,Fiber optic    ,Yes                ,Yes                ,Yes                ,One year      ,Yes             ,Bank transfer (automatic),109.5,California,Tarzana               ,34.157137,-118.548511,38,Yes    ,Yes              ,1,None   ,26,Yes            ,Yes           ,0.0,0,2774.1000000000004,10308.75,82,Low,8,0,8,Resolved
9185-TQCVP,Male  ,0,Yes    ,No        ,14,Yes         ,Yes             ,Fiber optic    ,No                 ,No                 ,Yes                ,Month-to-month,Yes             ,Electronic check         ,85.15,California,Albany                ,37.890274,-122.295192,27,Yes    ,Yes              ,1,None   ,42,Yes            ,Yes           ,38.48,0,298.2,1398.92,91,Low,10,1,11,NotResolved
6771-XWBDM,Female,0,Yes    ,No        ,57,Yes         ,Yes             ,Fiber optic    ,No                 ,Yes                ,Yes                ,Month-to-month,Yes             ,Credit card (automatic)  ,104.5,California,White Water           ,33.972293,-116.654195,47,Yes    ,Yes              ,1,None   ,25,Yes            ,Yes           ,0.0,0,2287.4100000000003,8208.76,80,Low,8,0,8,Resolved
9137-NOQKA,Male  ,1,No     ,No        ,2,Yes         ,No              ,No             ,No internet service,No internet service,No internet service,Month-to-month,No              ,Electronic check         ,19.2,California,South San Francisco   ,37.654436,-122.426468,80,No     ,No               ,0,None   ,0,No             ,No            ,0.0,0,14.06,51.260000000000005,24,High,0,3,3,NotResolved
9639-BUJXT,Male  ,0,No     ,No        ,63,Yes         ,No              ,No             ,No internet service,No internet service,No internet service,One year      ,No              ,Mailed check             ,20.5,California,Santee                ,32.847336,-116.997605,50,No     ,No               ,0,None   ,0,No             ,No            ,15.62,0,2227.05,3539.5800000000004,28,High,0,3,3,Resolved
4092-OFQZS,Male  ,0,Yes    ,No        ,20,Yes         ,No              ,No             ,No internet service,No internet service,No internet service,One year      ,No              ,Mailed check             ,20.65,California,Manhattan Beach       ,33.889632,-118.39737,27,Yes    ,Yes              ,8,Offer D,0,No             ,No            ,0.0,0,929.4,1346.9,40,Medium,0,5,5,NotResolved
6609-MXJHJ,Female,0,Yes    ,Yes       ,30,Yes         ,Yes             ,No             ,No internet service,No internet service,No internet service,Two year      ,Yes             ,Mailed check             ,25.1,California,Long Beach            ,33.823943,-118.111335,39,Yes    ,Yes              ,6,Offer C,0,No             ,No            ,15.41,0,1416.3,2190.44,35,Medium,0,4,4,Resolved
4176-RELJR,Male  ,1,No     ,No        ,67,Yes         ,Yes             ,No             ,No internet service,No internet service,No internet service,Two year      ,No              ,Credit card (automatic)  ,25.1,California,Elmira                ,38.349195,-121.902943,73,No     ,No               ,0,None   ,0,No             ,No            ,0.0,0,984.23,2656.38,26,Medium,0,3,3,Resolved
4622-YNKIJ,Male  ,0,No     ,No        ,33,Yes         ,No              ,Fiber optic    ,Yes                ,Yes                ,No                 ,Two year      ,Yes             ,Electronic check         ,88.95,California,Norwalk               ,33.905963,-118.08263,59,No     ,No               ,0,Offer C,18,No             ,Yes           ,0.0,0,1572.12,4599.77,32,Medium,0,4,4,Resolved
7216-EWTRS,Female,1,Yes    ,No        ,1,Yes         ,Yes             ,Fiber optic    ,No                 ,Yes                ,Yes                ,Month-to-month,Yes             ,Electronic check         ,100.8,California,Newport Beach         ,33.62251,-117.927024,78,Yes    ,Yes              ,4,None   ,23,No             ,Yes           ,0.0,0,17.35,118.15,65,Low,6,0,6,Resolved
0310-SUCIN,Female,0,Yes    ,No        ,71,Yes         ,No              ,DSL            ,Yes                ,Yes                ,Yes                ,One year      ,Yes             ,Bank transfer (automatic),84.8,California,Darwin                ,36.319181,-117.593053,50,Yes    ,Yes              ,2,None   ,6,Yes            ,Yes           ,0.0,0,1637.26,7683.360000000001,28,Medium,1,3,4,Resolved
7432-FFVAR,Female,0,Yes    ,Yes       ,46,Yes         ,No              ,Fiber optic    ,Yes                ,No                 ,Yes                ,One year      ,No              ,Bank transfer (automatic),90.95,California,Victorville           ,34.486835,-117.362274,23,Yes    ,Yes              ,2,Offer B,48,Yes            ,No            ,0.0,50,287.96,4574.56,38,High,0,4,4,Resolved
2929-ERCFZ,Female,0,Yes    ,Yes       ,8,Yes         ,No              ,Fiber optic    ,No                 ,Yes                ,Yes                ,Month-to-month,Yes             ,Electronic check         ,94.2,California,Independence          ,36.869584,-118.189241,22,Yes    ,Yes              ,1,Offer E,76,Yes            ,Yes           ,0.0,0,310.64,1087.94,80,Low,8,1,9,Resolved
3070-BDOQC,Female,0,No     ,No        ,60,Yes         ,No              ,Fiber optic    ,No                 ,Yes                ,Yes                ,Two year      ,Yes             ,Electronic check         ,99.65,California,Sacramento            ,38.549185,-121.328386,38,No     ,No               ,0,None   ,21,Yes            ,Yes           ,0.0,0,1008.6,6949.65,41,High,0,5,5,Resolved
1169-SAOCL,Male  ,0,No     ,No        ,49,Yes         ,Yes             ,Fiber optic    ,Yes                ,Yes                ,Yes                ,One year      ,Yes             ,Bank transfer (automatic),106.65,California,Brookdale             ,37.106902,-122.100006,45,No     ,No               ,0,None   ,25,Yes            ,No            ,0.0,130,1103.48,6401.58,27,High,0,3,3,Resolved
3572-UOLYZ,Female,0,No     ,Yes       ,46,Yes         ,Yes             ,Fiber optic    ,Yes                ,No                 ,No                 ,Month-to-month,Yes             ,Bank transfer (automatic),84.8,California,San Jose              ,37.255479,-121.889838,28,No     ,No               ,0,None   ,59,No             ,Yes           ,0.0,0,187.68,4146.53,39,Medium,0,4,4,Resolved
2154-KVJFF,Female,0,No     ,No        ,15,Yes         ,Yes             ,Fiber optic    ,No                 ,No                 ,No                 ,Month-to-month,Yes             ,Electronic check         ,79.75,California,Stevinson             ,37.316807,-120.855753,42,No     ,No               ,0,Offer D,21,No             ,Yes           ,0.0,0,642.4499999999999,1754.2999999999995,65,Medium,6,1,7,Resolved
9447-YPTBX,Female,0,Yes    ,No        ,50,Yes         ,No              ,No             ,No internet service,No internet service,No internet service,One year      ,Yes             ,Bank transfer (automatic),19.85,California,Alhambra              ,34.090925,-118.128164,30,Yes    ,Yes              ,1,None   ,0,No             ,No            ,0.0,0,1405.0,2348.1,39,High,1,4,5,Resolved
2397-BRLOM,Male  ,1,Yes    ,Yes       ,8,Yes         ,No              ,Fiber optic    ,No                 ,Yes                ,No                 ,Month-to-month,Yes             ,Credit card (automatic)  ,80.45,California,San Rafael            ,37.972662,-122.491452,67,Yes    ,Yes              ,2,None   ,2,No             ,Yes           ,0.0,0,215.92,799.37,91,Low,10,0,10,Resolved
2790-XUYMV,Male  ,0,No     ,Yes       ,71,Yes         ,Yes             ,Fiber optic    ,No                 ,No                 ,No                 ,One year      ,Yes             ,Credit card (automatic)  ,85.45,California,Mount Hamilton        ,37.382909,-121.634151,19,No     ,No               ,0,None   ,30,No             ,Yes           ,0.0,0,2264.19,8293.14,48,High,1,5,6,Resolved
3091-FYHKI,Male  ,0,No     ,No        ,1,No          ,No phone service,DSL            ,No                 ,No                 ,Yes                ,Month-to-month,Yes             ,Electronic check         ,35.45,California,Harbor City           ,33.798266,-118.300237,64,No     ,No               ,0,Offer E,22,Yes            ,Yes           ,0.0,0,0.0,35.45,80,Medium,8,1,9,Resolved
0420-BWTPW,Male  ,0,No     ,Yes       ,8,No          ,No phone service,DSL            ,No                 ,No                 ,No                 ,Month-to-month,No              ,Mailed check             ,25.5,California,Chula Vista           ,32.636792,-117.054989,40,No     ,No               ,0,None   ,16,No             ,Yes           ,0.0,0,0.0,215.2,78,Low,7,1,8,NotResolved
0603-TPMIB,Female,0,Yes    ,Yes       ,59,Yes         ,Yes             ,No             ,No internet service,No internet service,No internet service,Two year      ,No              ,Mailed check             ,25.45,California,San Simeon            ,35.746484,-121.223355,40,Yes    ,No               ,0,Offer B,0,No             ,No            ,0.0,0,2499.83,4033.88,30,High,1,4,5,NotResolved
6655-LHBYW,Male  ,0,No     ,No        ,50,Yes         ,Yes             ,Fiber optic    ,Yes                ,Yes                ,Yes                ,One year      ,No              ,Credit card (automatic)  ,114.35,California,Glendora              ,34.14649,-117.849815,46,No     ,No               ,0,Offer B,21,Yes            ,No            ,0.0,10,990.0,6791.1,33,Medium,1,4,5,Resolved
1307-ATKGB,Male  ,0,No     ,No        ,24,Yes         ,No              ,Fiber optic    ,No                 ,No                 ,Yes                ,Month-to-month,Yes             ,Electronic check         ,89.55,California,Santa Clara           ,37.393554,-121.965114,21,No     ,No               ,0,None   ,59,Yes            ,Yes           ,0.0,0,669.84,2856.99,41,High,0,5,5,Resolved
8958-JPTRR,Female,0,Yes    ,No        ,56,Yes         ,Yes             ,No             ,No internet service,No internet service,No internet service,One year      ,No              ,Electronic check         ,24.3,California,Calabasas             ,34.130861,-118.68346,23,Yes    ,Yes              ,7,None   ,0,No             ,No            ,0.0,0,1187.76,2449.46,33,High,0,4,4,Resolved
6725-TPKJO,Male  ,0,No     ,No        ,44,Yes         ,No              ,No             ,No internet service,No internet service,No internet service,Two year      ,No              ,Mailed check             ,20.05,California,Duncans Mills         ,38.445603,-123.063756,28,No     ,No               ,0,None   ,0,No             ,No            ,15.31,0,2091.32,2921.26,41,Medium,0,5,5,Resolved
1241-EZFMJ,Male  ,0,Yes    ,No        ,61,Yes         ,Yes             ,No             ,No internet service,No internet service,No internet service,Two year      ,No              ,Bank transfer (automatic),25.45,California,Ontario               ,34.035602,-117.591528,48,Yes    ,Yes              ,2,Offer B,0,No             ,No            ,0.0,0,703.3299999999999,2241.93,41,High,0,5,5,NotResolved
3938-YFPXD,Male  ,0,No     ,No        ,72,Yes         ,Yes             ,DSL            ,Yes                ,Yes                ,Yes                ,Two year      ,No              ,Credit card (automatic)  ,84.3,California,Janesville            ,40.294034,-120.512622,55,No     ,No               ,0,Offer A,27,Yes            ,Yes           ,0.0,0,2090.16,8087.26,35,High,0,4,4,Resolved
6867-ACCZI,Female,0,Yes    ,Yes       ,24,No          ,No phone service,DSL            ,Yes                ,No                 ,Yes                ,Two year      ,Yes             ,Mailed check             ,52.5,California,Bethel Island         ,38.050558,-121.646924,34,Yes    ,Yes              ,1,Offer C,75,Yes            ,Yes           ,0.0,0,0.0,1208.15,47,Medium,0,5,5,Resolved
7966-YOTQW,Male  ,0,No     ,No        ,10,Yes         ,Yes             ,DSL            ,No                 ,No                 ,No                 ,Month-to-month,Yes             ,Credit card (automatic)  ,54.5,California,Nubieber              ,41.082472,-121.195215,29,No     ,No               ,0,None   ,59,No             ,Yes           ,0.0,0,339.79999999999995,908.0,59,High,1,6,7,Resolved
6647-ZEDXT,Female,0,No     ,No        ,30,Yes         ,Yes             ,Fiber optic    ,Yes                ,Yes                ,Yes                ,One year      ,No              ,Credit card (automatic)  ,110.45,California,Santa Maria           ,34.818227,-120.418784,19,No     ,No               ,0,None   ,27,Yes            ,Yes           ,0.0,0,394.8,3721.85,45,High,1,5,6,Resolved
2274-XUATA,Male  ,1,Yes    ,No        ,72,No          ,No phone service,DSL            ,Yes                ,Yes                ,Yes                ,Two year      ,Yes             ,Bank transfer (automatic),63.1,California,Earp                  ,34.137742,-114.36514,78,Yes    ,Yes              ,8,Offer A,26,Yes            ,Yes           ,0.0,0,0.0,4685.55,56,Medium,0,6,6,Resolved
5939-XAIXZ,Female,0,No     ,No        ,19,Yes         ,Yes             ,DSL            ,No                 ,No                 ,No                 ,Month-to-month,Yes             ,Mailed check             ,56.1,California,Birds Landing         ,38.140719,-121.838298,54,No     ,No               ,0,Offer D,27,No             ,Yes           ,0.0,0,700.72,1734.62,27,Medium,1,3,4,Resolved
5151-HQRDG,Male  ,0,Yes    ,No        ,37,Yes         ,Yes             ,DSL            ,No                 ,No                 ,No                 ,Month-to-month,Yes             ,Mailed check             ,55.05,California,Placerville           ,38.733714,-120.795213,57,Yes    ,Yes              ,6,None   ,10,No             ,Yes           ,0.0,0,1014.17,3044.92,26,High,1,3,4,NotResolved
8123-QBNAZ,Female,0,Yes    ,Yes       ,36,Yes         ,Yes             ,Fiber optic    ,No                 ,Yes                ,Yes                ,Month-to-month,Yes             ,Credit card (automatic)  ,104.5,California,Scott Bar             ,41.737962,-123.07557,39,Yes    ,Yes              ,4,None   ,26,Yes            ,Yes           ,0.0,0,1573.2,5258.15,49,Medium,1,5,6,Resolved
8784-CGILN,Female,0,No     ,No        ,18,Yes         ,Yes             ,Fiber optic    ,Yes                ,Yes                ,Yes                ,Month-to-month,Yes             ,Bank transfer (automatic),99.85,California,Tarzana               ,34.157137,-118.548511,34,No     ,No               ,0,None   ,3,Yes            ,Yes           ,0.0,0,656.82,2433.77,91,Low,10,1,11,Resolved
3740-RLMVT,Male  ,1,Yes    ,No        ,67,Yes         ,No              ,DSL            ,Yes                ,No                 ,No                 ,One year      ,Yes             ,Bank transfer (automatic),60.95,California,Saint Helena          ,38.581354,-122.296283,79,Yes    ,Yes              ,7,Offer A,12,No             ,Yes           ,17.19,0,2818.69,6920.9,41,Medium,0,5,5,Resolved
1850-AKQEP,Male  ,0,No     ,Yes       ,8,Yes         ,No              ,No             ,No internet service,No internet service,No internet service,Month-to-month,No              ,Mailed check             ,20.35,California,Santa Cruz            ,37.007882,-122.065975,61,No     ,No               ,0,None   ,0,No             ,No            ,0.0,0,114.96,293.66,42,Medium,0,5,5,Resolved
