customer_id,gender,senior_citizen,partner,dependents,tenure_months,phone_service,multiple_lines,internet_service,tech_support,streaming_tv,streaming_movies,contract_type,paperless_billing,payment_method,monthly_charges,state,city,latitude,longitude,age,married,referred_a_friend,number_of_referrals,offer,avg_monthly_gb_download,streaming_music,unlimited_data,total_refunds,total_extra_data_charges,total_long_distance_charges,total_revenue,satisfaction_level,open_issue_count,close_issue_count,support_interaction_count,resolution_status_open_closed
4795-UXVCJ,Male  ,0,No     ,No        ,26,Yes         ,No              ,No             ,No internet service,No internet service,No internet service,One year      ,No              ,Credit card (automatic)  ,19.8,California,Gonzales              ,36.52588,-121.396719,63,No     ,No               ,0,Offer C,0,No             ,No            ,0.0,0,1188.2,1645.5,Medium,7,1,8,Resolved
1915-IOFGU,Female,0,No     ,No        ,1,Yes         ,No              ,Fiber optic    ,No                 ,No                 ,No                 ,Month-to-month,No              ,Electronic check         ,70.5,California,Keene                 ,35.214982,-118.59049,53,No     ,No               ,0,None   ,3,No             ,Yes           ,0.0,0,41.39,111.89,Low,9,0,9,Resolved
5519-NPHVG,Female,0,No     ,No        ,12,Yes         ,Yes             ,Fiber optic    ,No                 ,Yes                ,Yes                ,Month-to-month,Yes             ,Electronic check         ,94.2,California,Klamath River         ,41.816595,-122.948287,53,No     ,No               ,0,None   ,24,Yes            ,No            ,7.39,120,153.0,1311.7099999999998,Medium,7,1,8,Resolved
9513-DXHDA,Male  ,0,No     ,No        ,27,Yes         ,No              ,DSL            ,Yes                ,Yes                ,Yes                ,One year      ,No              ,Electronic check         ,81.7,California,Auburn                ,38.912881,-121.082766,58,No     ,No               ,0,None   ,4,Yes            ,Yes           ,0.0,0,1329.75,3542.3,High,0,4,4,Resolved
9774-NRNAU,Male  ,1,Yes    ,No        ,27,Yes         ,Yes             ,DSL            ,Yes                ,Yes                ,Yes                ,Month-to-month,Yes             ,Bank transfer (automatic),84.8,California,Cabazon               ,33.929812,-116.76058,77,Yes    ,Yes              ,5,None   ,21,No             ,Yes           ,0.0,0,906.39,3215.94,Medium,7,1,8,Resolved
3769-MHZNV,Female,0,Yes    ,Yes       ,33,Yes         ,No              ,No             ,No internet service,No internet service,No internet service,Two year      ,No              ,Mailed check             ,20.1,California,Salyer                ,40.89866,-123.539754,61,Yes    ,Yes              ,2,None   ,0,No             ,No            ,0.0,0,800.91,1471.26,Medium,1,3,4,Resolved
0236-HFWSV,Male  ,0,No     ,No        ,15,Yes         ,Yes             ,Fiber optic    ,No                 ,Yes                ,Yes                ,Month-to-month,Yes             ,Electronic check         ,93.35,California,Palmdale              ,34.557711,-118.029441,49,No     ,No               ,0,None   ,15,Yes            ,Yes           ,0.0,0,733.95,2178.6000000000004,Low,7,1,8,Resolved
1452-VOQCH,Male  ,0,No     ,No        ,1,Yes         ,Yes             ,Fiber optic    ,No                 ,No                 ,No                 ,Month-to-month,Yes             ,Electronic check         ,75.1,California,Hinkley               ,34.983808,-117.239306,61,No     ,No               ,0,None   ,28,No             ,Yes           ,0.0,0,4.53,79.63,Medium,0,3,3,Resolved
4918-FYJNT,Female,1,Yes    ,No        ,55,Yes         ,Yes             ,Fiber optic    ,Yes                ,No                 ,No                 ,Month-to-month,No              ,Electronic check         ,90.45,California,Los Angeles           ,34.044271,-118.185237,68,Yes    ,Yes              ,4,None   ,21,No             ,Yes           ,12.48,0,1250.6999999999998,6283.02,High,0,5,5,Resolved
0506-LVNGN,Female,1,No     ,No        ,5,Yes         ,No              ,Fiber optic    ,No                 ,No                 ,No                 ,Month-to-month,Yes             ,Credit card (automatic)  ,75.55,California,Rancho Cordova        ,38.591134,-121.161585,78,No     ,No               ,0,None   ,9,No             ,Yes           ,0.0,0,211.65,561.3,Low,9,0,9,Resolved
9507-EXLTT,Female,0,Yes    ,No        ,1,Yes         ,No              ,Fiber optic    ,No                 ,Yes                ,No                 ,Month-to-month,Yes             ,Bank transfer (automatic),79.35,California,Seaside               ,36.625114,-121.823565,30,Yes    ,Yes              ,2,Offer E,52,No             ,Yes           ,0.0,0,23.63,102.98,Low,7,1,8,Resolved
4424-TKOPW,Male  ,1,No     ,No        ,2,Yes         ,Yes             ,Fiber optic    ,No                 ,Yes                ,Yes                ,Month-to-month,Yes             ,Electronic check         ,93.85,California,Crestline             ,34.248061,-117.29028,70,No     ,No               ,0,None   ,14,No             ,Yes           ,0.0,0,50.38,247.13,Low,7,1,8,Resolved
5552-ZNFSJ,Male  ,0,No     ,No        ,1,Yes         ,No              ,DSL            ,No                 ,No                 ,No                 ,Month-to-month,No              ,Electronic check         ,45.3,California,Santa Rosa            ,38.394091,-122.739814,49,No     ,No               ,0,None   ,28,No             ,Yes           ,0.0,0,34.37,79.66999999999999,Medium,6,1,7,NotResolved
7206-PQBBZ,Male  ,1,Yes    ,No        ,11,Yes         ,No              ,Fiber optic    ,No                 ,No                 ,No                 ,Month-to-month,Yes             ,Electronic check         ,70.2,California,Fontana               ,34.136367,-117.460803,76,Yes    ,Yes              ,7,Offer D,29,No             ,Yes           ,0.0,0,268.62,1103.3200000000002,Medium,0,3,3,Resolved
7625-XCQRH,Female,0,No     ,No        ,11,Yes         ,Yes             ,Fiber optic    ,No                 ,No                 ,No                 ,Month-to-month,Yes             ,Electronic check         ,76.5,California,Strathmore            ,36.141319,-119.129075,48,No     ,No               ,0,None   ,4,No             ,Yes           ,0.0,0,171.6,1009.55,Medium,7,0,7,NotResolved
1897-OKVMW,Female,0,Yes    ,Yes       ,64,Yes         ,Yes             ,DSL            ,Yes                ,Yes                ,Yes                ,Two year      ,Yes             ,Mailed check             ,90.6,California,Lathrop               ,37.80821,-121.308401,44,Yes    ,Yes              ,3,None   ,19,Yes            ,Yes           ,0.0,0,2368.0,8185.45,High,1,5,6,Resolved
3566-CAAYU,Female,0,Yes    ,Yes       ,64,No          ,No phone service,DSL            ,Yes                ,No                 ,Yes                ,Two year      ,No              ,Electronic check         ,49.85,California,Cayucos               ,35.511833,-120.918713,28,Yes    ,Yes              ,3,Offer B,59,Yes            ,Yes           ,0.0,0,0.0,3210.35,High,1,6,7,NotResolved
2830-LEWOA,Male  ,0,Yes    ,Yes       ,61,Yes         ,No              ,Fiber optic    ,Yes                ,Yes                ,Yes                ,One year      ,No              ,Credit card (automatic)  ,103.9,California,Jamestown             ,37.84771,-120.486589,37,Yes    ,Yes              ,3,Offer B,19,Yes            ,Yes           ,0.0,0,2627.88,9077.03,High,0,3,3,Resolved
3224-DFQNQ,Female,0,Yes    ,No        ,66,Yes         ,Yes             ,Fiber optic    ,Yes                ,No                 ,No                 ,One year      ,No              ,Electronic check         ,89.0,California,Carmel Valley         ,36.414611,-121.6386,59,Yes    ,Yes              ,10,None   ,8,No             ,Yes           ,0.0,0,2467.0800000000004,8365.68,Medium,0,6,6,Resolved
4432-ADRLB,Male  ,0,No     ,No        ,2,Yes         ,No              ,DSL            ,No                 ,No                 ,No                 ,Month-to-month,No              ,Mailed check             ,44.65,California,Montague              ,41.759864,-122.379175,46,No     ,No               ,0,None   ,11,No             ,No            ,0.0,10,49.8,134.7,Low,9,1,10,NotResolved
0927-LCSMG,Male  ,0,No     ,No        ,7,Yes         ,No              ,Fiber optic    ,No                 ,No                 ,No                 ,Month-to-month,No              ,Mailed check             ,74.65,California,San Jose              ,37.305622,-122.000887,23,No     ,No               ,0,Offer E,71,Yes            ,No            ,0.0,10,151.06,705.6099999999999,Medium,7,0,7,Resolved
4325-NFSKC,Male  ,1,No     ,No        ,19,Yes         ,Yes             ,Fiber optic    ,No                 ,Yes                ,No                 ,Month-to-month,Yes             ,Electronic check         ,90.6,California,Pacific Palisades     ,34.079449,-118.548306,68,No     ,No               ,0,Offer D,25,No             ,Yes           ,0.0,0,534.28,2194.28,Low,8,0,8,NotResolved
2027-CWDNU,Male  ,0,Yes    ,Yes       ,18,Yes         ,No              ,Fiber optic    ,Yes                ,No                 ,Yes                ,Month-to-month,Yes             ,Electronic check         ,85.6,California,Venice                ,33.991782,-118.479229,45,Yes    ,Yes              ,1,None   ,28,Yes            ,Yes           ,0.0,0,504.72,2106.22,High,6,0,6,Resolved
4289-DTDKW,Male  ,0,Yes    ,No        ,40,Yes         ,Yes             ,Fiber optic    ,No                 ,Yes                ,Yes                ,Month-to-month,Yes             ,Electronic check         ,101.3,California,Madera                ,36.902954,-120.194274,54,Yes    ,Yes              ,1,Offer B,4,Yes            ,Yes           ,0.0,0,902.4,5015.5,Low,7,1,8,Resolved
7432-FFVAR,Female,0,Yes    ,Yes       ,46,Yes         ,No              ,Fiber optic    ,Yes                ,No                 ,Yes                ,One year      ,No              ,Bank transfer (automatic),90.95,California,Victorville           ,34.486835,-117.362274,23,Yes    ,Yes              ,2,Offer B,48,Yes            ,No            ,0.0,50,287.96,4574.56,High,0,4,4,Resolved
8752-GHJFU,Male  ,1,Yes    ,No        ,71,Yes         ,Yes             ,Fiber optic    ,Yes                ,No                 ,No                 ,One year      ,Yes             ,Electronic check         ,92.0,California,Applegate             ,38.983388,-120.988814,70,Yes    ,Yes              ,7,None   ,10,No             ,Yes           ,0.0,0,2598.6,9183.8,Medium,6,0,6,Resolved
1779-PWPMG,Female,1,Yes    ,No        ,72,Yes         ,Yes             ,Fiber optic    ,Yes                ,Yes                ,Yes                ,Two year      ,Yes             ,Bank transfer (automatic),114.65,California,San Jose              ,37.218705,-121.762429,73,Yes    ,Yes              ,1,Offer A,27,No             ,Yes           ,0.0,0,330.48,8664.43,Medium,1,3,4,Resolved
2683-BPJSO,Male  ,0,Yes    ,No        ,29,Yes         ,Yes             ,Fiber optic    ,No                 ,No                 ,No                 ,Month-to-month,Yes             ,Electronic check         ,84.45,California,Byron                 ,37.83323,-121.601461,37,Yes    ,No               ,0,None   ,12,No             ,Yes           ,0.0,0,822.73,3289.83,Low,9,0,9,Resolved
7951-QKZPL,Female,0,Yes    ,Yes       ,33,Yes         ,Yes             ,No             ,No internet service,No internet service,No internet service,Two year      ,Yes             ,Mailed check             ,24.5,California,Saint Helena          ,38.581354,-122.296283,21,Yes    ,Yes              ,1,None   ,0,No             ,No            ,35.05,0,1165.23,1870.48,Medium,7,1,8,NotResolved
8580-QVLOC,Female,1,Yes    ,Yes       ,72,Yes         ,Yes             ,DSL            ,Yes                ,Yes                ,Yes                ,Two year      ,No              ,Credit card (automatic)  ,92.45,California,Merced                ,37.40122,-120.514191,78,Yes    ,No               ,0,None   ,6,No             ,Yes           ,0.0,0,1855.44,8295.69,Low,7,1,8,Resolved
0917-EZOLA,Male  ,1,Yes    ,No        ,72,Yes         ,Yes             ,Fiber optic    ,No                 ,Yes                ,Yes                ,Two year      ,Yes             ,Bank transfer (automatic),104.15,California,Lakewood              ,33.847755,-118.112532,66,Yes    ,No               ,0,None   ,2,No             ,Yes           ,0.0,0,434.16,8124.11,Medium,7,1,8,Resolved
1689-MRZQR,Male  ,0,Yes    ,Yes       ,34,Yes         ,No              ,Fiber optic    ,No                 ,Yes                ,No                 ,Month-to-month,No              ,Electronic check         ,78.3,California,Turlock               ,37.529656,-120.854357,36,Yes    ,Yes              ,1,None   ,12,No             ,Yes           ,0.0,0,457.3,3021.6000000000004,Medium,7,1,8,Resolved
3050-GBUSH,Female,0,No     ,No        ,3,No          ,No phone service,DSL            ,No                 ,Yes                ,No                 ,Month-to-month,Yes             ,Credit card (automatic)  ,34.8,California,Burlingame            ,37.57028,-122.365778,25,No     ,No               ,0,None   ,46,No             ,Yes           ,0.0,0,0.0,113.95,High,6,0,6,Resolved
5895-QSXOD,Male  ,0,No     ,No        ,9,Yes         ,No              ,Fiber optic    ,No                 ,No                 ,No                 ,Month-to-month,No              ,Mailed check             ,70.05,California,Alleghany             ,39.467828,-120.841386,42,No     ,No               ,0,None   ,24,No             ,Yes           ,0.0,0,434.25,1091.75,Medium,6,1,7,Resolved
8621-MNIHH,Female,1,Yes    ,No        ,34,Yes         ,Yes             ,Fiber optic    ,No                 ,No                 ,Yes                ,Month-to-month,Yes             ,Electronic check         ,94.25,California,Madison               ,38.674276,-121.961866,75,Yes    ,Yes              ,1,None   ,4,No             ,Yes           ,0.0,0,97.92,3315.4700000000003,Low,8,0,8,NotResolved
6741-QRLUP,Female,0,No     ,No        ,63,Yes         ,Yes             ,DSL            ,Yes                ,No                 ,Yes                ,Two year      ,Yes             ,Credit card (automatic)  ,80.3,California,Olema                 ,38.052209,-122.775567,50,No     ,No               ,0,None   ,26,Yes            ,Yes           ,0.0,0,1974.42,6969.77,Medium,7,1,8,Resolved
6303-KFWSL,Female,0,No     ,No        ,29,Yes         ,Yes             ,DSL            ,No                 ,No                 ,No                 ,One year      ,Yes             ,Electronic check         ,55.25,California,Los Angeles           ,34.052917,-118.255178,28,No     ,No               ,0,None   ,69,No             ,Yes           ,0.0,0,1141.15,2761.3500000000004,High,0,6,6,Resolved
5656-MJEFC,Male  ,0,Yes    ,Yes       ,42,No          ,No phone service,DSL            ,Yes                ,Yes                ,No                 ,Two year      ,No              ,Credit card (automatic)  ,48.15,California,Victorville           ,34.486835,-117.362274,48,Yes    ,Yes              ,10,Offer B,8,No             ,Yes           ,0.0,0,0.0,2032.3,High,0,3,3,Resolved
9889-TMAHG,Male  ,1,No     ,No        ,8,Yes         ,No              ,Fiber optic    ,Yes                ,Yes                ,Yes                ,Month-to-month,No              ,Credit card (automatic)  ,100.3,California,Fremont               ,37.516791,-121.899117,66,No     ,No               ,0,None   ,27,Yes            ,Yes           ,0.0,0,92.56,924.91,Low,7,1,8,Resolved
1767-TGTKO,Female,0,Yes    ,Yes       ,8,Yes         ,No              ,DSL            ,No                 ,No                 ,No                 ,Month-to-month,Yes             ,Electronic check         ,45.45,California,Dana Point            ,33.477923,-117.705314,30,Yes    ,No               ,0,Offer E,51,No             ,Yes           ,0.0,0,40.72,452.47,High,1,5,6,Resolved
5882-CMAZQ,Female,0,Yes    ,Yes       ,5,No          ,No phone service,DSL            ,Yes                ,No                 ,No                 ,Month-to-month,No              ,Electronic check         ,34.25,California,National City         ,32.67102,-117.095235,52,Yes    ,Yes              ,9,None   ,19,No             ,Yes           ,0.0,0,0.0,163.55,High,0,3,3,Resolved
5299-RULOA,Female,0,Yes    ,Yes       ,10,Yes         ,Yes             ,Fiber optic    ,No                 ,Yes                ,Yes                ,Month-to-month,Yes             ,Electronic check         ,100.25,California,Whittier              ,33.976678,-118.065875,62,Yes    ,Yes              ,1,None   ,30,Yes            ,Yes           ,0.0,0,244.8,1309.45,Low,8,1,9,Resolved
7938-OUHIO,Male  ,0,No     ,No        ,3,Yes         ,No              ,Fiber optic    ,Yes                ,Yes                ,Yes                ,Month-to-month,Yes             ,Electronic check         ,98.7,California,Mill Valley           ,37.901371,-122.572024,28,No     ,No               ,0,Offer E,73,Yes            ,Yes           ,0.0,0,98.28,391.93,Medium,7,1,8,Resolved
6017-PPLPX,Male  ,0,Yes    ,Yes       ,20,Yes         ,No              ,Fiber optic    ,No                 ,No                 ,No                 ,Month-to-month,Yes             ,Electronic check         ,70.45,California,Daly City             ,37.691561,-122.445202,47,Yes    ,Yes              ,1,None   ,8,No             ,Yes           ,0.0,0,329.79999999999995,1800.75,Low,8,1,9,NotResolved
4505-EXZHB,Female,1,No     ,No        ,6,Yes         ,No              ,Fiber optic    ,No                 ,No                 ,No                 ,Month-to-month,No              ,Electronic check         ,74.4,California,Ducor                 ,35.846067,-119.004073,75,No     ,No               ,0,Offer E,27,No             ,No            ,0.0,20,53.46,507.56,Low,10,1,11,NotResolved
7459-RRWQZ,Female,0,No     ,No        ,15,Yes         ,Yes             ,DSL            ,No                 ,No                 ,Yes                ,Month-to-month,Yes             ,Bank transfer (automatic),64.65,California,Shasta                ,40.617614,-122.512861,51,No     ,No               ,0,Offer D,26,Yes            ,Yes           ,0.0,0,713.55,1708.1,Low,8,1,9,Resolved
2229-DPMBI,Female,0,Yes    ,Yes       ,8,Yes         ,No              ,No             ,No internet service,No internet service,No internet service,Two year      ,No              ,Mailed check             ,19.5,California,Blairsden Graeagle    ,39.783747,-120.661032,19,Yes    ,Yes              ,10,None   ,0,No             ,No            ,0.0,0,105.68,267.83000000000004,High,0,6,6,Resolved
2718-GAXQD,Female,1,Yes    ,Yes       ,4,Yes         ,No              ,DSL            ,No                 ,No                 ,No                 ,Month-to-month,No              ,Electronic check         ,46.0,California,Lake City             ,41.729079,-120.225025,68,Yes    ,Yes              ,1,Offer E,52,No             ,Yes           ,0.0,0,168.52,350.12,Low,9,1,10,Resolved
6476-EPYZR,Male  ,0,Yes    ,Yes       ,12,Yes         ,No              ,No             ,No internet service,No internet service,No internet service,Month-to-month,No              ,Mailed check             ,20.5,California,Wishon                ,37.287758,-119.548156,57,Yes    ,Yes              ,6,None   ,0,No             ,No            ,0.0,0,552.72,808.22,Medium,6,0,6,Resolved
5989-PGKJB,Female,0,No     ,No        ,16,Yes         ,No              ,Fiber optic    ,No                 ,No                 ,Yes                ,Month-to-month,Yes             ,Electronic check         ,86.25,California,San Diego             ,32.898613,-117.202937,40,No     ,No               ,0,Offer D,28,Yes            ,Yes           ,0.0,0,356.8,1696.9,High,6,0,6,Resolved
5564-NEMQO,Female,1,No     ,No        ,1,Yes         ,No              ,Fiber optic    ,No                 ,No                 ,No                 ,Month-to-month,Yes             ,Bank transfer (automatic),75.3,California,Thermal               ,33.53604,-116.119222,80,No     ,No               ,0,Offer E,17,No             ,No            ,0.0,20,35.09,130.39,Low,6,1,7,Resolved
6726-WEXXK,Male  ,1,Yes    ,No        ,27,Yes         ,Yes             ,Fiber optic    ,No                 ,No                 ,No                 ,One year      ,Yes             ,Electronic check         ,85.9,California,Fields Landing        ,40.726949,-124.217378,72,Yes    ,Yes              ,7,None   ,14,No             ,Yes           ,0.0,0,1109.97,3330.07,Medium,6,0,6,Resolved
8910-ICHIU,Female,0,No     ,No        ,46,Yes         ,No              ,Fiber optic    ,No                 ,Yes                ,No                 ,One year      ,Yes             ,Credit card (automatic)  ,95.65,California,Essex                 ,34.9436,-115.287901,27,No     ,No               ,0,Offer B,59,No             ,Yes           ,0.0,0,1407.6,6071.8,Medium,0,6,6,Resolved
2424-WVHPL,Male  ,1,No     ,No        ,1,Yes         ,No              ,Fiber optic    ,Yes                ,No                 ,No                 ,Month-to-month,No              ,Electronic check         ,74.7,California,Redondo Beach         ,33.873395,-118.37019,79,No     ,No               ,0,None   ,2,No             ,Yes           ,0.0,0,27.65,102.35,High,6,0,6,NotResolved
4713-LZDRV,Female,1,No     ,No        ,2,Yes         ,No              ,Fiber optic    ,No                 ,No                 ,Yes                ,Month-to-month,Yes             ,Electronic check         ,79.6,California,Malibu                ,34.037037,-118.705803,80,No     ,No               ,0,Offer E,30,No             ,Yes           ,0.0,0,63.82,258.87,Medium,9,0,9,Resolved
9526-BIHHD,Male  ,0,No     ,No        ,1,No          ,No phone service,DSL            ,No                 ,No                 ,No                 ,Month-to-month,No              ,Mailed check             ,29.7,California,San Jose              ,37.375156,-121.795867,30,No     ,No               ,0,Offer E,69,No             ,Yes           ,0.0,0,0.0,29.7,Low,7,0,7,Resolved
8040-MNRTF,Female,0,No     ,No        ,1,Yes         ,No              ,Fiber optic    ,No                 ,No                 ,No                 ,Month-to-month,No              ,Mailed check             ,71.1,California,Taft                  ,35.184837,-119.402525,47,No     ,No               ,0,None   ,10,No             ,Yes           ,0.0,0,37.51,108.61,High,6,1,7,Resolved
5320-BRKGK,Female,0,Yes    ,Yes       ,58,Yes         ,Yes             ,DSL            ,Yes                ,Yes                ,No                 ,Two year      ,No              ,Mailed check             ,75.8,California,Twentynine Palms      ,34.17211,-115.769773,28,Yes    ,Yes              ,1,Offer B,69,No             ,Yes           ,0.0,0,166.46,4582.21,Medium,6,1,7,Resolved
4280-DLSHD,Male  ,0,Yes    ,No        ,8,Yes         ,No              ,DSL            ,No                 ,No                 ,No                 ,Month-to-month,Yes             ,Mailed check             ,54.75,California,San Bernardino        ,34.122501,-117.320138,36,Yes    ,Yes              ,10,Offer E,8,No             ,Yes           ,0.0,0,152.0,597.85,Medium,1,5,6,Resolved
0572-ZJKLT,Female,0,Yes    ,Yes       ,46,Yes         ,Yes             ,Fiber optic    ,Yes                ,No                 ,Yes                ,Two year      ,No              ,Mailed check             ,99.65,California,Chester               ,40.243494,-121.154733,32,Yes    ,Yes              ,10,Offer B,18,Yes            ,Yes           ,9.35,0,2265.96,6886.81,Medium,1,6,7,Resolved
9134-CEQMF,Male  ,1,Yes    ,No        ,7,Yes         ,No              ,Fiber optic    ,No                 ,Yes                ,Yes                ,Month-to-month,Yes             ,Electronic check         ,89.5,California,Nice                  ,39.12334,-122.838198,75,Yes    ,Yes              ,1,Offer E,27,No             ,Yes           ,0.0,0,95.41,772.11,Low,8,0,8,Resolved
8035-PWSEV,Female,0,No     ,No        ,6,Yes         ,No              ,Fiber optic    ,Yes                ,No                 ,Yes                ,Month-to-month,Yes             ,Electronic check         ,89.25,California,Hayward               ,37.656695,-122.048361,60,No     ,No               ,0,Offer E,10,Yes            ,Yes           ,0.0,0,215.28000000000003,702.33,Medium,7,0,7,Resolved
2003-CKLOR,Male  ,0,No     ,No        ,66,Yes         ,No              ,Fiber optic    ,No                 ,Yes                ,Yes                ,Month-to-month,No              ,Electronic check         ,99.5,California,Igo                   ,40.524535,-122.647172,62,No     ,No               ,0,Offer A,26,Yes            ,Yes           ,0.0,0,1704.12,8414.62,Low,7,1,8,Resolved
5318-IXUZF,Female,0,No     ,No        ,2,Yes         ,No              ,Fiber optic    ,No                 ,Yes                ,No                 ,Month-to-month,Yes             ,Bank transfer (automatic),87.15,California,Redondo Beach         ,33.830453,-118.384565,50,No     ,No               ,0,None   ,6,No             ,Yes           ,0.0,0,12.4,196.15,Low,7,0,7,NotResolved
6712-OAWRH,Female,1,No     ,No        ,26,Yes         ,No              ,Fiber optic    ,No                 ,Yes                ,Yes                ,Month-to-month,Yes             ,Electronic check         ,91.25,California,San Bernardino        ,34.084909,-117.258107,79,No     ,No               ,0,Offer C,27,No             ,Yes           ,0.0,0,901.94,3253.74,Medium,7,0,7,Resolved
9090-SGQXL,Male  ,1,Yes    ,No        ,68,Yes         ,Yes             ,Fiber optic    ,No                 ,Yes                ,Yes                ,Month-to-month,Yes             ,Electronic check         ,105.3,California,Ben Lomond            ,37.078873,-122.090386,70,Yes    ,Yes              ,1,None   ,29,No             ,Yes           ,0.0,0,3207.56,10507.21,Medium,7,0,7,Resolved
4312-GVYNH,Female,0,Yes    ,No        ,70,No          ,No phone service,DSL            ,Yes                ,No                 ,Yes                ,Two year      ,Yes             ,Bank transfer (automatic),49.85,California,Westminster           ,33.752591,-117.993661,46,Yes    ,Yes              ,8,None   ,26,Yes            ,Yes           ,0.0,0,0.0,3370.2,Medium,0,3,3,Resolved
7854-EKTJL,Female,0,No     ,Yes       ,2,Yes         ,No              ,No             ,No internet service,No internet service,No internet service,Month-to-month,Yes             ,Electronic check         ,19.6,California,Salinas               ,36.64152,-121.622188,31,No     ,No               ,0,None   ,0,No             ,No            ,0.0,0,59.62,95.47,Medium,6,1,7,Resolved
0114-IGABW,Female,0,Yes    ,No        ,71,No          ,No phone service,DSL            ,Yes                ,Yes                ,Yes                ,Two year      ,No              ,Bank transfer (automatic),58.25,California,Cambria               ,35.591387,-121.032256,40,Yes    ,Yes              ,2,Offer A,29,Yes            ,Yes           ,0.0,0,0.0,4145.9,High,7,1,8,Resolved
4282-YMKNA,Female,0,No     ,No        ,9,Yes         ,Yes             ,Fiber optic    ,No                 ,No                 ,No                 ,Month-to-month,Yes             ,Electronic check         ,74.75,California,Biola                 ,36.798882,-120.019511,55,No     ,No               ,0,Offer E,12,No             ,Yes           ,0.0,0,148.32,854.9200000000001,Low,8,1,9,Resolved
5995-WWKKG,Female,0,No     ,No        ,37,Yes         ,No              ,No             ,No internet service,No internet service,No internet service,One year      ,Yes             ,Electronic check         ,19.8,California,Running Springs       ,34.186211,-117.07683,62,No     ,No               ,0,Offer C,0,No             ,No            ,0.0,0,1116.29,1811.34,High,1,4,5,NotResolved
7242-EDTYC,Male  ,0,No     ,Yes       ,44,Yes         ,No              ,No             ,No internet service,No internet service,No internet service,Two year      ,No              ,Bank transfer (automatic),19.55,California,Pine Valley           ,32.800671,-116.483363,48,No     ,No               ,0,Offer B,0,No             ,No            ,0.0,0,632.28,1452.23,Medium,1,5,6,Resolved
7398-SKNQZ,Female,0,Yes    ,No        ,3,Yes         ,Yes             ,Fiber optic    ,No                 ,Yes                ,Yes                ,Month-to-month,No              ,Electronic check         ,94.9,California,Downey                ,33.940884,-118.128628,51,Yes    ,Yes              ,5,None   ,7,Yes            ,Yes           ,0.0,0,8.91,282.11,High,0,6,6,NotResolved
1047-NNCBF,Male  ,0,No     ,No        ,20,Yes         ,No              ,Fiber optic    ,No                 ,No                 ,No                 ,Month-to-month,No              ,Credit card (automatic)  ,70.55,California,San Jose              ,37.238758,-121.828375,56,No     ,No               ,0,None   ,26,No             ,No            ,17.6,0,76.0,1551.95,Medium,0,6,6,Resolved
4919-IKATY,Male  ,0,Yes    ,Yes       ,5,Yes         ,Yes             ,Fiber optic    ,No                 ,No                 ,No                 ,Month-to-month,Yes             ,Electronic check         ,84.5,California,Joshua Tree           ,34.167236,-116.281511,64,Yes    ,Yes              ,3,Offer E,8,No             ,Yes           ,0.0,0,184.4,638.15,Low,9,0,9,Resolved
6035-BXTTY,Female,1,No     ,No        ,32,Yes         ,No              ,DSL            ,Yes                ,No                 ,No                 ,Month-to-month,No              ,Bank transfer (automatic),54.65,California,Rancho Santa Fe       ,33.012751,-117.200617,69,No     ,No               ,0,None   ,14,No             ,No            ,0.0,10,637.44,2477.54,High,1,6,7,Resolved
7762-URZQH,Male  ,0,Yes    ,No        ,66,Yes         ,Yes             ,Fiber optic    ,No                 ,Yes                ,Yes                ,Two year      ,Yes             ,Credit card (automatic)  ,106.05,California,Venice                ,33.991782,-118.479229,30,Yes    ,No               ,0,None   ,52,Yes            ,Yes           ,0.0,0,1551.66,8533.01,Low,8,0,8,Resolved
2379-ENZGV,Male  ,0,No     ,No        ,6,Yes         ,No              ,Fiber optic    ,No                 ,Yes                ,No                 ,Month-to-month,Yes             ,Electronic check         ,84.85,California,Bloomington           ,34.059722,-117.39104,61,No     ,No               ,0,Offer E,12,No             ,Yes           ,0.0,0,235.92,759.4200000000001,Low,7,0,7,Resolved
8443-ZRDBZ,Male  ,0,No     ,No        ,4,Yes         ,Yes             ,Fiber optic    ,No                 ,No                 ,No                 ,Month-to-month,Yes             ,Electronic check         ,76.05,California,Fontana               ,34.136367,-117.460803,62,No     ,No               ,0,None   ,29,No             ,Yes           ,0.0,0,169.76,488.66,Low,7,0,7,Resolved
2192-CKRLV,Female,0,Yes    ,No        ,72,No          ,No phone service,DSL            ,No                 ,No                 ,Yes                ,Two year      ,Yes             ,Electronic check         ,49.2,California,Wilton                ,38.392559,-121.225093,57,Yes    ,Yes              ,2,Offer A,15,Yes            ,Yes           ,0.0,0,0.0,3580.95,Medium,1,4,5,Resolved
6100-QQHEB,Male  ,0,Yes    ,Yes       ,17,Yes         ,Yes             ,Fiber optic    ,No                 ,Yes                ,Yes                ,Month-to-month,Yes             ,Electronic check         ,92.55,California,San Jose              ,37.304681,-121.809955,42,Yes    ,Yes              ,1,Offer D,13,Yes            ,Yes           ,0.0,0,301.07,1816.17,Medium,9,1,10,Resolved
6869-FGJJC,Male  ,0,No     ,No        ,68,Yes         ,No              ,Fiber optic    ,No                 ,No                 ,No                 ,One year      ,No              ,Credit card (automatic)  ,79.6,California,Gazelle               ,41.411315,-122.697236,50,No     ,No               ,0,None   ,21,No             ,No            ,3.26,10,1260.04,6728.23,High,1,3,4,Resolved
3085-QUOZK,Female,0,No     ,No        ,1,Yes         ,No              ,DSL            ,No                 ,No                 ,No                 ,Month-to-month,No              ,Mailed check             ,43.95,California,Alpine                ,32.827184,-116.703729,55,No     ,No               ,0,Offer E,9,No             ,Yes           ,0.0,0,34.48,78.43,Medium,7,0,7,Resolved
5804-LEPIM,Female,1,No     ,No        ,2,Yes         ,No              ,Fiber optic    ,No                 ,No                 ,No                 ,Month-to-month,Yes             ,Electronic check         ,70.35,California,Escondido             ,33.079834,-117.134275,74,No     ,No               ,0,Offer E,10,No             ,Yes           ,0.0,0,26.34,165.39,Medium,7,0,7,Resolved
3393-FMZPV,Female,0,No     ,No        ,25,Yes         ,Yes             ,Fiber optic    ,No                 ,Yes                ,Yes                ,Month-to-month,Yes             ,Electronic check         ,100.25,California,Elverta               ,38.734997,-121.463719,59,No     ,No               ,0,None   ,3,Yes            ,Yes           ,0.0,0,906.0,3293.75,Low,7,0,7,Resolved
0374-IOEGQ,Female,0,No     ,No        ,3,Yes         ,No              ,DSL            ,No                 ,No                 ,No                 ,Month-to-month,No              ,Electronic check         ,44.6,California,Gonzales              ,36.52588,-121.396719,62,No     ,No               ,0,None   ,27,No             ,Yes           ,0.0,0,46.77,169.47,High,7,1,8,Resolved
7694-VLBWQ,Male  ,0,Yes    ,No        ,67,Yes         ,Yes             ,Fiber optic    ,No                 ,Yes                ,Yes                ,One year      ,No              ,Electronic check         ,104.1,California,Coronado              ,32.68674,-117.186612,61,Yes    ,Yes              ,4,Offer A,3,Yes            ,Yes           ,0.0,0,548.06,7588.91,Low,7,0,7,Resolved
4322-RCYMT,Male  ,0,Yes    ,Yes       ,68,Yes         ,Yes             ,DSL            ,Yes                ,No                 ,Yes                ,One year      ,Yes             ,Bank transfer (automatic),75.8,California,Palomar Mountain      ,33.309852,-116.823091,63,Yes    ,Yes              ,1,Offer A,18,Yes            ,No            ,0.0,90,1984.24,7368.19,Medium,8,0,8,Resolved
2018-QKYGT,Male  ,0,Yes    ,Yes       ,1,Yes         ,No              ,Fiber optic    ,No                 ,No                 ,Yes                ,Month-to-month,Yes             ,Electronic check         ,81.05,California,San Gabriel           ,34.114772,-118.089431,19,Yes    ,Yes              ,1,None   ,85,Yes            ,Yes           ,0.0,0,36.32,117.37,High,0,3,3,Resolved
4342-HENTK,Female,1,No     ,No        ,2,Yes         ,No              ,Fiber optic    ,No                 ,No                 ,No                 ,Month-to-month,Yes             ,Electronic check         ,70.65,California,Garberville           ,40.057784,-123.679461,67,No     ,No               ,0,None   ,25,No             ,Yes           ,0.0,0,25.04,167.39,Low,7,1,8,Resolved
3439-GVUSX,Male  ,0,No     ,No        ,1,No          ,No phone service,DSL            ,No                 ,No                 ,No                 ,Month-to-month,No              ,Mailed check             ,24.4,California,Lookout               ,41.280478,-121.160249,45,No     ,No               ,0,None   ,29,No             ,Yes           ,0.0,0,0.0,24.4,Medium,8,0,8,Resolved
9715-SBVSU,Male  ,0,Yes    ,Yes       ,14,Yes         ,No              ,DSL            ,No                 ,No                 ,Yes                ,Two year      ,Yes             ,Bank transfer (automatic),61.4,California,Loma Linda            ,34.049315,-117.255974,20,Yes    ,Yes              ,3,None   ,59,Yes            ,No            ,0.0,20,150.36,985.91,High,1,3,4,Resolved
0031-PVLZI,Female,0,Yes    ,Yes       ,4,Yes         ,No              ,No             ,No internet service,No internet service,No internet service,Month-to-month,No              ,Mailed check             ,20.35,California,Korbel                ,40.7666,-123.80458,34,Yes    ,No               ,0,Offer E,0,No             ,No            ,0.0,0,49.72,126.07,Low,8,1,9,Resolved
0963-ZBDRN,Male  ,0,No     ,No        ,32,Yes         ,No              ,Fiber optic    ,Yes                ,Yes                ,Yes                ,Month-to-month,Yes             ,Electronic check         ,96.2,California,Claremont             ,34.127621,-117.717863,45,No     ,No               ,0,None   ,26,Yes            ,Yes           ,0.0,0,806.72,3990.12,Medium,9,1,10,Resolved
1154-HYWWO,Male  ,0,No     ,No        ,38,Yes         ,No              ,DSL            ,Yes                ,Yes                ,No                 ,One year      ,No              ,Mailed check             ,70.6,California,San Clemente          ,33.429488,-117.609432,55,No     ,No               ,0,Offer C,22,No             ,Yes           ,0.0,0,1605.12,4313.32,Medium,6,0,6,NotResolved
8336-TAVKX,Female,1,Yes    ,No        ,72,Yes         ,Yes             ,DSL            ,Yes                ,No                 ,Yes                ,Two year      ,No              ,Bank transfer (automatic),78.45,California,Berry Creek           ,39.657228,-121.37778,68,Yes    ,Yes              ,10,None   ,13,Yes            ,Yes           ,0.0,0,1139.04,6821.29,Medium,7,0,7,Resolved
2056-EVGZL,Male  ,0,Yes    ,Yes       ,68,Yes         ,No              ,Fiber optic    ,Yes                ,Yes                ,Yes                ,One year      ,No              ,Credit card (automatic)  ,105.75,California,West Covina           ,34.066964,-117.937007,56,Yes    ,Yes              ,9,None   ,17,Yes            ,Yes           ,0.0,0,603.84,7926.34,Medium,0,4,4,Resolved
3696-XRIEN,Female,0,No     ,No        ,50,Yes         ,Yes             ,DSL            ,Yes                ,Yes                ,Yes                ,One year      ,Yes             ,Credit card (automatic)  ,82.5,California,San Jose              ,37.257063,-121.923037,59,No     ,No               ,0,Offer B,2,Yes            ,Yes           ,21.35,0,1062.5,5220.25,High,7,1,8,Resolved
2933-FILNV,Female,0,Yes    ,Yes       ,2,No          ,No phone service,DSL            ,No                 ,No                 ,No                 ,Month-to-month,Yes             ,Mailed check             ,24.4,California,Carlsbad              ,33.098018,-117.258203,53,Yes    ,No               ,0,None   ,52,No             ,Yes           ,0.0,0,0.0,36.55,Medium,9,1,10,Resolved
1485-YDHMM,Male  ,0,Yes    ,Yes       ,52,Yes         ,Yes             ,Fiber optic    ,Yes                ,No                 ,Yes                ,Month-to-month,Yes             ,Bank transfer (automatic),93.25,California,San Ardo              ,35.996008,-120.85305,49,Yes    ,Yes              ,1,None   ,10,Yes            ,Yes           ,0.0,0,587.6,5219.3,Medium,1,6,7,Resolved
2676-OXPPQ,Male  ,0,No     ,No        ,6,Yes         ,No              ,DSL            ,No                 ,No                 ,No                 ,Month-to-month,Yes             ,Bank transfer (automatic),55.7,California,Irvine                ,33.643095,-117.810896,22,No     ,No               ,0,None   ,41,No             ,Yes           ,0.0,0,18.96,354.61,Medium,0,5,5,Resolved
9494-BDNNC,Male  ,0,Yes    ,No        ,66,Yes         ,Yes             ,Fiber optic    ,No                 ,No                 ,Yes                ,One year      ,No              ,Electronic check         ,95.3,California,Los Angeles           ,34.046174,-118.446333,36,Yes    ,Yes              ,1,None   ,24,Yes            ,Yes           ,0.0,0,1704.78,7978.179999999999,High,0,5,5,NotResolved
6352-GIGGQ,Male  ,0,No     ,No        ,67,Yes         ,Yes             ,DSL            ,Yes                ,Yes                ,Yes                ,One year      ,Yes             ,Bank transfer (automatic),88.8,California,Vidal                 ,34.264124,-114.717964,19,No     ,No               ,0,Offer A,59,Yes            ,Yes           ,0.0,0,2500.44,8403.59,Medium,6,0,6,Resolved
3938-YFPXD,Male  ,0,No     ,No        ,72,Yes         ,Yes             ,DSL            ,Yes                ,Yes                ,Yes                ,Two year      ,No              ,Credit card (automatic)  ,84.3,California,Janesville            ,40.294034,-120.512622,55,No     ,No               ,0,Offer A,27,Yes            ,Yes           ,0.0,0,2090.16,8087.26,High,0,4,4,Resolved
0897-FEGMU,Female,0,Yes    ,No        ,11,Yes         ,Yes             ,Fiber optic    ,No                 ,Yes                ,Yes                ,Month-to-month,Yes             ,Electronic check         ,99.5,California,Los Angeles           ,34.072945,-118.37267,43,Yes    ,Yes              ,1,Offer D,26,Yes            ,Yes           ,0.0,0,341.88,1398.83,Medium,8,1,9,Resolved
9300-RENDD,Male  ,0,No     ,No        ,1,Yes         ,No              ,Fiber optic    ,No                 ,Yes                ,No                 ,Month-to-month,Yes             ,Electronic check         ,79.95,California,Cedar Glen            ,34.255203,-117.175654,56,No     ,No               ,0,Offer E,5,No             ,Yes           ,0.0,0,3.13,83.08,Medium,9,0,9,NotResolved
0362-ZBZWJ,Male  ,0,No     ,No        ,36,Yes         ,Yes             ,Fiber optic    ,No                 ,No                 ,Yes                ,Month-to-month,Yes             ,Electronic check         ,84.9,California,Thornton              ,38.157794,-121.520223,46,No     ,No               ,0,None   ,22,Yes            ,Yes           ,0.0,0,887.76,3954.96,Low,6,0,6,NotResolved
2621-UDNLU,Female,0,Yes    ,No        ,3,Yes         ,No              ,No             ,No internet service,No internet service,No internet service,Month-to-month,No              ,Mailed check             ,20.85,California,San Francisco         ,37.768881,-122.395521,35,Yes    ,Yes              ,9,None   ,0,No             ,No            ,0.0,0,35.31,107.31,Medium,1,6,7,NotResolved
2956-GGUCQ,Male  ,1,Yes    ,No        ,24,Yes         ,Yes             ,Fiber optic    ,No                 ,No                 ,No                 ,Month-to-month,Yes             ,Electronic check         ,78.85,California,Pioneer               ,38.546999,-120.271114,71,Yes    ,Yes              ,1,None   ,22,No             ,Yes           ,0.0,0,49.2,1821.45,Low,6,1,7,Resolved
0067-DKWBL,Male  ,1,No     ,No        ,2,Yes         ,No              ,DSL            ,No                 ,No                 ,No                 ,Month-to-month,Yes             ,Electronic check         ,49.25,California,Tipton                ,36.047414,-119.344304,69,No     ,No               ,0,None   ,27,No             ,Yes           ,0.0,0,87.98,179.07999999999998,Low,8,0,8,Resolved
3005-NFMTA,Male  ,1,No     ,No        ,55,Yes         ,Yes             ,Fiber optic    ,No                 ,Yes                ,Yes                ,Month-to-month,Yes             ,Electronic check         ,98.8,California,Valencia              ,34.457005,-118.573726,73,No     ,No               ,0,Offer B,21,Yes            ,Yes           ,0.0,0,491.15,6108.9,Low,6,0,6,Resolved
4895-TMWIR,Male  ,1,Yes    ,No        ,11,Yes         ,No              ,No             ,No internet service,No internet service,No internet service,Month-to-month,No              ,Mailed check             ,19.95,California,Indian Wells          ,33.537646,-116.291089,79,Yes    ,Yes              ,1,None   ,0,No             ,No            ,0.0,0,324.94,539.69,Low,8,0,8,NotResolved
7929-SKFGK,Male  ,0,Yes    ,No        ,70,Yes         ,Yes             ,Fiber optic    ,Yes                ,Yes                ,Yes                ,Two year      ,No              ,Credit card (automatic)  ,114.3,California,Mentone               ,34.103578,-117.04054,23,Yes    ,Yes              ,10,Offer A,30,Yes            ,Yes           ,0.0,0,1517.6,9761.9,High,1,3,4,Resolved
6464-KEXXH,Male  ,0,No     ,No        ,8,No          ,No phone service,DSL            ,No                 ,No                 ,No                 ,Month-to-month,Yes             ,Credit card (automatic)  ,25.25,California,Fillmore              ,34.408161,-118.865111,55,No     ,No               ,0,None   ,16,No             ,Yes           ,0.0,0,0.0,186.3,Medium,1,4,5,NotResolved
9898-KZQDZ,Female,1,Yes    ,Yes       ,40,Yes         ,Yes             ,Fiber optic    ,No                 ,Yes                ,Yes                ,Month-to-month,Yes             ,Credit card (automatic)  ,94.55,California,Lee Vining            ,37.890145,-119.184087,65,Yes    ,Yes              ,1,None   ,20,Yes            ,Yes           ,0.0,0,1980.0,5620.45,Low,9,0,9,NotResolved
0620-DLSLK,Female,0,No     ,No        ,13,Yes         ,No              ,Fiber optic    ,No                 ,Yes                ,No                 ,Month-to-month,Yes             ,Mailed check             ,81.9,California,Pasadena              ,34.167465,-118.165327,47,No     ,No               ,0,None   ,19,No             ,Yes           ,0.0,0,444.34,1473.24,Medium,7,0,7,Resolved
8739-WWKDU,Male  ,1,No     ,No        ,25,Yes         ,Yes             ,Fiber optic    ,No                 ,Yes                ,No                 ,Month-to-month,Yes             ,Electronic check         ,89.5,California,San Diego             ,32.787836,-117.232376,69,No     ,No               ,0,None   ,3,No             ,Yes           ,0.0,0,461.5,2657.65,Low,9,1,10,Resolved
1841-YSJGV,Male  ,0,Yes    ,No        ,72,Yes         ,Yes             ,Fiber optic    ,Yes                ,Yes                ,Yes                ,Two year      ,Yes             ,Credit card (automatic)  ,109.95,California,South El Monte        ,34.04622,-118.053753,58,Yes    ,Yes              ,9,Offer A,22,Yes            ,Yes           ,0.0,0,2936.16,10788.56,High,1,6,7,Resolved
9828-AOQLM,Female,0,Yes    ,Yes       ,1,Yes         ,No              ,DSL            ,No                 ,No                 ,No                 ,Month-to-month,Yes             ,Electronic check         ,45.7,California,San Marcos            ,33.162624,-117.170863,37,Yes    ,Yes              ,3,None   ,5,No             ,Yes           ,0.0,0,12.8,58.5,Low,9,0,9,Resolved
2520-SGTTA,Female,0,Yes    ,Yes       ,0,Yes         ,No              ,No             ,No internet service,No internet service,No internet service,Two year      ,No              ,Mailed check             ,20.0,California,Ben Lomond            ,37.078873,-122.090386,23,Yes    ,Yes              ,4,Offer E,0,No             ,No            ,0.0,0,200.5,400.5,High,1,3,4,Resolved
2806-MLNTI,Male  ,1,Yes    ,No        ,52,Yes         ,Yes             ,Fiber optic    ,No                 ,Yes                ,Yes                ,One year      ,Yes             ,Bank transfer (automatic),105.1,California,White Water           ,33.972293,-116.654195,79,Yes    ,Yes              ,4,None   ,9,Yes            ,Yes           ,0.0,0,1515.8,6892.2,High,0,5,5,Resolved
8329-IBCTI,Female,0,No     ,No        ,1,Yes         ,No              ,No             ,No internet service,No internet service,No internet service,Month-to-month,No              ,Mailed check             ,19.65,California,Cotati                ,38.326215,-122.718742,50,No     ,No               ,0,Offer E,0,No             ,No            ,0.0,0,6.08,25.73,Medium,9,1,10,Resolved
6308-CQRBU,Female,0,Yes    ,No        ,71,Yes         ,Yes             ,Fiber optic    ,Yes                ,Yes                ,Yes                ,Two year      ,No              ,Electronic check         ,109.25,California,Zenia                 ,40.170357,-123.417298,32,Yes    ,Yes              ,7,None   ,22,Yes            ,Yes           ,0.0,0,2114.38,9822.08,Medium,1,5,6,Resolved
2058-DCJBE,Male  ,0,No     ,No        ,5,Yes         ,No              ,Fiber optic    ,No                 ,No                 ,No                 ,Month-to-month,Yes             ,Electronic check         ,69.75,California,Los Angeles           ,34.065875,-118.238728,32,No     ,No               ,0,Offer E,5,No             ,Yes           ,0.0,0,155.7,480.3,Low,9,1,10,Resolved
8097-OMULG,Male  ,0,Yes    ,Yes       ,59,Yes         ,No              ,DSL            ,Yes                ,Yes                ,Yes                ,One year      ,No              ,Credit card (automatic)  ,76.75,California,San Jose              ,37.350284,-121.852855,63,Yes    ,Yes              ,1,None   ,19,Yes            ,Yes           ,0.0,0,940.46,5482.36,High,0,3,3,Resolved
8875-AKBYH,Male  ,1,No     ,No        ,20,Yes         ,Yes             ,Fiber optic    ,No                 ,Yes                ,No                 ,Month-to-month,Yes             ,Electronic check         ,84.35,California,Mineral               ,40.408796,-121.579609,78,No     ,No               ,0,Offer D,9,No             ,No            ,0.0,10,510.2000000000001,2265.4,High,7,0,7,NotResolved
4730-AWNAU,Male  ,0,Yes    ,Yes       ,36,No          ,No phone service,DSL            ,Yes                ,Yes                ,Yes                ,One year      ,No              ,Credit card (automatic)  ,60.7,California,Lower Lake            ,38.925545,-122.549083,59,Yes    ,Yes              ,7,None   ,24,Yes            ,Yes           ,0.0,0,0.0,2234.55,Medium,6,1,7,Resolved
5696-QURRL,Male  ,0,No     ,No        ,1,Yes         ,No              ,DSL            ,No                 ,No                 ,No                 ,Month-to-month,Yes             ,Mailed check             ,45.05,California,Waterford             ,37.669516,-120.626964,31,No     ,No               ,0,None   ,26,No             ,No            ,0.0,70,13.84,128.89,Medium,7,1,8,Resolved
4682-BLBUC,Male  ,0,Yes    ,No        ,44,Yes         ,No              ,DSL            ,Yes                ,Yes                ,No                 ,One year      ,Yes             ,Electronic check         ,70.95,California,La Crescenta          ,34.239636,-118.245259,19,Yes    ,Yes              ,1,None   ,48,No             ,Yes           ,24.92,0,1302.84,4528.37,High,6,0,6,Resolved
2599-CIPQE,Male  ,0,Yes    ,Yes       ,71,Yes         ,No              ,Fiber optic    ,Yes                ,Yes                ,Yes                ,Two year      ,No              ,Credit card (automatic)  ,109.3,California,Compton               ,33.88151,-118.234451,36,Yes    ,Yes              ,4,None   ,57,Yes            ,No            ,0.0,70,2021.37,9874.22,Medium,6,0,6,Resolved
8063-RJYNF,Male  ,0,No     ,No        ,16,Yes         ,No              ,Fiber optic    ,No                 ,Yes                ,Yes                ,Month-to-month,Yes             ,Electronic check         ,94.25,California,Richmond              ,37.921034,-122.341798,27,No     ,No               ,0,None   ,59,Yes            ,No            ,0.0,140,327.04,1950.29,Low,7,1,8,Resolved
2962-XPMCQ,Male  ,0,No     ,No        ,2,Yes         ,No              ,DSL            ,No                 ,No                 ,No                 ,Month-to-month,Yes             ,Electronic check         ,45.15,California,Sacramento            ,38.486938,-121.395805,56,No     ,No               ,0,Offer E,21,No             ,Yes           ,0.0,0,12.94,111.44,Low,8,0,8,Resolved
5909-ECHUI,Female,0,No     ,No        ,1,Yes         ,No              ,DSL            ,No                 ,No                 ,Yes                ,Month-to-month,Yes             ,Electronic check         ,56.25,California,Oak Run               ,40.689243,-122.037023,49,No     ,No               ,0,None   ,22,Yes            ,Yes           ,0.0,0,26.14,82.39,Low,7,0,7,Resolved
6034-ZRYCV,Female,0,Yes    ,No        ,72,No          ,No phone service,DSL            ,No                 ,Yes                ,Yes                ,Two year      ,Yes             ,Electronic check         ,54.2,California,Sacramento            ,38.691607,-121.602284,51,Yes    ,Yes              ,1,Offer A,15,Yes            ,Yes           ,0.0,0,0.0,3937.45,Medium,6,0,6,Resolved
3166-PNEOF,Female,0,No     ,No        ,61,Yes         ,Yes             ,DSL            ,Yes                ,Yes                ,Yes                ,Two year      ,No              ,Credit card (automatic)  ,86.45,California,Walnut Creek          ,37.900662,-122.052782,57,No     ,No               ,0,Offer B,24,Yes            ,Yes           ,0.0,0,275.11,5450.41,High,7,1,8,Resolved
8267-KFGYD,Male  ,0,No     ,Yes       ,1,Yes         ,No              ,No             ,No internet service,No internet service,No internet service,Month-to-month,Yes             ,Mailed check             ,21.05,California,Alhambra              ,34.074736,-118.145959,53,No     ,No               ,0,None   ,0,No             ,No            ,0.0,0,10.14,31.19,Medium,1,4,5,Resolved
2869-ADAWR,Female,0,No     ,No        ,45,Yes         ,Yes             ,Fiber optic    ,No                 ,Yes                ,No                 ,Month-to-month,Yes             ,Credit card (automatic)  ,89.3,California,Sutter Creek          ,38.432145,-120.77069,41,No     ,No               ,0,Offer B,24,No             ,Yes           ,44.63,0,635.4,4607.62,Low,9,1,10,Resolved
7016-NVRIC,Male  ,1,Yes    ,No        ,29,Yes         ,No              ,Fiber optic    ,No                 ,No                 ,Yes                ,One year      ,No              ,Bank transfer (automatic),90.1,California,Chualar               ,36.596271,-121.442274,73,Yes    ,Yes              ,10,None   ,16,Yes            ,Yes           ,0.0,0,928.87,3585.57,Medium,1,6,7,Resolved
1867-BDVFH,Male  ,0,Yes    ,Yes       ,11,Yes         ,Yes             ,Fiber optic    ,No                 ,No                 ,No                 ,Month-to-month,Yes             ,Electronic check         ,74.35,California,Los Angeles           ,33.987945,-118.370442,35,Yes    ,Yes              ,1,Offer D,19,No             ,Yes           ,0.0,0,100.54,934.74,Low,8,1,9,Resolved
3090-HAWSU,Male  ,0,No     ,No        ,61,Yes         ,Yes             ,Fiber optic    ,Yes                ,Yes                ,Yes                ,Two year      ,Yes             ,Credit card (automatic)  ,111.6,California,Pasadena              ,34.159007,-118.087353,44,No     ,No               ,0,None   ,11,Yes            ,Yes           ,0.0,0,477.02,7353.070000000001,Low,8,0,8,NotResolved
5527-ACHSO,Female,0,No     ,No        ,11,Yes         ,No              ,DSL            ,Yes                ,Yes                ,Yes                ,Month-to-month,No              ,Mailed check             ,70.5,California,Orange                ,33.828779,-117.848299,38,No     ,No               ,0,None   ,12,Yes            ,Yes           ,0.0,0,523.71,1353.01,Medium,7,1,8,Resolved
2688-BHGOG,Male  ,1,No     ,No        ,9,Yes         ,No              ,Fiber optic    ,No                 ,No                 ,Yes                ,Month-to-month,Yes             ,Electronic check         ,79.55,California,Olancha               ,36.296851,-117.865469,73,No     ,No               ,0,Offer E,15,No             ,No            ,0.0,10,223.65,952.2,High,7,1,8,Resolved
5307-DZCVC,Female,1,Yes    ,No        ,32,Yes         ,Yes             ,Fiber optic    ,No                 ,Yes                ,No                 ,Month-to-month,Yes             ,Credit card (automatic)  ,85.95,California,Sacramento            ,38.685069,-121.543709,78,Yes    ,No               ,0,Offer C,9,No             ,Yes           ,0.0,0,1566.4,4195.0,Medium,7,0,7,Resolved
1899-VXWXM,Male  ,0,No     ,No        ,48,Yes         ,Yes             ,Fiber optic    ,No                 ,Yes                ,Yes                ,One year      ,Yes             ,Credit card (automatic)  ,106.1,California,Ravendale             ,40.845738,-120.322219,55,No     ,No               ,0,None   ,4,Yes            ,Yes           ,0.0,0,1187.04,6269.84,Low,6,1,7,Resolved
2519-ERQOJ,Male  ,1,No     ,No        ,33,No          ,No phone service,DSL            ,Yes                ,Yes                ,Yes                ,Month-to-month,Yes             ,Electronic check         ,54.6,California,Desert Hot Springs    ,33.832799,-116.250973,74,No     ,No               ,0,Offer C,11,No             ,Yes           ,0.0,0,0.0,1803.7,High,1,4,5,Resolved
3387-VATUS,Male  ,0,No     ,No        ,5,Yes         ,Yes             ,Fiber optic    ,No                 ,Yes                ,Yes                ,Month-to-month,Yes             ,Bank transfer (automatic),94.85,California,Aromas                ,36.878364,-121.629781,44,No     ,No               ,0,Offer E,19,Yes            ,Yes           ,0.0,0,200.75,663.55,Medium,6,0,6,Resolved
3308-JSGML,Male  ,1,Yes    ,No        ,59,No          ,No phone service,DSL            ,Yes                ,Yes                ,Yes                ,Two year      ,Yes             ,Credit card (automatic)  ,64.05,California,Shandon               ,35.634488,-120.293534,77,Yes    ,Yes              ,3,None   ,6,No             ,Yes           ,0.0,0,0.0,3886.85,Medium,0,5,5,Resolved
3571-RFHAR,Male  ,0,No     ,No        ,65,Yes         ,Yes             ,Fiber optic    ,Yes                ,Yes                ,Yes                ,Month-to-month,Yes             ,Electronic check         ,109.15,California,Santa Paula           ,34.402343,-119.094824,60,No     ,No               ,0,Offer B,4,Yes            ,No            ,0.0,140,608.4,7689.599999999999,Low,9,1,10,Resolved
1568-LJSZU,Male  ,0,Yes    ,Yes       ,68,Yes         ,Yes             ,DSL            ,Yes                ,Yes                ,Yes                ,Two year      ,Yes             ,Credit card (automatic)  ,92.2,California,Harbor City           ,33.798266,-118.300237,39,Yes    ,Yes              ,4,Offer A,20,Yes            ,Yes           ,0.0,0,2609.84,9002.69,Medium,1,5,6,Resolved
8404-VIOMB,Female,0,No     ,No        ,66,No          ,No phone service,DSL            ,Yes                ,Yes                ,Yes                ,Two year      ,Yes             ,Bank transfer (automatic),62.5,California,Lakehead              ,40.883853,-122.418258,52,No     ,No               ,0,None   ,15,Yes            ,Yes           ,0.0,0,0.0,4136.4,High,1,6,7,Resolved
2604-XVDAM,Female,0,No     ,No        ,12,Yes         ,No              ,DSL            ,No                 ,No                 ,No                 ,Month-to-month,No              ,Bank transfer (automatic),43.8,California,Pope Valley           ,38.672708,-122.403219,54,No     ,No               ,0,Offer D,17,No             ,Yes           ,0.0,0,78.72,619.6700000000001,High,0,3,3,Resolved
0661-XEYAN,Female,1,No     ,No        ,1,No          ,No phone service,DSL            ,No                 ,No                 ,No                 ,Month-to-month,Yes             ,Mailed check             ,25.8,California,Nevada City           ,39.333737,-120.858667,76,No     ,No               ,0,None   ,26,No             ,No            ,0.0,20,0.0,45.8,Low,9,0,9,Resolved
0872-CASZJ,Male  ,0,Yes    ,No        ,59,Yes         ,Yes             ,DSL            ,Yes                ,No                 ,Yes                ,One year      ,Yes             ,Mailed check             ,69.1,California,Hamilton City         ,39.732767,-122.042298,30,Yes    ,Yes              ,1,Offer B,53,Yes            ,Yes           ,0.0,0,1209.5,5306.4,Medium,1,3,4,Resolved
4785-QRJHC,Male  ,1,Yes    ,No        ,46,No          ,No phone service,DSL            ,Yes                ,Yes                ,Yes                ,One year      ,Yes             ,Bank transfer (automatic),59.9,California,San Francisco         ,37.722302,-122.491129,80,Yes    ,Yes              ,1,None   ,15,No             ,No            ,0.0,150,0.0,2966.65,Medium,8,1,9,Resolved
9221-OTIVJ,Female,1,No     ,No        ,14,Yes         ,Yes             ,Fiber optic    ,No                 ,Yes                ,Yes                ,Month-to-month,Yes             ,Electronic check         ,104.85,California,Dunlap                ,36.789213,-119.140338,80,No     ,No               ,0,None   ,7,No             ,Yes           ,0.0,0,419.44,1950.84,Low,8,1,9,Resolved
2259-OUUSZ,Male  ,0,No     ,No        ,7,No          ,No phone service,DSL            ,Yes                ,No                 ,No                 ,One year      ,Yes             ,Credit card (automatic)  ,35.5,California,San Diego             ,32.71346,-117.236378,28,No     ,No               ,0,Offer E,48,No             ,Yes           ,0.0,0,0.0,249.55,Medium,0,5,5,Resolved
6221-AVQYL,Male  ,0,No     ,No        ,2,Yes         ,Yes             ,Fiber optic    ,No                 ,No                 ,No                 ,Month-to-month,Yes             ,Credit card (automatic)  ,73.25,California,Glendale              ,34.153338,-118.262974,37,No     ,No               ,0,None   ,15,No             ,Yes           ,0.0,0,5.92,136.97,Low,7,1,8,NotResolved
5136-KCKGI,Female,0,Yes    ,Yes       ,33,Yes         ,Yes             ,Fiber optic    ,No                 ,Yes                ,Yes                ,One year      ,Yes             ,Mailed check             ,103.7,California,Templeton             ,35.536115,-120.739231,22,Yes    ,Yes              ,1,Offer C,73,Yes            ,Yes           ,0.0,0,1373.13,4840.13,Low,7,1,8,Resolved
6518-KZXCB,Male  ,0,No     ,No        ,22,Yes         ,Yes             ,No             ,No internet service,No internet service,No internet service,Two year      ,No              ,Mailed check             ,25.25,California,Cassel                ,40.936285,-121.572692,61,No     ,No               ,0,Offer D,0,No             ,No            ,0.0,0,105.38,671.88,High,6,1,7,NotResolved
2612-RRIDN,Male  ,0,No     ,No        ,4,Yes         ,No              ,Fiber optic    ,No                 ,Yes                ,No                 ,Month-to-month,Yes             ,Electronic check         ,81.0,California,Westwood              ,40.271535,-121.018087,25,No     ,No               ,0,Offer E,59,Yes            ,No            ,0.0,50,86.48,477.33,Low,8,1,9,Resolved
1397-XKKWR,Male  ,0,No     ,No        ,7,No          ,No phone service,DSL            ,No                 ,No                 ,No                 ,One year      ,No              ,Mailed check             ,35.3,California,San Jose              ,37.343827,-121.883119,47,No     ,No               ,0,None   ,14,No             ,Yes           ,0.0,0,0.0,264.8,High,0,4,4,Resolved
9940-RHLFB,Female,0,No     ,No        ,1,Yes         ,No              ,Fiber optic    ,No                 ,No                 ,No                 ,Month-to-month,No              ,Electronic check         ,75.3,California,Sunset Beach          ,33.719221,-118.073596,53,No     ,No               ,0,Offer E,3,No             ,Yes           ,0.0,0,26.06,101.36,Low,6,1,7,NotResolved
2905-KFQUV,Female,0,Yes    ,No        ,2,Yes         ,No              ,Fiber optic    ,No                 ,No                 ,No                 ,Month-to-month,Yes             ,Credit card (automatic)  ,70.4,California,Moss Beach            ,37.515556,-122.502311,61,Yes    ,Yes              ,9,None   ,14,No             ,Yes           ,0.0,0,14.98,169.78,Medium,0,4,4,Resolved
9420-LOJKX,Female,0,No     ,No        ,15,Yes         ,No              ,Fiber optic    ,No                 ,Yes                ,Yes                ,Month-to-month,Yes             ,Credit card (automatic)  ,99.1,California,Los Angeles           ,33.92128,-118.274186,34,No     ,No               ,0,None   ,20,Yes            ,Yes           ,0.0,0,59.4,1485.8000000000002,Low,8,1,9,Resolved
8777-MBMTS,Female,1,Yes    ,No        ,65,Yes         ,No              ,Fiber optic    ,Yes                ,Yes                ,Yes                ,Two year      ,Yes             ,Credit card (automatic)  ,105.85,California,West Covina           ,34.061634,-117.893169,65,Yes    ,Yes              ,10,Offer B,9,Yes            ,Yes           ,0.0,0,2371.85,9097.35,High,8,0,8,Resolved
0201-OAMXR,Female,0,No     ,No        ,70,Yes         ,Yes             ,Fiber optic    ,Yes                ,Yes                ,Yes                ,One year      ,No              ,Credit card (automatic)  ,115.55,California,Mckinleyville         ,40.965011,-124.015255,30,No     ,No               ,0,Offer A,52,Yes            ,Yes           ,0.0,0,714.7,8842.300000000001,Low,8,1,9,Resolved
7593-JNWRU,Male  ,0,Yes    ,Yes       ,6,Yes         ,No              ,DSL            ,No                 ,No                 ,No                 ,Month-to-month,Yes             ,Bank transfer (automatic),44.6,California,Fremont               ,37.505768,-121.962472,61,Yes    ,Yes              ,5,Offer E,21,No             ,Yes           ,0.0,0,295.20000000000005,556.0,Low,9,1,10,Resolved
1307-TVUFB,Male  ,1,No     ,No        ,42,Yes         ,Yes             ,Fiber optic    ,No                 ,No                 ,No                 ,Month-to-month,Yes             ,Bank transfer (automatic),79.35,California,Santa Ynez            ,34.630356,-120.032564,66,No     ,No               ,0,None   ,19,No             ,Yes           ,0.0,0,567.42,3911.52,High,7,1,8,Resolved
9837-FWLCH,Male  ,0,Yes    ,Yes       ,12,Yes         ,No              ,No             ,No internet service,No internet service,No internet service,Month-to-month,Yes             ,Electronic check         ,19.2,California,Palm Springs          ,33.839989,-116.659215,39,Yes    ,Yes              ,2,None   ,0,No             ,No            ,45.46,0,303.96,497.5,Medium,7,1,8,Resolved
1731-TVIUK,Female,0,No     ,No        ,4,Yes         ,Yes             ,Fiber optic    ,Yes                ,No                 ,Yes                ,Month-to-month,Yes             ,Electronic check         ,93.5,California,Tipton                ,36.047414,-119.344304,47,No     ,No               ,0,Offer E,4,Yes            ,Yes           ,0.0,0,29.56,391.76,Low,7,0,7,Resolved
2322-VCZHZ,Male  ,1,Yes    ,No        ,23,Yes         ,No              ,Fiber optic    ,No                 ,No                 ,Yes                ,Month-to-month,Yes             ,Electronic check         ,90.0,California,El Portal             ,37.654551,-119.822984,70,Yes    ,Yes              ,3,Offer D,20,No             ,Yes           ,0.0,0,725.19,2749.29,Medium,0,6,6,Resolved
6035-RIIOM,Female,0,No     ,No        ,54,Yes         ,Yes             ,Fiber optic    ,No                 ,Yes                ,Yes                ,Two year      ,Yes             ,Bank transfer (automatic),97.2,California,Janesville            ,40.294034,-120.512622,39,No     ,No               ,0,None   ,8,Yes            ,Yes           ,0.0,0,1703.7,6833.15,High,0,6,6,Resolved
6358-LYNGM,Male  ,0,No     ,No        ,1,Yes         ,Yes             ,Fiber optic    ,No                 ,No                 ,No                 ,Month-to-month,Yes             ,Electronic check         ,74.9,California,Mariposa              ,37.526791,-119.99437,26,No     ,No               ,0,Offer E,76,Yes            ,Yes           ,0.0,0,1.84,76.74000000000001,Medium,8,0,8,Resolved
1064-FBXNK,Male  ,0,Yes    ,Yes       ,1,Yes         ,No              ,No             ,No internet service,No internet service,No internet service,One year      ,No              ,Credit card (automatic)  ,19.85,California,Sacramento            ,38.494832,-121.529447,55,Yes    ,Yes              ,5,None   ,0,No             ,No            ,0.0,0,47.46,67.31,Medium,0,3,3,NotResolved
7426-RHZGU,Male  ,0,No     ,No        ,9,Yes         ,No              ,Fiber optic    ,Yes                ,Yes                ,Yes                ,Month-to-month,Yes             ,Bank transfer (automatic),95.9,California,Oakland               ,37.739113,-122.175602,41,No     ,No               ,0,None   ,3,Yes            ,Yes           ,0.0,0,277.2,1104.65,Medium,6,1,7,Resolved
3740-RLMVT,Male  ,1,Yes    ,No        ,67,Yes         ,No              ,DSL            ,Yes                ,No                 ,No                 ,One year      ,Yes             ,Bank transfer (automatic),60.95,California,Saint Helena          ,38.581354,-122.296283,79,Yes    ,Yes              ,7,Offer A,12,No             ,Yes           ,17.19,0,2818.69,6920.9,Medium,0,5,5,Resolved
9492-TOKRI,Female,0,No     ,No        ,18,Yes         ,Yes             ,Fiber optic    ,No                 ,Yes                ,No                 ,Month-to-month,Yes             ,Credit card (automatic)  ,90.0,California,Dinuba                ,36.523619,-119.386868,55,No     ,No               ,0,None   ,5,No             ,Yes           ,0.0,0,245.7,1773.05,Low,9,1,10,Resolved
4248-QPAVC,Female,1,Yes    ,No        ,17,Yes         ,Yes             ,Fiber optic    ,No                 ,No                 ,No                 ,Month-to-month,Yes             ,Bank transfer (automatic),85.35,California,Portola               ,39.786755,-120.445626,80,Yes    ,Yes              ,1,Offer D,6,No             ,Yes           ,0.0,0,625.94,2089.3900000000003,Low,7,0,7,Resolved
8938-UMKPI,Female,0,No     ,No        ,47,Yes         ,Yes             ,Fiber optic    ,No                 ,Yes                ,Yes                ,Month-to-month,Yes             ,Electronic check         ,106.4,California,Corona                ,33.819385,-117.600213,42,No     ,No               ,0,Offer B,25,Yes            ,No            ,0.0,0,1690.59,6818.54,Low,9,0,9,Resolved
4412-YLTKF,Female,1,No     ,No        ,27,Yes         ,Yes             ,Fiber optic    ,No                 ,No                 ,No                 ,Month-to-month,Yes             ,Electronic check         ,78.05,California,Pico Rivera           ,33.989524,-118.089299,72,No     ,No               ,0,Offer C,18,No             ,No            ,0.0,10,89.91,2235.41,Low,9,1,10,Resolved
5322-ZSMZY,Male  ,0,Yes    ,Yes       ,31,Yes         ,Yes             ,No             ,No internet service,No internet service,No internet service,Two year      ,No              ,Mailed check             ,25.75,California,Lower Lake            ,38.925545,-122.549083,26,Yes    ,Yes              ,7,None   ,0,No             ,No            ,0.0,0,217.93,973.53,High,0,4,4,Resolved
5317-FLPJF,Female,0,No     ,No        ,66,No          ,No phone service,DSL            ,Yes                ,Yes                ,Yes                ,Two year      ,Yes             ,Bank transfer (automatic),61.35,California,Altadena              ,34.196837,-118.142236,25,No     ,No               ,0,Offer A,73,Yes            ,No            ,0.0,130,0.0,4323.4,Medium,6,1,7,Resolved
8201-AAXCB,Male  ,0,Yes    ,Yes       ,25,Yes         ,Yes             ,DSL            ,No                 ,Yes                ,No                 ,Month-to-month,No              ,Electronic check         ,60.35,California,Ontario               ,34.074087,-117.605618,55,Yes    ,Yes              ,1,None   ,76,No             ,No            ,0.0,10,646.75,2061.4,High,7,1,8,Resolved
2928-HLDBA,Female,0,No     ,No        ,6,Yes         ,No              ,No             ,No internet service,No internet service,No internet service,Month-to-month,No              ,Mailed check             ,20.7,California,Cypress               ,33.818477,-118.038307,31,No     ,No               ,0,Offer E,0,No             ,No            ,0.0,0,46.32,159.07,High,1,5,6,Resolved
8080-DDEMJ,Male  ,1,No     ,No        ,1,Yes         ,No              ,DSL            ,No                 ,No                 ,No                 ,Month-to-month,No              ,Electronic check         ,45.1,California,Glendale              ,34.136306,-118.26036,71,No     ,No               ,0,Offer E,14,No             ,Yes           ,0.0,0,15.28,60.38,Low,7,0,7,Resolved
3803-KMQFW,Female,0,Yes    ,Yes       ,1,Yes         ,No              ,No             ,No internet service,No internet service,No internet service,Month-to-month,No              ,Mailed check             ,20.55,California,Brea                  ,33.930199,-117.862898,25,Yes    ,Yes              ,1,None   ,0,No             ,No            ,0.0,0,37.92,58.47,Medium,7,1,8,Resolved
6549-YMFAW,Male  ,1,Yes    ,No        ,9,Yes         ,No              ,No             ,No internet service,No internet service,No internet service,Month-to-month,Yes             ,Mailed check             ,21.25,California,Los Olivos            ,34.70434,-120.02609,70,Yes    ,Yes              ,1,None   ,0,No             ,No            ,0.0,0,14.94,219.49,High,6,0,6,Resolved
2982-IHMFT,Female,1,No     ,No        ,1,Yes         ,Yes             ,Fiber optic    ,No                 ,No                 ,No                 ,Month-to-month,Yes             ,Mailed check             ,74.45,California,Indian Wells          ,33.537646,-116.291089,75,No     ,No               ,0,None   ,16,No             ,Yes           ,0.0,0,39.61,114.06,Medium,6,0,6,Resolved
2824-MYYBN,Female,0,Yes    ,Yes       ,37,Yes         ,Yes             ,Fiber optic    ,No                 ,Yes                ,Yes                ,Month-to-month,Yes             ,Electronic check         ,95.25,California,Bakersfield           ,35.140938,-119.051348,43,Yes    ,No               ,0,None   ,11,Yes            ,Yes           ,0.0,0,59.2,3373.35,High,1,3,4,Resolved
1576-PFZIW,Male  ,1,Yes    ,No        ,70,Yes         ,No              ,Fiber optic    ,No                 ,Yes                ,Yes                ,Two year      ,No              ,Credit card (automatic)  ,105.35,California,Bakersfield           ,35.383937,-119.020428,70,Yes    ,Yes              ,2,Offer A,7,Yes            ,Yes           ,0.0,0,1013.6,8525.5,High,0,4,4,Resolved
2636-OHFMN,Male  ,0,Yes    ,No        ,4,No          ,No phone service,DSL            ,No                 ,Yes                ,Yes                ,Month-to-month,Yes             ,Electronic check         ,48.55,California,Orosi                 ,36.600185,-119.175655,26,Yes    ,Yes              ,4,None   ,76,Yes            ,Yes           ,0.0,0,0.0,201.0,Low,9,1,10,Resolved
1565-RHDJD,Female,0,No     ,Yes       ,4,Yes         ,Yes             ,Fiber optic    ,No                 ,No                 ,No                 ,Month-to-month,No              ,Bank transfer (automatic),84.05,California,Palo Cedro            ,40.582399,-122.195512,21,No     ,No               ,0,None   ,69,Yes            ,Yes           ,0.0,0,166.88,500.43,Medium,9,1,10,Resolved
2672-TGEFF,Female,0,Yes    ,Yes       ,37,Yes         ,Yes             ,Fiber optic    ,No                 ,Yes                ,No                 ,Month-to-month,Yes             ,Electronic check         ,88.8,California,Traver                ,36.456091,-119.486225,33,Yes    ,Yes              ,3,Offer C,16,No             ,Yes           ,0.0,0,39.96,3380.51,High,0,4,4,Resolved
5832-TRLPB,Male  ,0,No     ,No        ,29,Yes         ,No              ,DSL            ,Yes                ,Yes                ,Yes                ,One year      ,Yes             ,Bank transfer (automatic),75.35,California,Milpitas              ,37.441931,-121.878502,30,No     ,No               ,0,None   ,27,Yes            ,Yes           ,2.24,0,107.01,2348.6700000000005,Medium,7,1,8,Resolved
5057-LCOUI,Female,0,No     ,No        ,39,No          ,No phone service,DSL            ,No                 ,Yes                ,Yes                ,Month-to-month,Yes             ,Electronic check         ,50.75,California,Nipomo                ,35.050345,-120.489599,35,No     ,No               ,0,Offer C,4,Yes            ,Yes           ,0.0,0,0.0,2011.4,Medium,9,0,9,Resolved
5981-ITEMU,Male  ,0,Yes    ,No        ,40,Yes         ,Yes             ,Fiber optic    ,No                 ,Yes                ,Yes                ,Month-to-month,Yes             ,Bank transfer (automatic),97.1,California,Marshall              ,38.129308,-122.834815,58,Yes    ,Yes              ,1,Offer B,23,Yes            ,Yes           ,41.85,0,653.1999999999999,4318.3,Medium,6,1,7,Resolved
1846-XWOQN,Female,1,No     ,No        ,1,Yes         ,No              ,Fiber optic    ,No                 ,No                 ,No                 ,Month-to-month,Yes             ,Electronic check         ,70.15,California,Bradley               ,35.842889,-121.004862,80,No     ,No               ,0,None   ,8,No             ,Yes           ,0.0,0,47.97,118.12,Low,7,1,8,Resolved
8749-JMNKX,Male  ,1,Yes    ,No        ,51,Yes         ,Yes             ,Fiber optic    ,No                 ,Yes                ,No                 ,Month-to-month,Yes             ,Bank transfer (automatic),93.8,California,Montebello            ,34.015217,-118.109962,80,Yes    ,Yes              ,1,Offer B,30,No             ,Yes           ,0.0,0,1129.14,5880.09,Low,8,0,8,Resolved
2684-EIWEO,Female,1,No     ,No        ,30,Yes         ,Yes             ,Fiber optic    ,No                 ,No                 ,No                 ,Month-to-month,No              ,Credit card (automatic)  ,91.7,California,Oceano                ,35.059695,-120.604741,69,No     ,No               ,0,None   ,19,No             ,Yes           ,0.0,0,1376.4,4134.55,Low,9,1,10,Resolved
7743-EXURX,Male  ,0,Yes    ,Yes       ,8,Yes         ,No              ,DSL            ,No                 ,No                 ,No                 ,Month-to-month,Yes             ,Electronic check         ,51.05,California,Glendale              ,34.195386,-118.238508,47,Yes    ,Yes              ,1,Offer E,20,No             ,Yes           ,0.0,0,30.8,445.85,Low,7,0,7,Resolved
2402-TAIRZ,Female,0,No     ,No        ,37,Yes         ,No              ,Fiber optic    ,No                 ,No                 ,No                 ,One year      ,No              ,Electronic check         ,80.05,California,Los Angeles           ,34.065875,-118.238728,48,No     ,No               ,0,None   ,11,No             ,Yes           ,0.0,0,355.57,3374.67,High,1,6,7,Resolved
1043-YCUTE,Male  ,0,Yes    ,No        ,56,Yes         ,Yes             ,No             ,No internet service,No internet service,No internet service,Two year      ,Yes             ,Credit card (automatic)  ,25.15,California,Hayward               ,37.639215,-122.037554,19,Yes    ,Yes              ,1,Offer B,0,No             ,No            ,0.0,0,739.1999999999999,2066.35,Medium,7,1,8,Resolved
9764-REAFF,Female,0,Yes    ,No        ,59,Yes         ,No              ,No             ,No internet service,No internet service,No internet service,Two year      ,No              ,Bank transfer (automatic),18.4,California,Stonyford             ,39.288127,-122.415841,60,Yes    ,Yes              ,9,Offer B,0,No             ,No            ,0.0,0,1592.41,2650.26,High,0,3,3,Resolved
4806-KEXQR,Male  ,0,No     ,No        ,4,Yes         ,No              ,Fiber optic    ,No                 ,No                 ,Yes                ,Month-to-month,Yes             ,Electronic check         ,79.9,California,Lockeford             ,38.166791,-121.14207,27,No     ,No               ,0,Offer E,46,Yes            ,Yes           ,0.0,0,172.24,496.54,Low,7,0,7,Resolved
3656-TKRVZ,Female,0,No     ,No        ,3,Yes         ,No              ,DSL            ,No                 ,No                 ,No                 ,Month-to-month,No              ,Electronic check         ,55.35,California,Chula Vista           ,32.636792,-117.054989,19,No     ,No               ,0,None   ,52,Yes            ,Yes           ,0.0,0,3.72,168.92,Low,6,1,7,Resolved
5876-QMYLD,Female,0,Yes    ,Yes       ,23,Yes         ,No              ,No             ,No internet service,No internet service,No internet service,One year      ,No              ,Mailed check             ,20.05,California,Earp                  ,34.137742,-114.36514,44,Yes    ,Yes              ,10,None   ,0,No             ,No            ,0.0,0,409.86,824.96,High,1,1,2,Resolved
5712-VBOXD,Female,0,No     ,No        ,4,Yes         ,No              ,No             ,No internet service,No internet service,No internet service,Month-to-month,Yes             ,Credit card (automatic)  ,20.15,California,Santa Barbara         ,34.457541,-119.631072,53,No     ,No               ,0,Offer E,0,No             ,No            ,0.0,0,5.2,73.65,Medium,7,1,8,Resolved
2277-AXSDC,Female,0,No     ,No        ,32,Yes         ,No              ,No             ,No internet service,No internet service,No internet service,One year      ,No              ,Bank transfer (automatic),19.75,California,El Centro             ,32.770393,-115.60915,46,No     ,No               ,0,None   ,0,No             ,No            ,0.0,0,1401.6,2025.75,High,0,5,5,NotResolved
5281-BUZGT,Male  ,1,No     ,No        ,36,Yes         ,Yes             ,Fiber optic    ,No                 ,Yes                ,No                 ,Month-to-month,Yes             ,Electronic check         ,90.85,California,Weaverville           ,40.759401,-122.939337,69,No     ,No               ,0,Offer C,23,No             ,Yes           ,0.0,0,839.8799999999999,4026.58,Low,9,0,9,Resolved
8086-OVPWV,Male  ,0,No     ,No        ,2,Yes         ,No              ,Fiber optic    ,No                 ,No                 ,Yes                ,Month-to-month,Yes             ,Electronic check         ,80.2,California,San Diego             ,32.741859,-117.090353,58,No     ,No               ,0,None   ,10,Yes            ,No            ,0.0,10,52.94,244.04,Low,9,1,10,Resolved
7274-RTAPZ,Male  ,0,No     ,No        ,1,Yes         ,No              ,Fiber optic    ,No                 ,Yes                ,Yes                ,Month-to-month,Yes             ,Electronic check         ,90.55,California,Long Beach            ,33.783047,-118.1486,20,No     ,No               ,0,Offer E,48,Yes            ,Yes           ,0.0,0,7.15,97.7,Low,8,0,8,Resolved
1029-QFBEN,Male  ,0,No     ,No        ,1,Yes         ,No              ,No             ,No internet service,No internet service,No internet service,Month-to-month,No              ,Mailed check             ,19.55,California,San Luis Obispo       ,35.236549,-120.727344,27,No     ,No               ,0,None   ,0,No             ,No            ,0.0,0,38.44,57.99,Low,6,0,6,Resolved
1439-LCGVL,Female,0,Yes    ,No        ,26,Yes         ,No              ,No             ,No internet service,No internet service,No internet service,One year      ,No              ,Mailed check             ,19.2,California,Los Angeles           ,34.051809,-118.383843,42,Yes    ,Yes              ,10,Offer C,0,No             ,No            ,0.0,0,45.5,505.1,Medium,1,4,5,Resolved
2645-QTLMB,Male  ,0,No     ,No        ,7,Yes         ,No              ,Fiber optic    ,No                 ,Yes                ,Yes                ,Month-to-month,Yes             ,Electronic check         ,94.25,California,Bloomington           ,34.059722,-117.39104,22,No     ,No               ,0,Offer E,69,Yes            ,Yes           ,0.0,0,84.35000000000001,753.35,Medium,9,0,9,Resolved
0334-GDDSO,Male  ,1,No     ,No        ,3,Yes         ,Yes             ,Fiber optic    ,No                 ,No                 ,No                 ,Month-to-month,Yes             ,Electronic check         ,81.35,California,Ocotillo              ,32.698964,-115.886656,77,No     ,No               ,0,Offer E,14,No             ,Yes           ,0.0,0,27.660000000000004,261.36,Low,7,0,7,Resolved
2845-KDHVX,Female,0,Yes    ,No        ,64,Yes         ,No              ,DSL            ,Yes                ,No                 ,Yes                ,Two year      ,Yes             ,Mailed check             ,68.3,California,Sheridan              ,38.984756,-121.345074,57,Yes    ,Yes              ,9,None   ,25,Yes            ,Yes           ,0.0,0,1490.56,5869.360000000001,High,1,4,5,Resolved
2332-EFBJY,Male  ,0,No     ,No        ,16,Yes         ,No              ,No             ,No internet service,No internet service,No internet service,Month-to-month,Yes             ,Mailed check             ,19.7,California,Sherman Oaks          ,34.147149,-118.463365,35,No     ,No               ,0,Offer D,0,No             ,No            ,0.0,0,91.84,434.24,Low,8,0,8,Resolved
1905-OEILC,Female,0,No     ,No        ,1,Yes         ,No              ,No             ,No internet service,No internet service,No internet service,Month-to-month,No              ,Mailed check             ,19.5,California,Pebble Beach          ,36.587497,-121.944815,42,No     ,No               ,0,Offer E,0,No             ,No            ,0.0,0,20.11,39.61,High,0,4,4,Resolved
9281-PKKZE,Female,0,Yes    ,No        ,46,No          ,No phone service,DSL            ,No                 ,Yes                ,Yes                ,Month-to-month,Yes             ,Electronic check         ,43.95,California,Azusa                 ,34.174493,-117.87068,47,Yes    ,Yes              ,1,None   ,8,Yes            ,Yes           ,0.0,0,0.0,2007.85,Medium,0,5,5,Resolved
6559-ILWKJ,Male  ,0,Yes    ,No        ,71,No          ,No phone service,DSL            ,No                 ,Yes                ,Yes                ,Two year      ,No              ,Electronic check         ,49.35,California,Fresno                ,36.78979,-119.929894,44,Yes    ,Yes              ,1,None   ,25,Yes            ,No            ,0.0,100,0.0,3615.25,Low,9,0,9,Resolved
2037-SGXHH,Male  ,0,Yes    ,Yes       ,38,Yes         ,Yes             ,Fiber optic    ,No                 ,Yes                ,No                 ,Month-to-month,Yes             ,Electronic check         ,94.65,California,Campo Seco            ,38.233879,-120.861666,25,Yes    ,Yes              ,1,None   ,30,No             ,Yes           ,0.0,0,1888.6,5512.900000000001,Low,7,0,7,Resolved
8450-JOVAH,Male  ,0,Yes    ,Yes       ,2,Yes         ,Yes             ,DSL            ,No                 ,No                 ,No                 ,Month-to-month,No              ,Mailed check             ,56.7,California,Agoura Hills          ,34.129058,-118.759788,62,Yes    ,Yes              ,1,None   ,53,No             ,Yes           ,0.0,0,11.34,124.89,Low,7,0,7,NotResolved
3752-CQSJI,Female,0,Yes    ,Yes       ,13,Yes         ,No              ,No             ,No internet service,No internet service,No internet service,Month-to-month,Yes             ,Mailed check             ,20.45,California,San Anselmo           ,37.99272,-122.575026,59,Yes    ,Yes              ,1,Offer D,0,No             ,No            ,0.0,0,213.2,467.7,Medium,0,3,3,Resolved
0388-EOPEX,Female,0,Yes    ,No        ,2,Yes         ,No              ,Fiber optic    ,No                 ,No                 ,No                 ,Month-to-month,Yes             ,Electronic check         ,74.4,California,Riverside             ,33.890046,-117.455583,28,Yes    ,Yes              ,1,None   ,41,No             ,Yes           ,0.0,0,19.58,158.98000000000002,Low,7,0,7,Resolved
2114-MGINA,Female,0,No     ,No        ,14,Yes         ,No              ,Fiber optic    ,No                 ,Yes                ,Yes                ,Month-to-month,Yes             ,Mailed check             ,89.8,California,Rio Vista             ,38.148862,-121.737696,57,No     ,No               ,0,Offer D,29,Yes            ,Yes           ,0.0,0,144.20000000000002,1273.3,Low,8,1,9,Resolved
0471-LVHGK,Male  ,0,Yes    ,No        ,41,Yes         ,Yes             ,DSL            ,No                 ,Yes                ,Yes                ,One year      ,Yes             ,Electronic check         ,73.0,California,Orangevale            ,38.689174,-121.218435,34,Yes    ,Yes              ,1,None   ,29,Yes            ,Yes           ,0.0,0,652.3100000000001,3653.51,Low,8,1,9,Resolved
7758-XKCBS,Male  ,0,No     ,No        ,15,No          ,No phone service,DSL            ,Yes                ,No                 ,No                 ,Month-to-month,Yes             ,Electronic check         ,29.7,California,Reseda                ,34.200175,-118.540958,56,No     ,No               ,0,None   ,29,No             ,No            ,0.0,90,0.0,528.25,Low,8,1,9,Resolved
0231-LXVAP,Male  ,0,No     ,No        ,1,Yes         ,No              ,Fiber optic    ,Yes                ,No                 ,No                 ,Month-to-month,Yes             ,Electronic check         ,75.9,California,Tipton                ,36.047414,-119.344304,23,No     ,No               ,0,None   ,27,No             ,Yes           ,0.0,0,44.56,120.46,Medium,6,0,6,NotResolved
2812-ENYMO,Male  ,0,No     ,No        ,26,No          ,No phone service,DSL            ,Yes                ,Yes                ,Yes                ,One year      ,No              ,Credit card (automatic)  ,54.55,California,Orick                 ,41.336354,-124.044354,22,No     ,No               ,0,Offer C,82,Yes            ,Yes           ,0.0,0,0.0,1362.85,High,1,6,7,Resolved
6584-VQMYT,Male  ,0,No     ,Yes       ,27,Yes         ,No              ,DSL            ,No                 ,No                 ,No                 ,One year      ,No              ,Mailed check             ,56.2,California,San Jose              ,37.246064,-121.749494,19,No     ,No               ,0,Offer C,59,No             ,No            ,0.0,30,71.00999999999999,1668.56,High,0,5,5,Resolved
2929-QNSRW,Female,0,Yes    ,No        ,56,Yes         ,Yes             ,Fiber optic    ,No                 ,Yes                ,Yes                ,One year      ,Yes             ,Electronic check         ,98.25,California,Lake City             ,41.729079,-120.225025,21,Yes    ,Yes              ,1,None   ,48,Yes            ,No            ,0.0,150,1072.96,6731.31,Low,9,1,10,NotResolved
6338-AVWCY,Male  ,0,No     ,No        ,3,No          ,No phone service,DSL            ,No                 ,Yes                ,No                 ,Month-to-month,Yes             ,Mailed check             ,40.15,California,Hollister             ,36.875409,-121.279679,19,No     ,No               ,0,None   ,26,No             ,Yes           ,0.0,0,0.0,130.75,Medium,7,0,7,Resolved
8152-VETUR,Female,0,Yes    ,No        ,72,Yes         ,Yes             ,Fiber optic    ,No                 ,Yes                ,Yes                ,Two year      ,Yes             ,Credit card (automatic)  ,97.7,California,Bishop                ,37.04584,-118.397236,26,Yes    ,Yes              ,7,Offer A,58,Yes            ,Yes           ,0.0,0,2058.48,8928.18,High,7,0,7,Resolved
5027-QPKTE,Male  ,0,Yes    ,No        ,7,Yes         ,No              ,Fiber optic    ,No                 ,No                 ,No                 ,Month-to-month,Yes             ,Electronic check         ,69.35,California,Modesto               ,37.671806,-121.007575,39,Yes    ,Yes              ,1,Offer E,28,No             ,No            ,0.0,10,103.25,564.35,Low,8,1,9,NotResolved
0877-SDMBN,Female,0,No     ,No        ,54,Yes         ,Yes             ,Fiber optic    ,No                 ,Yes                ,Yes                ,One year      ,Yes             ,Bank transfer (automatic),103.95,California,Parker Dam            ,34.273872,-114.192901,20,No     ,No               ,0,None   ,82,Yes            ,Yes           ,0.0,0,2347.38,7986.43,Medium,9,1,10,Resolved
2995-UPRYS,Female,1,Yes    ,No        ,40,Yes         ,No              ,Fiber optic    ,Yes                ,Yes                ,Yes                ,One year      ,Yes             ,Credit card (automatic)  ,99.2,California,Long Beach            ,33.752524,-118.210737,74,Yes    ,Yes              ,1,None   ,22,Yes            ,Yes           ,0.0,0,790.4000000000001,4852.6,Medium,6,0,6,Resolved
9940-HPQPG,Female,0,Yes    ,No        ,9,Yes         ,Yes             ,Fiber optic    ,No                 ,No                 ,No                 ,Month-to-month,No              ,Bank transfer (automatic),91.75,California,North Hollywood       ,34.1692,-118.372498,58,Yes    ,Yes              ,1,Offer E,7,No             ,Yes           ,0.0,0,198.0,1063.8,Low,9,1,10,Resolved
1403-LKLIK,Female,0,Yes    ,Yes       ,33,Yes         ,No              ,No             ,No internet service,No internet service,No internet service,One year      ,No              ,Mailed check             ,20.1,California,Olympic Valley        ,39.191797,-120.212401,23,Yes    ,Yes              ,3,None   ,0,No             ,No            ,0.0,0,937.2,1516.6,Medium,6,1,7,Resolved
4859-ZSRDZ,Female,0,Yes    ,Yes       ,58,No          ,No phone service,DSL            ,Yes                ,Yes                ,Yes                ,Two year      ,Yes             ,Credit card (automatic)  ,55.5,California,Vacaville             ,38.333133,-121.920151,58,Yes    ,Yes              ,1,Offer B,11,Yes            ,Yes           ,0.0,0,0.0,3166.9,Medium,6,1,7,Resolved
6402-SSEJG,Female,0,No     ,No        ,25,No          ,No phone service,DSL            ,No                 ,Yes                ,Yes                ,One year      ,No              ,Electronic check         ,61.05,California,Ben Lomond            ,37.078873,-122.090386,31,No     ,No               ,0,None   ,9,Yes            ,Yes           ,0.0,0,0.0,1540.2,Medium,7,0,7,NotResolved
3757-NJYBX,Male  ,1,Yes    ,No        ,32,Yes         ,Yes             ,Fiber optic    ,No                 ,Yes                ,Yes                ,Month-to-month,No              ,Bank transfer (automatic),106.35,California,Nipomo                ,35.050345,-120.489599,77,Yes    ,Yes              ,3,None   ,3,No             ,Yes           ,0.0,0,253.44,3774.19,Low,6,1,7,Resolved
8182-PNAGI,Male  ,0,No     ,No        ,12,Yes         ,No              ,DSL            ,Yes                ,No                 ,No                 ,Month-to-month,No              ,Bank transfer (automatic),50.25,California,Pico Rivera           ,33.989524,-118.089299,50,No     ,No               ,0,None   ,26,No             ,No            ,0.0,120,558.96,1272.71,Low,6,0,6,Resolved
6128-CZOMY,Female,0,No     ,No        ,1,Yes         ,No              ,DSL            ,No                 ,No                 ,No                 ,Month-to-month,Yes             ,Electronic check         ,45.65,California,Alpine                ,32.827184,-116.703729,43,No     ,No               ,0,None   ,22,No             ,Yes           ,0.0,0,36.99,82.64,Low,7,1,8,Resolved
9481-IEBZY,Male  ,1,Yes    ,No        ,72,Yes         ,Yes             ,Fiber optic    ,Yes                ,Yes                ,Yes                ,Month-to-month,Yes             ,Credit card (automatic)  ,112.9,California,Nuevo                 ,33.82769,-117.102244,69,Yes    ,Yes              ,6,Offer A,14,Yes            ,No            ,0.0,20,2181.6,10263.1,Medium,0,3,3,NotResolved
8999-YPYBV,Male  ,0,Yes    ,Yes       ,45,Yes         ,No              ,DSL            ,Yes                ,Yes                ,Yes                ,Two year      ,Yes             ,Mailed check             ,84.35,California,Garden Valley         ,38.852544,-120.837669,63,Yes    ,Yes              ,3,Offer B,3,Yes            ,Yes           ,0.0,0,1386.0,5244.05,Medium,1,4,5,Resolved
3933-DQPWX,Female,0,No     ,No        ,50,No          ,No phone service,DSL            ,Yes                ,No                 ,No                 ,Two year      ,No              ,Credit card (automatic)  ,39.7,California,Barstow               ,34.965648,-117.001509,48,No     ,No               ,0,None   ,6,No             ,Yes           ,0.0,0,0.0,1932.75,Medium,1,5,6,Resolved
9667-TKTVZ,Female,0,No     ,No        ,2,Yes         ,Yes             ,DSL            ,Yes                ,No                 ,No                 ,Month-to-month,Yes             ,Mailed check             ,54.35,California,Los Osos              ,35.279984,-120.824288,38,No     ,No               ,0,None   ,7,No             ,Yes           ,0.0,0,51.62,168.67,High,7,1,8,NotResolved
8784-CGILN,Female,0,No     ,No        ,18,Yes         ,Yes             ,Fiber optic    ,Yes                ,Yes                ,Yes                ,Month-to-month,Yes             ,Bank transfer (automatic),99.85,California,Tarzana               ,34.157137,-118.548511,34,No     ,No               ,0,None   ,3,Yes            ,Yes           ,0.0,0,656.82,2433.77,Low,10,1,11,Resolved
0302-JOIVN,Female,0,Yes    ,No        ,8,Yes         ,No              ,Fiber optic    ,No                 ,Yes                ,Yes                ,Month-to-month,No              ,Electronic check         ,101.15,California,San Gabriel           ,34.114772,-118.089431,47,Yes    ,Yes              ,1,None   ,6,Yes            ,Yes           ,0.0,0,135.04,977.94,Low,7,0,7,NotResolved
9101-BWFSS,Female,0,Yes    ,No        ,50,Yes         ,Yes             ,Fiber optic    ,Yes                ,Yes                ,Yes                ,One year      ,No              ,Electronic check         ,108.55,California,Tollhouse             ,36.993666,-119.348267,58,Yes    ,Yes              ,1,Offer B,14,Yes            ,Yes           ,0.0,0,1471.5,7082.2,Low,8,1,9,Resolved
7670-ZBPOQ,Female,0,Yes    ,No        ,58,Yes         ,Yes             ,DSL            ,Yes                ,No                 ,No                 ,One year      ,Yes             ,Bank transfer (automatic),61.05,California,Denair                ,37.524721,-120.757977,59,Yes    ,Yes              ,1,Offer B,8,No             ,No            ,0.0,0,1528.88,5007.63,High,0,5,5,NotResolved
4626-GYCZP,Male  ,0,No     ,No        ,7,Yes         ,Yes             ,Fiber optic    ,No                 ,Yes                ,Yes                ,Month-to-month,Yes             ,Electronic check         ,93.85,California,Eureka                ,40.737431,-124.108897,60,No     ,No               ,0,None   ,23,Yes            ,Yes           ,0.0,0,108.57,744.1700000000001,Low,7,1,8,Resolved
0228-MAUWC,Male  ,0,No     ,No        ,19,Yes         ,Yes             ,DSL            ,Yes                ,No                 ,No                 ,Month-to-month,No              ,Electronic check         ,59.55,California,Los Gatos             ,37.160194,-121.945611,40,No     ,No               ,0,Offer D,18,No             ,Yes           ,0.0,0,225.15,1369.75,High,0,4,4,Resolved
7861-UVUFT,Female,0,Yes    ,No        ,15,Yes         ,No              ,Fiber optic    ,No                 ,Yes                ,No                 ,Month-to-month,Yes             ,Electronic check         ,84.3,California,Sloughhouse           ,38.470423,-121.114897,36,Yes    ,Yes              ,1,None   ,28,No             ,Yes           ,0.0,0,424.5,1732.9,Low,8,1,9,Resolved
2344-JMOGN,Male  ,0,Yes    ,No        ,9,Yes         ,No              ,Fiber optic    ,Yes                ,Yes                ,No                 ,Month-to-month,Yes             ,Mailed check             ,94.85,California,Buttonwillow          ,35.451402,-119.488413,54,Yes    ,Yes              ,1,None   ,6,No             ,Yes           ,0.0,0,157.23,1047.83,Low,7,0,7,Resolved
8835-VSDSE,Female,0,Yes    ,No        ,2,Yes         ,No              ,Fiber optic    ,No                 ,No                 ,No                 ,Month-to-month,Yes             ,Electronic check         ,70.7,California,Johannesburg          ,35.363339,-117.637641,28,Yes    ,Yes              ,1,Offer E,27,No             ,Yes           ,0.0,0,19.52,160.97,Low,8,1,9,Resolved
8199-ZLLSA,Male  ,0,No     ,No        ,67,Yes         ,Yes             ,Fiber optic    ,Yes                ,Yes                ,Yes                ,One year      ,Yes             ,Bank transfer (automatic),118.35,California,Tujunga               ,34.296574,-118.244839,53,No     ,No               ,0,None   ,27,Yes            ,Yes           ,0.0,0,1518.22,9322.37,Low,9,0,9,Resolved
6235-VDHOM,Female,1,No     ,No        ,5,No          ,No phone service,DSL            ,No                 ,No                 ,No                 ,Month-to-month,No              ,Electronic check         ,28.45,California,Riverside             ,34.004379,-117.447864,77,No     ,No               ,0,Offer E,26,No             ,Yes           ,0.0,0,0.0,131.05,Low,8,0,8,Resolved
4767-HZZHQ,Male  ,0,Yes    ,Yes       ,30,Yes         ,No              ,Fiber optic    ,No                 ,No                 ,No                 ,Month-to-month,No              ,Bank transfer (automatic),82.05,California,Redondo Beach         ,33.830453,-118.384565,32,Yes    ,Yes              ,5,Offer C,21,No             ,No            ,0.0,120,185.7,2875.9,Medium,0,1,1,Resolved
7410-KTVFV,Male  ,0,Yes    ,No        ,18,Yes         ,No              ,DSL            ,No                 ,No                 ,No                 ,Month-to-month,Yes             ,Mailed check             ,49.55,California,Grimes                ,39.033058,-121.895718,53,Yes    ,Yes              ,1,None   ,26,No             ,Yes           ,0.0,0,342.90000000000003,1221.25,Low,9,1,10,Resolved
3315-IKYZQ,Male  ,0,Yes    ,Yes       ,28,No          ,No phone service,DSL            ,Yes                ,Yes                ,No                 ,One year      ,No              ,Mailed check             ,50.8,California,Los Angeles           ,34.051809,-118.383843,42,Yes    ,Yes              ,2,Offer C,19,No             ,Yes           ,0.0,0,0.0,1386.8,High,0,5,5,Resolved
2640-PMGFL,Male  ,0,No     ,Yes       ,27,Yes         ,Yes             ,Fiber optic    ,Yes                ,No                 ,No                 ,Month-to-month,Yes             ,Electronic check         ,79.5,California,West Sacramento       ,38.592745,-121.540036,35,No     ,No               ,0,None   ,29,No             ,Yes           ,0.0,0,667.4399999999999,2847.99,Low,10,1,11,Resolved
4644-PIZRT,Male  ,0,Yes    ,Yes       ,17,Yes         ,Yes             ,DSL            ,No                 ,Yes                ,No                 ,One year      ,Yes             ,Bank transfer (automatic),70.35,California,Long Barn             ,38.109125,-120.078597,36,Yes    ,Yes              ,5,None   ,76,No             ,Yes           ,0.0,0,565.08,1766.73,Medium,0,4,4,Resolved
4304-XUMGI,Male  ,1,Yes    ,Yes       ,50,Yes         ,Yes             ,DSL            ,No                 ,No                 ,Yes                ,Two year      ,Yes             ,Bank transfer (automatic),75.15,California,Moreno Valley         ,33.970661,-117.255039,74,Yes    ,Yes              ,3,None   ,18,Yes            ,Yes           ,0.0,0,1645.0,5467.45,High,0,4,4,Resolved
2929-ERCFZ,Female,0,Yes    ,Yes       ,8,Yes         ,No              ,Fiber optic    ,No                 ,Yes                ,Yes                ,Month-to-month,Yes             ,Electronic check         ,94.2,California,Independence          ,36.869584,-118.189241,22,Yes    ,Yes              ,1,Offer E,76,Yes            ,Yes           ,0.0,0,310.64,1087.94,Low,8,1,9,Resolved
0495-RVCBF,Female,0,No     ,No        ,1,Yes         ,No              ,Fiber optic    ,No                 ,No                 ,Yes                ,Month-to-month,Yes             ,Electronic check         ,79.7,California,Santa Rosa            ,38.460517,-122.790335,39,No     ,No               ,0,None   ,26,Yes            ,Yes           ,0.0,0,33.88,113.58,Medium,7,0,7,Resolved
2234-EOFPT,Male  ,0,Yes    ,No        ,72,Yes         ,No              ,DSL            ,Yes                ,Yes                ,Yes                ,Two year      ,Yes             ,Bank transfer (automatic),79.35,California,Santa Ana             ,33.748478,-117.858918,48,Yes    ,Yes              ,2,None   ,14,Yes            ,No            ,0.0,40,2145.6,7938.85,Medium,0,6,6,Resolved
6567-HOOPW,Female,1,No     ,No        ,1,Yes         ,No              ,Fiber optic    ,No                 ,Yes                ,No                 ,Month-to-month,Yes             ,Electronic check         ,79.2,California,Folsom                ,38.672638,-121.147403,69,No     ,No               ,0,None   ,24,No             ,Yes           ,0.0,0,20.06,99.26,Medium,7,0,7,Resolved
0640-YJTPY,Male  ,0,Yes    ,Yes       ,72,Yes         ,No              ,No             ,No internet service,No internet service,No internet service,Two year      ,No              ,Bank transfer (automatic),21.0,California,Smartville            ,39.176595,-121.291692,19,Yes    ,Yes              ,3,Offer A,0,No             ,No            ,0.0,0,410.4,1904.15,High,7,1,8,Resolved
4664-NJCMS,Female,0,Yes    ,No        ,33,No          ,No phone service,DSL            ,Yes                ,Yes                ,Yes                ,Two year      ,No              ,Bank transfer (automatic),59.55,California,San Francisco         ,37.802071,-122.411004,52,Yes    ,Yes              ,7,Offer C,7,Yes            ,Yes           ,0.0,0,0.0,2016.3,Medium,6,1,7,Resolved
8988-ECPJR,Female,1,Yes    ,Yes       ,34,Yes         ,Yes             ,Fiber optic    ,No                 ,No                 ,No                 ,Month-to-month,Yes             ,Mailed check             ,79.6,California,Van Nuys              ,34.17847,-118.459472,79,Yes    ,Yes              ,1,Offer C,15,No             ,Yes           ,0.0,0,878.56,3596.86,Low,6,0,6,Resolved
1428-GTBJJ,Male  ,0,No     ,No        ,11,Yes         ,No              ,Fiber optic    ,No                 ,No                 ,No                 ,Month-to-month,Yes             ,Electronic check         ,74.55,California,Jenner                ,38.505995,-123.187019,20,No     ,No               ,0,None   ,41,No             ,Yes           ,0.0,0,59.400000000000006,884.15,Low,8,1,9,Resolved
3768-NLUBH,Male  ,1,Yes    ,No        ,57,Yes         ,Yes             ,Fiber optic    ,No                 ,Yes                ,Yes                ,Month-to-month,No              ,Electronic check         ,100.6,California,Torrance              ,33.840399,-118.353714,73,Yes    ,Yes              ,1,Offer B,3,No             ,Yes           ,0.0,0,2399.7000000000003,8145.85,Low,7,1,8,Resolved
7639-LIAYI,Male  ,0,No     ,No        ,52,Yes         ,Yes             ,DSL            ,Yes                ,Yes                ,Yes                ,Two year      ,Yes             ,Credit card (automatic)  ,79.75,California,Los Angeles           ,34.061918,-118.277939,23,No     ,No               ,0,Offer B,73,Yes            ,Yes           ,0.0,0,1516.32,5734.12,High,1,5,6,Resolved
3580-HYCSP,Male  ,0,Yes    ,Yes       ,72,Yes         ,Yes             ,Fiber optic    ,No                 ,Yes                ,Yes                ,Two year      ,Yes             ,Bank transfer (automatic),110.3,California,Midway City           ,33.744439,-117.98588,44,Yes    ,Yes              ,10,None   ,51,Yes            ,Yes           ,0.0,0,2376.72,10343.62,Medium,7,0,7,Resolved
3398-ZOUAA,Male  ,1,Yes    ,No        ,21,Yes         ,No              ,Fiber optic    ,No                 ,No                 ,No                 ,Month-to-month,Yes             ,Electronic check         ,69.1,California,Redwood City          ,37.499411,-122.196318,76,Yes    ,Yes              ,1,Offer D,18,No             ,Yes           ,0.0,0,414.54,1889.29,Low,6,0,6,NotResolved
0303-WMMRN,Male  ,0,No     ,No        ,5,Yes         ,No              ,No             ,No internet service,No internet service,No internet service,Month-to-month,Yes             ,Mailed check             ,19.25,California,Glendale              ,34.182378,-118.262922,32,No     ,No               ,0,None   ,0,No             ,No            ,0.0,0,105.05,191.1,Medium,1,3,4,Resolved
6376-GAHQE,Male  ,0,No     ,No        ,4,Yes         ,No              ,Fiber optic    ,No                 ,Yes                ,No                 ,Month-to-month,No              ,Electronic check         ,77.85,California,Dutch Flat            ,39.197215,-120.83679,48,No     ,No               ,0,Offer E,28,No             ,No            ,0.0,10,171.2,480.4,Low,6,1,7,Resolved
9084-OAYKL,Male  ,0,No     ,No        ,58,Yes         ,No              ,No             ,No internet service,No internet service,No internet service,Two year      ,No              ,Mailed check             ,20.8,California,Little River          ,39.245911,-123.77214,29,No     ,No               ,0,Offer B,0,No             ,No            ,0.0,0,2843.1600000000003,4055.41,High,8,1,9,Resolved
2391-IPLOP,Male  ,0,Yes    ,Yes       ,50,Yes         ,Yes             ,DSL            ,Yes                ,Yes                ,No                 ,One year      ,Yes             ,Electronic check         ,69.65,California,Corcoran              ,36.04533,-119.532424,25,Yes    ,Yes              ,6,Offer B,58,No             ,Yes           ,0.0,0,716.0,4158.15,High,0,3,3,Resolved
9418-RUKPH,Female,0,Yes    ,Yes       ,38,Yes         ,No              ,No             ,No internet service,No internet service,No internet service,Two year      ,Yes             ,Mailed check             ,19.95,California,Newark                ,37.504133,-122.032347,26,Yes    ,Yes              ,7,Offer C,0,No             ,No            ,0.0,0,1896.2,2652.6,High,7,1,8,Resolved
3657-COGMW,Female,1,No     ,No        ,52,Yes         ,Yes             ,Fiber optic    ,No                 ,Yes                ,Yes                ,Month-to-month,No              ,Credit card (automatic)  ,108.1,California,San Luis Obispo       ,35.236549,-120.727344,76,No     ,No               ,0,None   ,18,No             ,Yes           ,0.0,0,572.52,6411.82,High,6,1,7,Resolved
3572-UUHRS,Male  ,0,No     ,No        ,45,Yes         ,No              ,No             ,No internet service,No internet service,No internet service,One year      ,No              ,Bank transfer (automatic),18.85,California,Castro Valley         ,37.708327,-122.083473,47,No     ,No               ,0,None   ,0,No             ,No            ,0.0,0,1826.55,2693.8500000000004,High,7,0,7,Resolved
6865-JZNKO,Female,0,No     ,No        ,30,Yes         ,No              ,DSL            ,No                 ,No                 ,No                 ,Month-to-month,Yes             ,Bank transfer (automatic),55.3,California,Los Angeles           ,34.127194,-118.295647,25,No     ,No               ,0,None   ,27,No             ,Yes           ,0.0,0,582.3,2112.9,High,6,0,6,Resolved
4822-YCXMX,Male  ,0,No     ,No        ,25,Yes         ,Yes             ,Fiber optic    ,No                 ,No                 ,Yes                ,Month-to-month,Yes             ,Electronic check         ,84.8,California,Fresno                ,36.78724,-119.827813,64,No     ,No               ,0,Offer C,22,Yes            ,Yes           ,0.0,0,207.75,2251.2,Low,7,1,8,Resolved
8718-PTMEZ,Female,0,No     ,No        ,13,No          ,No phone service,DSL            ,No                 ,No                 ,No                 ,Month-to-month,Yes             ,Electronic check         ,31.05,California,Lake Elsinore         ,33.655421,-117.391751,46,No     ,No               ,0,None   ,16,No             ,Yes           ,0.0,0,0.0,347.25,Low,9,0,9,Resolved
1355-KUSBG,Female,0,Yes    ,Yes       ,7,Yes         ,Yes             ,DSL            ,No                 ,No                 ,No                 ,Month-to-month,No              ,Electronic check         ,48.8,California,Fall River Mills      ,41.017282,-121.468945,56,Yes    ,Yes              ,1,Offer E,28,No             ,Yes           ,0.0,0,63.7,413.5,High,1,6,7,Resolved
7964-YESJC,Female,0,Yes    ,No        ,24,Yes         ,Yes             ,DSL            ,No                 ,No                 ,No                 ,Month-to-month,No              ,Mailed check             ,66.3,California,Moorpark              ,34.312945,-118.858169,21,Yes    ,Yes              ,6,None   ,27,No             ,Yes           ,32.59,0,223.2,1750.0600000000002,Medium,0,5,5,Resolved
7048-GXDAY,Male  ,0,No     ,No        ,39,Yes         ,Yes             ,Fiber optic    ,No                 ,Yes                ,Yes                ,Month-to-month,Yes             ,Electronic check         ,106.4,California,Fresno                ,36.78724,-119.827813,55,No     ,No               ,0,Offer C,30,Yes            ,Yes           ,0.0,0,669.6300000000001,4710.280000000001,High,6,0,6,Resolved
2404-JIBFC,Female,0,Yes    ,Yes       ,55,Yes         ,Yes             ,DSL            ,Yes                ,Yes                ,Yes                ,Two year      ,Yes             ,Bank transfer (automatic),85.1,California,Anaheim               ,33.818,-117.974404,37,Yes    ,Yes              ,1,None   ,52,Yes            ,Yes           ,0.0,0,461.4500000000001,5119.4,Medium,6,1,7,Resolved
8372-JUXUI,Male  ,0,No     ,Yes       ,1,Yes         ,Yes             ,Fiber optic    ,No                 ,No                 ,No                 ,Month-to-month,Yes             ,Electronic check         ,74.35,California,San Bernardino        ,34.106922,-117.297553,32,No     ,No               ,0,None   ,2,No             ,Yes           ,0.0,0,14.02,88.36999999999999,Low,9,0,9,Resolved
3217-FZDMN,Female,1,No     ,No        ,8,Yes         ,No              ,Fiber optic    ,No                 ,Yes                ,Yes                ,Month-to-month,Yes             ,Credit card (automatic)  ,94.45,California,Los Angeles           ,33.973616,-118.24902,66,No     ,No               ,0,Offer E,8,No             ,Yes           ,0.0,0,41.68,784.63,Low,8,1,9,Resolved
4712-UYOOI,Female,0,Yes    ,Yes       ,20,Yes         ,No              ,No             ,No internet service,No internet service,No internet service,Month-to-month,No              ,Electronic check         ,20.0,California,Santa Cruz            ,36.993451,-122.098858,21,Yes    ,Yes              ,4,None   ,0,No             ,No            ,9.73,0,772.0,1179.92,Medium,7,1,8,Resolved
3506-LCJDC,Male  ,0,Yes    ,Yes       ,1,Yes         ,No              ,No             ,No internet service,No internet service,No internet service,Month-to-month,No              ,Bank transfer (automatic),19.95,California,Modesto               ,37.612612,-121.108568,52,Yes    ,Yes              ,1,None   ,0,No             ,No            ,0.0,0,8.03,27.98,Low,7,0,7,Resolved
5536-SLHPM,Female,0,Yes    ,No        ,55,Yes         ,Yes             ,Fiber optic    ,No                 ,No                 ,No                 ,Month-to-month,Yes             ,Electronic check         ,77.75,California,Temecula              ,33.507255,-117.029473,38,Yes    ,Yes              ,5,None   ,4,No             ,Yes           ,0.0,0,1067.55,5525.7,Low,7,0,7,NotResolved
3873-NFTGI,Male  ,0,No     ,No        ,14,Yes         ,Yes             ,DSL            ,No                 ,No                 ,No                 ,Month-to-month,Yes             ,Credit card (automatic)  ,55.5,California,Fresno                ,36.768774,-119.762633,54,No     ,No               ,0,Offer D,21,No             ,Yes           ,0.0,0,258.72,1026.27,High,6,0,6,Resolved
0319-QZTCO,Female,0,Yes    ,Yes       ,3,Yes         ,No              ,DSL            ,No                 ,Yes                ,No                 ,Month-to-month,Yes             ,Credit card (automatic)  ,58.7,California,Santa Rosa            ,38.460517,-122.790335,25,Yes    ,Yes              ,9,Offer E,51,No             ,Yes           ,0.0,0,34.410000000000004,203.01,Medium,1,6,7,NotResolved
5453-AXEPF,Male  ,0,Yes    ,No        ,17,Yes         ,Yes             ,Fiber optic    ,No                 ,No                 ,No                 ,Month-to-month,Yes             ,Bank transfer (automatic),80.5,California,San Jose              ,37.42765,-121.945416,31,Yes    ,Yes              ,7,Offer D,8,No             ,Yes           ,0.0,0,794.07,2130.9700000000003,High,7,1,8,Resolved
6481-OGDOO,Male  ,0,Yes    ,No        ,67,Yes         ,No              ,Fiber optic    ,No                 ,No                 ,Yes                ,One year      ,Yes             ,Credit card (automatic)  ,90.6,California,San Diego             ,32.961064,-117.134917,31,Yes    ,Yes              ,1,Offer A,5,Yes            ,Yes           ,0.0,0,2060.25,8116.4,Low,7,1,8,Resolved
6770-UAYGJ,Female,0,Yes    ,Yes       ,49,Yes         ,Yes             ,No             ,No internet service,No internet service,No internet service,Two year      ,No              ,Mailed check             ,25.25,California,Lebec                 ,34.845861,-118.885163,23,Yes    ,Yes              ,8,None   ,0,No             ,No            ,0.0,0,1648.85,2860.5,Medium,0,4,4,Resolved
8840-DQLGN,Female,1,Yes    ,No        ,35,Yes         ,Yes             ,Fiber optic    ,Yes                ,Yes                ,No                 ,Month-to-month,Yes             ,Bank transfer (automatic),100.5,California,Burbank               ,34.177267,-118.31003,65,Yes    ,Yes              ,1,None   ,22,No             ,Yes           ,0.0,0,559.3000000000001,4212.65,Low,8,0,8,Resolved
0322-YINQP,Male  ,0,No     ,No        ,1,Yes         ,No              ,DSL            ,No                 ,No                 ,No                 ,Month-to-month,Yes             ,Mailed check             ,48.55,California,Covina                ,34.084747,-117.886844,37,No     ,No               ,0,None   ,9,No             ,Yes           ,0.0,0,11.35,59.9,Low,7,1,8,NotResolved
2393-DIVAI,Female,0,No     ,No        ,3,Yes         ,No              ,No             ,No internet service,No internet service,No internet service,Month-to-month,Yes             ,Mailed check             ,20.0,California,Brea                  ,33.930199,-117.862898,40,No     ,No               ,0,Offer E,0,No             ,No            ,0.0,0,46.11,107.81,Medium,1,3,4,Resolved
1830-GGFNM,Male  ,0,Yes    ,Yes       ,65,Yes         ,Yes             ,Fiber optic    ,Yes                ,No                 ,No                 ,Two year      ,No              ,Credit card (automatic)  ,94.55,California,Somerset              ,38.606703,-120.586659,35,Yes    ,Yes              ,6,Offer B,19,No             ,Yes           ,0.0,0,1269.45,7348.2,High,0,4,4,Resolved
5729-KLZAR,Female,0,Yes    ,Yes       ,4,Yes         ,No              ,Fiber optic    ,No                 ,No                 ,Yes                ,Month-to-month,No              ,Electronic check         ,80.85,California,Sacramento            ,38.550722,-121.457314,22,Yes    ,Yes              ,1,Offer E,59,Yes            ,No            ,0.0,40,177.12,519.87,Low,7,1,8,Resolved
6629-CZTTH,Male  ,0,No     ,No        ,1,Yes         ,No              ,DSL            ,No                 ,No                 ,Yes                ,Month-to-month,Yes             ,Mailed check             ,55.7,California,Orange                ,33.828779,-117.848299,62,No     ,No               ,0,None   ,22,Yes            ,Yes           ,0.0,0,48.22,103.92,Low,7,1,8,Resolved
3070-BDOQC,Female,0,No     ,No        ,60,Yes         ,No              ,Fiber optic    ,No                 ,Yes                ,Yes                ,Two year      ,Yes             ,Electronic check         ,99.65,California,Sacramento            ,38.549185,-121.328386,38,No     ,No               ,0,None   ,21,Yes            ,Yes           ,0.0,0,1008.6,6949.65,High,0,5,5,Resolved
2959-EEXWB,Female,0,Yes    ,Yes       ,45,No          ,No phone service,DSL            ,No                 ,Yes                ,Yes                ,Month-to-month,Yes             ,Bank transfer (automatic),50.9,California,Pasadena              ,34.13946,-118.166649,54,Yes    ,Yes              ,10,Offer B,18,Yes            ,Yes           ,0.0,0,0.0,2333.85,Medium,6,0,6,Resolved
0939-YAPAF,Female,0,No     ,No        ,35,Yes         ,Yes             ,Fiber optic    ,No                 ,Yes                ,Yes                ,Month-to-month,Yes             ,Electronic check         ,100.25,California,Santa Ana             ,33.748478,-117.858918,44,No     ,No               ,0,Offer C,17,Yes            ,Yes           ,0.0,0,367.15,3894.75,Medium,7,0,7,NotResolved
0093-XWZFY,Male  ,0,No     ,No        ,40,Yes         ,Yes             ,Fiber optic    ,No                 ,Yes                ,Yes                ,Month-to-month,Yes             ,Credit card (automatic)  ,104.5,California,Desert Hot Springs    ,33.832799,-116.250973,51,No     ,No               ,0,None   ,15,Yes            ,Yes           ,0.0,0,1507.6,5544.45,Low,9,1,10,Resolved
7989-VCQOH,Male  ,0,Yes    ,Yes       ,18,Yes         ,No              ,DSL            ,Yes                ,Yes                ,Yes                ,Month-to-month,No              ,Electronic check         ,83.25,California,Auberry               ,36.991762,-119.242874,29,Yes    ,Yes              ,3,None   ,59,Yes            ,Yes           ,0.0,0,185.22,1796.37,Medium,0,5,5,Resolved
3059-NGMXB,Male  ,0,Yes    ,Yes       ,14,Yes         ,Yes             ,DSL            ,No                 ,No                 ,Yes                ,Month-to-month,No              ,Mailed check             ,69.2,California,San Jose              ,37.257063,-121.923037,52,Yes    ,Yes              ,8,Offer D,76,Yes            ,Yes           ,0.0,0,41.44,986.09,Medium,0,3,3,Resolved
8404-VLQFB,Female,0,Yes    ,Yes       ,15,Yes         ,Yes             ,No             ,No internet service,No internet service,No internet service,Month-to-month,Yes             ,Electronic check         ,25.25,California,California Hot Springs,35.865795,-118.69759,21,Yes    ,Yes              ,1,None   ,0,No             ,No            ,0.0,0,443.25,838.1,Medium,0,6,6,Resolved
4274-OWWYO,Male  ,0,No     ,No        ,1,Yes         ,No              ,Fiber optic    ,No                 ,No                 ,No                 ,Month-to-month,Yes             ,Electronic check         ,74.35,California,Walnut Grove          ,38.240419,-121.587535,56,No     ,No               ,0,None   ,11,No             ,Yes           ,0.0,0,4.8,79.14999999999999,Medium,6,0,6,Resolved
7225-CBZPL,Male  ,1,Yes    ,No        ,17,Yes         ,Yes             ,Fiber optic    ,No                 ,Yes                ,Yes                ,Month-to-month,Yes             ,Electronic check         ,94.8,California,Earlimart             ,35.858054,-119.305858,79,Yes    ,Yes              ,7,None   ,13,No             ,Yes           ,0.0,0,789.48,2353.38,Medium,0,5,5,Resolved
9137-NOQKA,Male  ,1,No     ,No        ,2,Yes         ,No              ,No             ,No internet service,No internet service,No internet service,Month-to-month,No              ,Electronic check         ,19.2,California,South San Francisco   ,37.654436,-122.426468,80,No     ,No               ,0,None   ,0,No             ,No            ,0.0,0,14.06,51.260000000000005,High,0,3,3,NotResolved
9462-MJUAW,Male  ,0,No     ,No        ,4,Yes         ,Yes             ,DSL            ,No                 ,No                 ,No                 ,Month-to-month,No              ,Mailed check             ,50.4,California,Berkeley              ,37.897743,-122.263124,60,No     ,No               ,0,None   ,10,No             ,Yes           ,0.0,0,121.76,328.36,Low,9,1,10,Resolved
2886-KEFUM,Female,0,Yes    ,No        ,63,Yes         ,Yes             ,Fiber optic    ,No                 ,Yes                ,Yes                ,One year      ,Yes             ,Electronic check         ,107.5,California,Big Bend              ,41.096569,-121.879082,50,Yes    ,Yes              ,1,None   ,21,Yes            ,No            ,0.0,60,121.59,7055.34,Medium,9,1,10,Resolved
1518-VOWAV,Female,0,No     ,No        ,9,Yes         ,No              ,DSL            ,No                 ,Yes                ,Yes                ,Month-to-month,Yes             ,Electronic check         ,74.65,California,Montague              ,41.759864,-122.379175,31,No     ,No               ,0,Offer E,16,Yes            ,Yes           ,0.0,0,327.87,1031.42,Low,9,0,9,NotResolved
7426-GSWPO,Male  ,1,No     ,No        ,64,Yes         ,Yes             ,Fiber optic    ,No                 ,Yes                ,Yes                ,Month-to-month,Yes             ,Bank transfer (automatic),103.5,California,Portola               ,39.786755,-120.445626,78,No     ,No               ,0,Offer B,18,Yes            ,Yes           ,0.0,0,1228.8,7777.45,Medium,6,1,7,Resolved
2930-UOTMB,Female,0,No     ,No        ,31,Yes         ,Yes             ,DSL            ,Yes                ,No                 ,No                 ,Month-to-month,No              ,Credit card (automatic)  ,65.25,California,Riverside             ,33.930931,-117.361788,29,No     ,No               ,0,Offer C,52,No             ,No            ,0.0,120,965.34,3079.6400000000003,Low,6,0,6,Resolved
2150-WLKUW,Female,0,Yes    ,No        ,40,Yes         ,Yes             ,DSL            ,No                 ,Yes                ,No                 ,One year      ,No              ,Bank transfer (automatic),63.9,California,Banning               ,33.936298,-116.849577,27,Yes    ,Yes              ,4,Offer B,52,No             ,Yes           ,0.0,0,1684.0,4319.0,Medium,0,5,5,Resolved
9490-DFPMD,Female,1,No     ,No        ,42,Yes         ,Yes             ,Fiber optic    ,No                 ,Yes                ,No                 ,Month-to-month,Yes             ,Electronic check         ,84.65,California,Tahoma                ,39.061227,-120.179546,79,No     ,No               ,0,None   ,17,No             ,Yes           ,0.0,0,400.26,3941.61,Low,7,0,7,Resolved
3131-NWVFJ,Female,0,Yes    ,Yes       ,14,Yes         ,No              ,No             ,No internet service,No internet service,No internet service,One year      ,No              ,Mailed check             ,19.55,California,Pioneer               ,38.546999,-120.271114,56,Yes    ,Yes              ,9,None   ,0,No             ,No            ,0.0,0,266.42,560.9200000000001,Medium,1,5,6,Resolved
1935-IMVBB,Male  ,0,Yes    ,No        ,56,Yes         ,No              ,Fiber optic    ,No                 ,Yes                ,Yes                ,Month-to-month,No              ,Mailed check             ,89.7,California,San Diego             ,32.741852,-117.243453,43,Yes    ,Yes              ,1,None   ,14,Yes            ,Yes           ,41.66,0,212.24,5123.53,High,1,5,6,Resolved
9317-WZPGV,Female,1,No     ,No        ,2,Yes         ,No              ,Fiber optic    ,No                 ,No                 ,Yes                ,Month-to-month,Yes             ,Bank transfer (automatic),79.75,California,Paskenta              ,39.884395,-122.587513,74,No     ,No               ,0,Offer E,23,No             ,No            ,0.0,10,79.26,248.66000000000005,Medium,7,1,8,Resolved
4550-EVXNY,Female,0,No     ,Yes       ,1,Yes         ,No              ,Fiber optic    ,No                 ,No                 ,No                 ,Month-to-month,Yes             ,Electronic check         ,69.65,California,San Francisco         ,37.786031,-122.437301,52,No     ,No               ,0,Offer E,8,No             ,Yes           ,0.0,0,49.24,118.89,Low,7,1,8,Resolved
4849-PYRLQ,Female,1,No     ,No        ,56,Yes         ,Yes             ,DSL            ,Yes                ,No                 ,Yes                ,Two year      ,No              ,Bank transfer (automatic),73.25,California,Fremont               ,37.572273,-121.964583,80,No     ,No               ,0,None   ,8,No             ,Yes           ,17.16,0,2088.8,6125.84,Medium,0,3,3,Resolved
5322-TEUJK,Female,0,Yes    ,Yes       ,71,Yes         ,Yes             ,Fiber optic    ,Yes                ,Yes                ,Yes                ,Two year      ,No              ,Bank transfer (automatic),114.6,California,Duncans Mills         ,38.445603,-123.063756,45,Yes    ,Yes              ,5,None   ,29,Yes            ,Yes           ,0.0,0,348.61,8448.86,High,7,1,8,Resolved
8868-GAGIO,Male  ,0,Yes    ,No        ,45,Yes         ,Yes             ,Fiber optic    ,No                 ,No                 ,No                 ,Month-to-month,Yes             ,Mailed check             ,84.55,California,Sunnyvale             ,37.421633,-122.009613,49,Yes    ,Yes              ,8,None   ,15,No             ,Yes           ,0.0,0,1026.0,4739.95,Medium,0,5,5,Resolved
6609-MXJHJ,Female,0,Yes    ,Yes       ,30,Yes         ,Yes             ,No             ,No internet service,No internet service,No internet service,Two year      ,Yes             ,Mailed check             ,25.1,California,Long Beach            ,33.823943,-118.111335,39,Yes    ,Yes              ,6,Offer C,0,No             ,No            ,15.41,0,1416.3,2190.44,Medium,0,4,4,Resolved
1897-RCFUM,Female,0,Yes    ,Yes       ,39,Yes         ,Yes             ,No             ,No internet service,No internet service,No internet service,One year      ,Yes             ,Mailed check             ,24.2,California,Point Arena           ,38.911299,-123.609588,31,Yes    ,Yes              ,1,None   ,0,No             ,No            ,0.0,0,229.32,1143.92,Medium,6,0,6,Resolved
2384-OVPSA,Female,1,No     ,No        ,38,Yes         ,No              ,No             ,No internet service,No internet service,No internet service,Two year      ,No              ,Mailed check             ,20.2,California,Caruthers             ,36.5276,-119.865999,65,No     ,No               ,0,None   ,0,No             ,No            ,0.0,0,155.42,891.3199999999999,Medium,7,0,7,Resolved
5791-KAJFD,Female,0,Yes    ,Yes       ,56,Yes         ,Yes             ,DSL            ,No                 ,No                 ,Yes                ,One year      ,Yes             ,Bank transfer (automatic),68.75,California,Newport Beach         ,33.606336,-117.893042,58,Yes    ,Yes              ,2,None   ,8,Yes            ,Yes           ,0.0,0,2400.16,6208.16,Medium,6,0,6,Resolved
0696-UKTOX,Male  ,0,No     ,Yes       ,23,Yes         ,No              ,DSL            ,Yes                ,No                 ,No                 ,Month-to-month,No              ,Electronic check         ,54.15,California,North Hills           ,34.238802,-118.482296,64,No     ,No               ,0,None   ,27,No             ,No            ,0.0,40,193.2,1545.65,High,8,0,8,Resolved
5499-ECUTN,Female,0,Yes    ,No        ,47,Yes         ,No              ,DSL            ,No                 ,Yes                ,No                 ,One year      ,Yes             ,Credit card (automatic)  ,66.05,California,Shafter               ,35.490705,-119.286833,49,Yes    ,Yes              ,1,None   ,11,No             ,No            ,0.0,40,308.32,3369.77,High,7,0,7,Resolved
4800-CZMPC,Female,0,Yes    ,Yes       ,48,Yes         ,Yes             ,Fiber optic    ,No                 ,Yes                ,Yes                ,One year      ,Yes             ,Credit card (automatic)  ,103.25,California,Delano                ,35.772244,-119.209689,24,Yes    ,Yes              ,1,Offer B,47,Yes            ,Yes           ,0.0,0,305.28000000000003,5342.83,Low,7,1,8,Resolved
5380-AFSSK,Female,0,No     ,No        ,5,Yes         ,Yes             ,Fiber optic    ,No                 ,Yes                ,Yes                ,Month-to-month,Yes             ,Mailed check             ,93.9,California,Bella Vista           ,40.722733,-122.109666,44,No     ,No               ,0,None   ,10,Yes            ,Yes           ,0.0,0,232.25,719.1,Low,9,1,10,Resolved
2968-SSGAA,Female,0,No     ,No        ,10,Yes         ,Yes             ,Fiber optic    ,No                 ,Yes                ,Yes                ,Month-to-month,Yes             ,Electronic check         ,100.6,California,San Francisco         ,37.770533,-122.445121,41,No     ,No               ,0,None   ,3,Yes            ,Yes           ,0.0,0,452.1,1512.3000000000002,Low,7,1,8,Resolved
3071-VBYPO,Male  ,0,Yes    ,Yes       ,3,Yes         ,No              ,Fiber optic    ,No                 ,Yes                ,No                 ,Month-to-month,No              ,Electronic check         ,89.85,California,Whittier              ,33.929704,-118.01208,38,Yes    ,Yes              ,1,Offer E,12,No             ,Yes           ,0.0,0,99.9,348.3,Medium,0,3,3,Resolved
7767-UXAGJ,Male  ,0,No     ,No        ,1,Yes         ,Yes             ,DSL            ,No                 ,No                 ,No                 ,Month-to-month,Yes             ,Electronic check         ,50.45,California,Colfax                ,39.084645,-120.894014,37,No     ,No               ,0,None   ,9,No             ,Yes           ,0.0,0,28.25,78.7,Medium,6,1,7,Resolved
6996-KNSML,Female,0,No     ,No        ,1,Yes         ,No              ,Fiber optic    ,No                 ,No                 ,No                 ,Month-to-month,Yes             ,Electronic check         ,74.9,California,Cotati                ,38.326215,-122.718742,26,No     ,No               ,0,None   ,30,No             ,Yes           ,0.0,0,35.25,110.15,Low,7,0,7,Resolved
5458-CQJTA,Male  ,0,Yes    ,Yes       ,65,Yes         ,No              ,DSL            ,Yes                ,Yes                ,Yes                ,Two year      ,Yes             ,Bank transfer (automatic),74.8,California,Smith River           ,41.950683,-124.097094,56,Yes    ,Yes              ,1,Offer B,30,Yes            ,Yes           ,0.0,0,2630.55,7450.699999999999,Low,8,1,9,Resolved
5337-IIWKZ,Male  ,0,Yes    ,Yes       ,34,No          ,No phone service,DSL            ,Yes                ,Yes                ,No                 ,Month-to-month,Yes             ,Electronic check         ,44.85,California,Sultana               ,36.545353,-119.338535,35,Yes    ,Yes              ,2,Offer C,76,No             ,Yes           ,0.0,0,0.0,1442.6,High,0,5,5,Resolved
4585-HETAI,Female,0,Yes    ,Yes       ,4,Yes         ,No              ,Fiber optic    ,No                 ,No                 ,No                 ,Month-to-month,Yes             ,Electronic check         ,73.75,California,Huntington Park       ,33.97803,-118.217141,25,Yes    ,Yes              ,5,None   ,58,Yes            ,Yes           ,0.0,0,193.92,519.37,Low,8,0,8,Resolved
4625-EWPTF,Male  ,0,No     ,No        ,8,No          ,No phone service,DSL            ,No                 ,No                 ,No                 ,Month-to-month,Yes             ,Electronic check         ,30.45,California,Pasadena              ,34.165383,-118.123752,55,No     ,No               ,0,Offer E,4,No             ,No            ,0.0,0,0.0,226.45,Low,9,0,9,Resolved
9564-KCLHR,Male  ,0,No     ,No        ,1,Yes         ,No              ,DSL            ,Yes                ,No                 ,No                 ,Month-to-month,No              ,Mailed check             ,51.25,California,San Diego             ,32.71346,-117.236378,58,No     ,No               ,0,None   ,4,No             ,Yes           ,0.0,0,6.44,57.69,Low,9,1,10,Resolved
2789-HQBOU,Male  ,0,No     ,No        ,3,Yes         ,No              ,Fiber optic    ,No                 ,No                 ,Yes                ,Month-to-month,Yes             ,Electronic check         ,80.35,California,Bakersfield           ,35.449881,-118.841442,60,No     ,No               ,0,Offer E,26,Yes            ,Yes           ,0.0,0,148.89,402.69000000000005,High,0,6,6,Resolved
8623-TMRBY,Male  ,1,Yes    ,Yes       ,51,Yes         ,Yes             ,Fiber optic    ,No                 ,No                 ,No                 ,Month-to-month,Yes             ,Electronic check         ,84.2,California,Chula Vista           ,32.605012,-116.97595,80,Yes    ,Yes              ,2,Offer B,22,No             ,Yes           ,0.0,0,2222.58,6368.63,Low,7,1,8,NotResolved
9835-ZIITK,Male  ,1,Yes    ,No        ,66,Yes         ,Yes             ,Fiber optic    ,Yes                ,Yes                ,Yes                ,One year      ,Yes             ,Electronic check         ,110.85,California,Campbell              ,37.279689,-121.954567,66,Yes    ,Yes              ,1,None   ,13,No             ,Yes           ,0.0,0,3225.42,10717.17,Low,7,0,7,Resolved
5799-JRCZO,Female,0,No     ,Yes       ,63,Yes         ,No              ,No             ,No internet service,No internet service,No internet service,Two year      ,No              ,Credit card (automatic)  ,19.5,California,North San Juan        ,39.423046,-120.984472,48,No     ,No               ,0,None   ,0,No             ,No            ,0.0,0,1532.16,2747.26,High,1,5,6,Resolved
9139-WQQDY,Female,0,Yes    ,Yes       ,49,Yes         ,Yes             ,Fiber optic    ,No                 ,Yes                ,Yes                ,One year      ,No              ,Mailed check             ,100.45,California,San Diego             ,32.747484,-117.166877,35,Yes    ,Yes              ,1,None   ,19,Yes            ,Yes           ,0.0,0,1292.13,6233.93,Medium,9,1,10,Resolved
2667-WYLWJ,Female,0,Yes    ,Yes       ,8,Yes         ,No              ,No             ,No internet service,No internet service,No internet service,One year      ,Yes             ,Mailed check             ,19.75,California,Dunnigan              ,38.931425,-121.946081,44,Yes    ,Yes              ,1,Offer E,0,No             ,No            ,0.0,0,369.04,514.04,Medium,8,1,9,Resolved
0378-TOVMS,Female,0,No     ,No        ,3,Yes         ,No              ,Fiber optic    ,Yes                ,No                 ,Yes                ,Month-to-month,No              ,Electronic check         ,85.8,California,Vernalis              ,37.609095,-121.263381,20,No     ,No               ,0,None   ,73,Yes            ,Yes           ,0.0,0,31.8,304.0,Low,8,0,8,Resolved
4139-SUGLD,Male  ,0,Yes    ,Yes       ,31,No          ,No phone service,DSL            ,Yes                ,No                 ,No                 ,Month-to-month,No              ,Bank transfer (automatic),35.4,California,Santa Clara           ,37.393554,-121.965114,41,Yes    ,Yes              ,1,None   ,23,No             ,Yes           ,0.0,0,0.0,1077.5,Low,7,0,7,Resolved
5159-YFPKQ,Female,0,No     ,No        ,2,Yes         ,No              ,Fiber optic    ,No                 ,No                 ,No                 ,Month-to-month,Yes             ,Electronic check         ,75.8,California,Moreno Valley         ,33.88274,-117.224878,37,No     ,No               ,0,Offer E,16,No             ,Yes           ,0.0,0,48.62,209.37,Low,9,1,10,Resolved
8631-NBHFZ,Male  ,1,Yes    ,Yes       ,66,Yes         ,Yes             ,DSL            ,Yes                ,Yes                ,No                 ,Two year      ,No              ,Credit card (automatic)  ,79.4,California,Running Springs       ,34.186211,-117.07683,71,Yes    ,Yes              ,1,None   ,15,No             ,No            ,0.0,150,1981.98,7286.58,Low,7,0,7,Resolved
5010-IPEAQ,Female,0,Yes    ,Yes       ,67,No          ,No phone service,DSL            ,Yes                ,Yes                ,No                 ,Two year      ,No              ,Credit card (automatic)  ,54.2,California,Escalon               ,37.818543,-121.006907,29,Yes    ,Yes              ,2,None   ,51,No             ,Yes           ,0.0,0,0.0,3623.95,Medium,1,6,7,NotResolved
2187-LZGPL,Female,0,No     ,No        ,7,No          ,No phone service,DSL            ,No                 ,No                 ,Yes                ,Month-to-month,Yes             ,Credit card (automatic)  ,40.1,California,Walnut Creek          ,37.900662,-122.052782,36,No     ,No               ,0,None   ,19,Yes            ,Yes           ,0.0,0,0.0,293.3,Low,6,0,6,Resolved
5651-CPDND,Male  ,0,No     ,No        ,10,Yes         ,No              ,DSL            ,No                 ,No                 ,No                 ,Month-to-month,No              ,Mailed check             ,46.0,California,San Leandro           ,37.704384,-122.126703,45,No     ,No               ,0,Offer D,14,No             ,Yes           ,0.0,0,135.1,627.2,High,0,4,4,Resolved
0516-WJVXC,Female,0,No     ,No        ,5,Yes         ,No              ,DSL            ,Yes                ,No                 ,No                 ,Month-to-month,No              ,Electronic check         ,54.2,California,Sacramento            ,38.556306,-121.495817,21,No     ,No               ,0,None   ,69,No             ,Yes           ,0.0,0,18.05,326.3,Low,7,1,8,NotResolved
0461-CVKMU,Female,0,Yes    ,Yes       ,23,Yes         ,No              ,Fiber optic    ,Yes                ,No                 ,No                 ,Month-to-month,No              ,Electronic check         ,83.8,California,Oak Run               ,40.689243,-122.037023,45,Yes    ,No               ,0,None   ,28,No             ,Yes           ,0.0,0,892.6300000000001,2792.88,Low,8,1,9,Resolved
6289-CPNLD,Male  ,0,Yes    ,Yes       ,33,Yes         ,No              ,DSL            ,Yes                ,Yes                ,Yes                ,One year      ,Yes             ,Mailed check             ,73.9,California,Temecula              ,33.540604,-117.10909,33,Yes    ,Yes              ,3,Offer C,4,Yes            ,Yes           ,0.0,0,1099.56,3504.61,Low,7,0,7,Resolved
2898-LSJGD,Female,0,Yes    ,Yes       ,21,No          ,No phone service,DSL            ,No                 ,Yes                ,Yes                ,One year      ,Yes             ,Electronic check         ,55.95,California,Santa Ana             ,33.714829,-117.872941,30,Yes    ,Yes              ,1,None   ,69,Yes            ,No            ,0.0,10,0.0,1167.05,Low,7,0,7,Resolved
4952-YSOGZ,Female,0,Yes    ,Yes       ,4,Yes         ,Yes             ,Fiber optic    ,No                 ,No                 ,Yes                ,Month-to-month,Yes             ,Electronic check         ,85.95,California,Lompoc                ,34.601055,-120.382917,48,Yes    ,Yes              ,1,None   ,30,Yes            ,Yes           ,0.0,0,16.56,397.86,Medium,7,1,8,Resolved
9323-HGFWY,Female,0,Yes    ,No        ,27,Yes         ,No              ,Fiber optic    ,Yes                ,Yes                ,Yes                ,One year      ,Yes             ,Credit card (automatic)  ,101.9,California,Porter Ranch          ,34.281911,-118.556218,55,Yes    ,No               ,0,Offer C,27,Yes            ,Yes           ,0.0,0,540.54,3221.69,Medium,6,0,6,Resolved
6725-TPKJO,Male  ,0,No     ,No        ,44,Yes         ,No              ,No             ,No internet service,No internet service,No internet service,Two year      ,No              ,Mailed check             ,20.05,California,Duncans Mills         ,38.445603,-123.063756,28,No     ,No               ,0,None   ,0,No             ,No            ,15.31,0,2091.32,2921.26,Medium,0,5,5,Resolved
5003-XZWWO,Male  ,0,Yes    ,No        ,71,Yes         ,Yes             ,DSL            ,Yes                ,Yes                ,Yes                ,Two year      ,No              ,Credit card (automatic)  ,84.2,California,Capistrano Beach      ,33.458754,-117.665104,32,Yes    ,Yes              ,4,None   ,30,Yes            ,Yes           ,0.0,0,1073.52,7030.370000000001,High,0,4,4,Resolved
5781-RFZRP,Male  ,0,Yes    ,No        ,71,Yes         ,Yes             ,DSL            ,Yes                ,Yes                ,No                 ,Two year      ,No              ,Credit card (automatic)  ,73.5,California,Ladera Ranch          ,33.569186,-117.640055,34,Yes    ,Yes              ,7,None   ,5,No             ,Yes           ,0.0,0,2441.69,7799.44,Medium,1,4,5,Resolved
0311-UNPFF,Female,0,No     ,No        ,26,Yes         ,No              ,Fiber optic    ,No                 ,Yes                ,Yes                ,Month-to-month,Yes             ,Bank transfer (automatic),88.8,California,Long Beach            ,33.830099,-118.182239,58,No     ,No               ,0,None   ,22,Yes            ,No            ,0.0,50,990.34,3314.69,Low,8,1,9,Resolved
6032-IGALN,Female,0,No     ,No        ,1,No          ,No phone service,DSL            ,No                 ,No                 ,No                 ,Month-to-month,Yes             ,Mailed check             ,25.1,California,Granite Bay           ,38.749466,-121.184196,35,No     ,No               ,0,None   ,28,No             ,Yes           ,0.0,0,0.0,25.1,Low,7,0,7,Resolved
6135-OZQVA,Female,0,No     ,No        ,7,Yes         ,Yes             ,DSL            ,No                 ,No                 ,No                 ,Month-to-month,Yes             ,Electronic check         ,53.65,California,Santa Clarita         ,34.502432,-118.41459,46,No     ,No               ,0,Offer E,17,No             ,Yes           ,0.0,0,282.94,687.29,High,1,6,7,Resolved
0772-GYEQQ,Male  ,0,No     ,No        ,3,Yes         ,No              ,Fiber optic    ,Yes                ,Yes                ,No                 ,Month-to-month,Yes             ,Mailed check             ,88.35,California,Lodi                  ,38.123544,-121.159078,33,No     ,No               ,0,Offer E,10,No             ,Yes           ,0.0,0,148.2,410.25,Low,9,0,9,Resolved
7216-EWTRS,Female,1,Yes    ,No        ,1,Yes         ,Yes             ,Fiber optic    ,No                 ,Yes                ,Yes                ,Month-to-month,Yes             ,Electronic check         ,100.8,California,Newport Beach         ,33.62251,-117.927024,78,Yes    ,Yes              ,4,None   ,23,No             ,Yes           ,0.0,0,17.35,118.15,Low,6,0,6,Resolved
2791-SFVEW,Female,0,No     ,No        ,9,Yes         ,No              ,No             ,No internet service,No internet service,No internet service,Month-to-month,No              ,Bank transfer (automatic),20.15,California,Los Angeles           ,34.044639,-118.240413,63,No     ,No               ,0,Offer E,0,No             ,No            ,0.0,0,313.11,551.26,High,1,3,4,Resolved
6963-EZQEE,Male  ,1,Yes    ,No        ,70,Yes         ,Yes             ,DSL            ,Yes                ,Yes                ,Yes                ,Two year      ,Yes             ,Credit card (automatic)  ,88.55,California,Midpines              ,37.581496,-119.972762,69,Yes    ,Yes              ,4,None   ,8,No             ,Yes           ,0.0,0,2865.8,9172.3,Medium,1,4,5,Resolved
9874-QLCLH,Female,0,Yes    ,Yes       ,17,Yes         ,Yes             ,Fiber optic    ,No                 ,Yes                ,Yes                ,Month-to-month,Yes             ,Electronic check         ,104.2,California,Northridge            ,34.238208,-118.55029,38,Yes    ,Yes              ,1,Offer D,15,Yes            ,Yes           ,0.0,0,83.47,1826.97,Low,7,1,8,Resolved
7267-FRMJW,Female,0,Yes    ,Yes       ,25,Yes         ,No              ,No             ,No internet service,No internet service,No internet service,Two year      ,No              ,Mailed check             ,20.1,California,Sierra Madre          ,34.168686,-118.057505,25,Yes    ,Yes              ,1,Offer C,0,No             ,No            ,0.0,0,114.25,600.3,Medium,1,5,6,Resolved
2108-XWMPY,Male  ,0,No     ,No        ,3,No          ,No phone service,DSL            ,No                 ,No                 ,No                 ,Month-to-month,Yes             ,Mailed check             ,35.45,California,Cabazon               ,33.929812,-116.76058,29,No     ,No               ,0,None   ,85,No             ,Yes           ,0.0,0,0.0,106.85,Low,7,1,8,Resolved
7746-AWNQW,Female,0,No     ,No        ,28,No          ,No phone service,DSL            ,Yes                ,No                 ,No                 ,Month-to-month,Yes             ,Mailed check             ,35.75,California,La Jolla              ,32.853743,-117.25034,62,No     ,No               ,0,Offer C,2,No             ,Yes           ,0.0,0,0.0,961.4,High,6,0,6,Resolved
6771-XWBDM,Female,0,Yes    ,No        ,57,Yes         ,Yes             ,Fiber optic    ,No                 ,Yes                ,Yes                ,Month-to-month,Yes             ,Credit card (automatic)  ,104.5,California,White Water           ,33.972293,-116.654195,47,Yes    ,Yes              ,1,None   ,25,Yes            ,Yes           ,0.0,0,2287.4100000000003,8208.76,Low,8,0,8,Resolved
5414-OFQCB,Male  ,0,No     ,No        ,57,Yes         ,Yes             ,Fiber optic    ,Yes                ,Yes                ,No                 ,Two year      ,Yes             ,Credit card (automatic)  ,90.45,California,Hanford               ,36.29223,-119.622676,34,No     ,No               ,0,None   ,10,No             ,No            ,0.0,70,1753.89,7053.6900000000005,High,0,3,3,Resolved
6979-ZNSFF,Female,0,No     ,No        ,8,Yes         ,Yes             ,Fiber optic    ,No                 ,Yes                ,No                 ,Month-to-month,Yes             ,Electronic check         ,87.05,California,Pollock Pines         ,38.733908,-120.453416,48,No     ,No               ,0,Offer E,8,No             ,Yes           ,0.0,0,364.72,1126.8200000000002,Low,6,1,7,Resolved
0807-ZABDG,Female,0,No     ,Yes       ,3,Yes         ,No              ,DSL            ,Yes                ,No                 ,No                 ,Month-to-month,Yes             ,Mailed check             ,55.1,California,Woodland              ,38.694081,-121.694431,43,No     ,No               ,0,Offer E,16,No             ,Yes           ,0.0,0,78.12,232.77,Low,9,0,9,Resolved
7067-KSAZT,Female,1,Yes    ,No        ,65,Yes         ,Yes             ,Fiber optic    ,No                 ,Yes                ,Yes                ,One year      ,Yes             ,Electronic check         ,106.25,California,Chico                 ,39.681488,-121.83721,66,Yes    ,Yes              ,1,None   ,30,No             ,Yes           ,0.0,0,1214.85,8194.65,Low,6,1,7,NotResolved
2959-MJHIC,Male  ,0,Yes    ,No        ,4,Yes         ,No              ,Fiber optic    ,No                 ,Yes                ,No                 ,Month-to-month,Yes             ,Electronic check         ,80.35,California,Hinkley               ,34.983808,-117.239306,60,Yes    ,Yes              ,3,None   ,13,No             ,Yes           ,0.0,0,129.72,437.12,Low,6,1,7,NotResolved
2436-QBZFP,Female,0,Yes    ,Yes       ,22,No          ,No phone service,DSL            ,No                 ,Yes                ,No                 ,Month-to-month,No              ,Electronic check         ,39.2,California,Yreka                 ,41.764869,-122.671316,53,Yes    ,Yes              ,4,None   ,19,No             ,No            ,0.0,50,0.0,899.9,High,0,3,3,Resolved
5339-TJFEK,Male  ,0,Yes    ,Yes       ,62,Yes         ,Yes             ,Fiber optic    ,No                 ,Yes                ,Yes                ,Month-to-month,Yes             ,Electronic check         ,105.5,California,Santa Rosa            ,38.394091,-122.739814,22,Yes    ,Yes              ,8,Offer B,52,Yes            ,No            ,0.0,150,914.5,7551.7,High,0,6,6,NotResolved
0936-NQLJU,Female,0,Yes    ,No        ,41,Yes         ,No              ,No             ,No internet service,No internet service,No internet service,Two year      ,No              ,Credit card (automatic)  ,20.65,California,Mokelumne Hill        ,38.304194,-120.592431,40,Yes    ,Yes              ,9,Offer B,0,No             ,No            ,0.0,0,346.04,1221.59,Medium,7,1,8,Resolved
0196-VULGZ,Female,1,Yes    ,No        ,6,Yes         ,Yes             ,Fiber optic    ,No                 ,No                 ,Yes                ,Month-to-month,Yes             ,Electronic check         ,84.35,California,Irvine                ,33.716136,-117.752574,78,Yes    ,Yes              ,1,None   ,17,No             ,Yes           ,0.0,0,172.26,647.16,Medium,7,0,7,Resolved
6876-ADESB,Male  ,0,No     ,Yes       ,1,Yes         ,No              ,DSL            ,No                 ,No                 ,No                 ,Month-to-month,No              ,Electronic check         ,48.95,California,Etna                  ,41.405193,-123.008567,22,No     ,No               ,0,None   ,52,Yes            ,Yes           ,0.0,0,34.4,83.35,Low,6,0,6,Resolved
8292-TYSPY,Male  ,0,No     ,No        ,19,Yes         ,No              ,DSL            ,Yes                ,No                 ,No                 ,Month-to-month,Yes             ,Credit card (automatic)  ,55.0,California,Los Angeles           ,34.072945,-118.37267,55,No     ,No               ,0,Offer D,23,No             ,No            ,0.0,30,81.7,1158.2,Low,7,1,8,Resolved
3084-DOWLE,Female,0,Yes    ,No        ,72,Yes         ,Yes             ,DSL            ,Yes                ,Yes                ,Yes                ,Two year      ,No              ,Bank transfer (automatic),92.0,California,Citrus Heights        ,38.69549,-121.307864,47,Yes    ,Yes              ,8,Offer A,16,Yes            ,No            ,0.0,110,3116.88,9701.28,Medium,0,5,5,Resolved
5389-FFVKB,Male  ,1,Yes    ,No        ,32,Yes         ,No              ,Fiber optic    ,No                 ,No                 ,Yes                ,Month-to-month,Yes             ,Credit card (automatic)  ,80.3,California,Thousand Oaks         ,34.214054,-118.88109,71,Yes    ,Yes              ,1,None   ,25,Yes            ,Yes           ,0.0,0,66.56,2549.61,Low,9,1,10,Resolved
7691-KGKGP,Male  ,0,Yes    ,Yes       ,53,Yes         ,No              ,DSL            ,Yes                ,Yes                ,No                 ,Month-to-month,No              ,Credit card (automatic)  ,65.0,California,Aliso Viejo           ,33.571259,-117.731917,31,Yes    ,Yes              ,9,Offer B,19,No             ,Yes           ,0.0,0,111.83,3475.63,Medium,1,4,5,NotResolved
4484-GLZOU,Female,0,Yes    ,No        ,52,Yes         ,Yes             ,Fiber optic    ,No                 ,Yes                ,Yes                ,Month-to-month,Yes             ,Electronic check         ,105.05,California,San Dimas             ,34.102119,-117.815532,20,Yes    ,Yes              ,6,None   ,48,Yes            ,Yes           ,27.6,0,550.68,6147.93,Low,6,1,7,NotResolved
9885-MFVSU,Female,0,Yes    ,Yes       ,35,No          ,No phone service,DSL            ,Yes                ,Yes                ,No                 ,Two year      ,Yes             ,Credit card (automatic)  ,46.35,California,Poway                 ,32.984395,-117.013454,59,Yes    ,Yes              ,7,Offer C,24,No             ,No            ,0.0,140,0.0,1802.05,High,1,5,6,Resolved
3627-FCRDW,Female,0,No     ,No        ,9,Yes         ,No              ,Fiber optic    ,No                 ,No                 ,No                 ,Month-to-month,No              ,Electronic check         ,71.0,California,Hughson               ,37.5923,-120.853288,49,No     ,No               ,0,None   ,9,No             ,Yes           ,8.35,0,220.68,884.8799999999999,Medium,8,0,8,NotResolved
3791-LGQCY,Female,1,Yes    ,No        ,56,Yes         ,Yes             ,Fiber optic    ,No                 ,Yes                ,Yes                ,Month-to-month,Yes             ,Bank transfer (automatic),100.65,California,Loomis                ,38.809175,-121.171375,68,Yes    ,Yes              ,1,None   ,29,No             ,No            ,0.0,130,1893.36,7711.41,Low,8,1,9,Resolved
1209-VFFOC,Male  ,0,Yes    ,Yes       ,68,No          ,No phone service,DSL            ,Yes                ,No                 ,Yes                ,Two year      ,Yes             ,Mailed check             ,56.4,California,Brisbane              ,37.684694,-122.40712,47,Yes    ,Yes              ,10,Offer A,19,Yes            ,Yes           ,0.0,0,0.0,3948.45,Medium,0,6,6,Resolved
6008-NAIXK,Male  ,1,No     ,No        ,54,No          ,No phone service,DSL            ,No                 ,Yes                ,Yes                ,One year      ,Yes             ,Electronic check         ,55.45,California,Pine Grove            ,38.400264,-120.641274,72,No     ,No               ,0,None   ,26,Yes            ,Yes           ,0.0,0,0.0,2966.95,Medium,0,6,6,Resolved
0886-QGENL,Female,1,Yes    ,No        ,27,Yes         ,No              ,Fiber optic    ,No                 ,Yes                ,Yes                ,Month-to-month,Yes             ,Electronic check         ,101.25,California,San Diego             ,32.741499,-117.127409,72,Yes    ,Yes              ,1,None   ,13,No             ,Yes           ,0.0,0,1237.14,3991.59,Low,7,1,8,Resolved
2014-MKGMH,Female,0,No     ,No        ,46,Yes         ,Yes             ,Fiber optic    ,No                 ,Yes                ,Yes                ,One year      ,Yes             ,Electronic check         ,101.1,California,Riverside             ,33.885499,-117.324959,45,No     ,No               ,0,Offer B,22,Yes            ,Yes           ,0.0,0,1286.62,5961.02,High,0,6,6,Resolved
4958-GZWIY,Male  ,0,Yes    ,Yes       ,7,Yes         ,No              ,DSL            ,No                 ,No                 ,No                 ,Month-to-month,No              ,Electronic check         ,48.7,California,North Palm Springs    ,33.906496,-116.569499,61,Yes    ,Yes              ,1,None   ,4,No             ,Yes           ,0.0,0,35.91,376.16,Low,9,1,10,Resolved
6347-DCUIK,Male  ,0,No     ,No        ,10,Yes         ,Yes             ,Fiber optic    ,No                 ,No                 ,No                 ,Month-to-month,Yes             ,Mailed check             ,74.15,California,Los Angeles           ,33.988543,-118.334081,28,No     ,No               ,0,Offer D,85,Yes            ,Yes           ,0.0,0,292.4,1104.1999999999998,Low,9,0,9,Resolved
4890-VMUAV,Male  ,0,No     ,No        ,63,Yes         ,Yes             ,DSL            ,Yes                ,No                 ,No                 ,One year      ,No              ,Electronic check         ,71.5,California,Alpine                ,32.827184,-116.703729,46,No     ,No               ,0,Offer B,11,No             ,No            ,0.0,70,1137.15,5783.450000000001,Medium,0,4,4,Resolved
0020-INWCK,Female,0,Yes    ,Yes       ,71,Yes         ,Yes             ,Fiber optic    ,No                 ,No                 ,Yes                ,Two year      ,Yes             ,Credit card (automatic)  ,95.75,California,Woodlake              ,36.464635,-119.094348,58,Yes    ,Yes              ,9,Offer A,12,Yes            ,Yes           ,0.0,0,1935.46,8784.86,High,0,3,3,Resolved
4210-QFJMF,Female,0,No     ,No        ,4,Yes         ,No              ,Fiber optic    ,No                 ,No                 ,Yes                ,Month-to-month,Yes             ,Electronic check         ,79.15,California,Lake City             ,41.729079,-120.225025,41,No     ,No               ,0,Offer E,23,Yes            ,Yes           ,0.0,0,147.64,464.89,Low,6,1,7,Resolved
7945-HLKEA,Female,0,No     ,No        ,60,Yes         ,Yes             ,DSL            ,Yes                ,No                 ,No                 ,One year      ,No              ,Electronic check         ,64.75,California,Half Moon Bay         ,37.45567,-122.407992,29,No     ,No               ,0,None   ,27,No             ,No            ,0.0,120,2277.0,6436.5,Medium,0,3,3,Resolved
9897-KXHCM,Female,0,Yes    ,Yes       ,3,Yes         ,No              ,Fiber optic    ,No                 ,No                 ,Yes                ,Month-to-month,Yes             ,Electronic check         ,80.3,California,Modesto               ,37.670526,-120.877572,37,Yes    ,Yes              ,1,Offer E,14,Yes            ,Yes           ,0.0,0,145.14,395.19000000000005,Low,7,1,8,Resolved
4877-EVATK,Male  ,0,No     ,No        ,1,Yes         ,No              ,No             ,No internet service,No internet service,No internet service,Month-to-month,No              ,Mailed check             ,20.0,California,Elk                   ,39.108252,-123.645121,30,No     ,No               ,0,None   ,0,No             ,No            ,0.0,0,46.77,66.77000000000001,Low,8,0,8,Resolved
3908-BLSYF,Female,0,No     ,No        ,6,Yes         ,No              ,Fiber optic    ,No                 ,No                 ,Yes                ,Month-to-month,No              ,Electronic check         ,83.9,California,Los Altos             ,37.352911,-122.093002,40,No     ,No               ,0,None   ,24,Yes            ,Yes           ,0.0,0,155.57999999999998,653.13,Low,9,0,9,NotResolved
0080-OROZO,Female,0,No     ,No        ,35,Yes         ,No              ,Fiber optic    ,Yes                ,Yes                ,Yes                ,One year      ,Yes             ,Electronic check         ,99.25,California,El Portal             ,37.654551,-119.822984,38,No     ,No               ,0,Offer C,2,Yes            ,Yes           ,0.0,0,1274.7,4806.7,Medium,1,4,5,Resolved
8818-XYFCQ,Male  ,0,Yes    ,Yes       ,32,Yes         ,Yes             ,Fiber optic    ,No                 ,Yes                ,Yes                ,Month-to-month,Yes             ,Credit card (automatic)  ,99.55,California,Walnut Creek          ,37.916648,-122.008483,39,Yes    ,Yes              ,1,Offer C,26,Yes            ,No            ,35.82,110,1074.24,4353.07,Low,7,0,7,Resolved
0071-NDAFP,Male  ,0,Yes    ,Yes       ,25,Yes         ,Yes             ,No             ,No internet service,No internet service,No internet service,Two year      ,No              ,Credit card (automatic)  ,25.5,California,Santa Rosa            ,38.439696,-122.668817,31,Yes    ,Yes              ,1,None   ,0,No             ,No            ,44.42,0,592.25,1178.43,Medium,6,1,7,NotResolved
6432-TWQLB,Male  ,0,Yes    ,No        ,5,Yes         ,Yes             ,Fiber optic    ,Yes                ,No                 ,No                 ,Month-to-month,Yes             ,Electronic check         ,85.4,California,Rosemead              ,34.065108,-118.082791,51,Yes    ,Yes              ,1,Offer E,16,No             ,Yes           ,45.37,0,211.45,567.1800000000001,Medium,8,0,8,Resolved
7439-DKZTW,Male  ,0,No     ,No        ,1,Yes         ,No              ,Fiber optic    ,No                 ,Yes                ,No                 ,Month-to-month,Yes             ,Electronic check         ,80.55,California,Paicines              ,36.525703,-120.952122,49,No     ,No               ,0,None   ,19,No             ,No            ,0.0,60,5.93,146.48000000000002,High,1,3,4,Resolved
9788-HNGUT,Male  ,0,Yes    ,No        ,72,Yes         ,Yes             ,Fiber optic    ,Yes                ,Yes                ,Yes                ,Two year      ,Yes             ,Credit card (automatic)  ,116.95,California,Cabazon               ,33.929812,-116.76058,45,Yes    ,Yes              ,9,Offer A,3,Yes            ,Yes           ,0.0,0,1286.64,9881.04,Medium,7,1,8,Resolved
9552-TGUZV,Male  ,0,Yes    ,No        ,8,Yes         ,No              ,Fiber optic    ,No                 ,No                 ,No                 ,Month-to-month,Yes             ,Mailed check             ,75.0,California,Upland                ,34.141146,-117.655583,57,Yes    ,Yes              ,8,Offer E,18,No             ,Yes           ,0.0,0,165.36,823.46,Medium,8,0,8,Resolved
6686-YPGHK,Male  ,1,No     ,No        ,47,Yes         ,No              ,Fiber optic    ,No                 ,No                 ,Yes                ,Month-to-month,No              ,Mailed check             ,85.5,California,Long Beach            ,33.823943,-118.111335,65,No     ,No               ,0,None   ,20,Yes            ,No            ,0.0,50,1719.26,5811.56,Medium,6,0,6,Resolved
0822-GAVAP,Female,0,No     ,No        ,2,No          ,No phone service,DSL            ,No                 ,No                 ,Yes                ,Month-to-month,Yes             ,Electronic check         ,34.7,California,Posey                 ,35.861928,-118.636698,19,No     ,No               ,0,Offer E,76,Yes            ,Yes           ,0.0,0,0.0,62.25,Low,6,0,6,Resolved
0511-JTEOY,Female,0,No     ,No        ,1,Yes         ,No              ,Fiber optic    ,No                 ,No                 ,No                 ,Month-to-month,No              ,Mailed check             ,71.1,California,Canyon Dam            ,40.171312,-121.120605,41,No     ,No               ,0,Offer E,9,No             ,Yes           ,0.0,0,10.19,81.28999999999999,Low,9,1,10,NotResolved
1579-KLYDT,Male  ,0,No     ,No        ,7,Yes         ,Yes             ,Fiber optic    ,No                 ,Yes                ,No                 ,Month-to-month,Yes             ,Electronic check         ,90.45,California,Hickman               ,37.605926,-120.69955,31,No     ,No               ,0,Offer E,27,No             ,Yes           ,0.0,0,251.37,844.82,Low,9,1,10,Resolved
3453-RTHJQ,Male  ,0,No     ,No        ,6,Yes         ,No              ,Fiber optic    ,No                 ,No                 ,No                 ,Month-to-month,Yes             ,Electronic check         ,69.1,California,San Bernardino        ,34.250069,-117.393949,59,No     ,No               ,0,Offer E,18,No             ,Yes           ,0.0,0,111.9,546.9,High,1,6,7,Resolved
1976-CFOCS,Female,1,Yes    ,No        ,1,Yes         ,No              ,DSL            ,No                 ,No                 ,No                 ,Month-to-month,No              ,Electronic check         ,46.0,California,Dana Point            ,33.477923,-117.705314,69,Yes    ,Yes              ,1,None   ,19,No             ,Yes           ,0.0,0,7.74,53.74,Low,6,0,6,Resolved
8844-TONUD,Male  ,0,Yes    ,Yes       ,13,Yes         ,No              ,Fiber optic    ,No                 ,Yes                ,Yes                ,Month-to-month,Yes             ,Mailed check             ,96.65,California,Acampo                ,38.200231,-121.235034,54,Yes    ,Yes              ,4,Offer D,11,Yes            ,Yes           ,0.0,0,592.8000000000001,1755.65,Low,7,1,8,NotResolved
8974-OVACP,Female,0,No     ,No        ,1,Yes         ,No              ,No             ,No internet service,No internet service,No internet service,Month-to-month,No              ,Mailed check             ,20.15,California,Yermo                 ,35.013299,-116.834092,40,No     ,No               ,0,None   ,0,No             ,No            ,0.0,0,27.59,47.74,High,0,4,4,Resolved
2079-FBMZK,Female,0,No     ,No        ,6,Yes         ,No              ,Fiber optic    ,No                 ,No                 ,No                 ,Month-to-month,Yes             ,Mailed check             ,69.25,California,Antelope              ,38.715498,-121.363411,50,No     ,No               ,0,None   ,5,No             ,Yes           ,0.0,0,236.16,654.56,Low,7,1,8,Resolved
4013-UBXWQ,Female,0,No     ,No        ,7,Yes         ,Yes             ,DSL            ,Yes                ,Yes                ,Yes                ,Month-to-month,Yes             ,Electronic check         ,74.65,California,Hayfork               ,40.547857,-123.187265,33,No     ,No               ,0,Offer E,19,Yes            ,Yes           ,28.35,0,341.74,834.49,Medium,6,1,7,Resolved
5049-GLYVG,Male  ,0,No     ,No        ,1,Yes         ,No              ,No             ,No internet service,No internet service,No internet service,Month-to-month,No              ,Mailed check             ,20.6,California,Badger                ,36.64545,-118.924982,56,No     ,No               ,0,Offer E,0,No             ,No            ,0.0,0,47.26,67.86,Low,9,1,10,NotResolved
3785-NRHYR,Male  ,0,No     ,No        ,1,Yes         ,No              ,No             ,No internet service,No internet service,No internet service,Month-to-month,No              ,Mailed check             ,19.65,California,Bridgeport            ,38.184583,-119.286558,40,No     ,No               ,0,None   ,0,No             ,No            ,0.0,0,16.91,36.56,Medium,1,4,5,NotResolved
3764-MNMOI,Male  ,0,No     ,No        ,46,Yes         ,No              ,No             ,No internet service,No internet service,No internet service,Two year      ,No              ,Credit card (automatic)  ,19.2,California,Boulevard             ,32.677097,-116.304991,49,No     ,No               ,0,Offer B,0,No             ,No            ,0.0,0,1425.54,2333.69,High,1,6,7,NotResolved
0376-YMCJC,Male  ,0,No     ,No        ,23,Yes         ,Yes             ,Fiber optic    ,Yes                ,Yes                ,No                 ,Month-to-month,Yes             ,Electronic check         ,90.6,California,Novato                ,38.067204,-122.524004,21,No     ,No               ,0,None   ,69,Yes            ,Yes           ,4.73,0,889.8699999999999,2828.34,Low,8,0,8,Resolved
6210-KBBPI,Male  ,1,No     ,No        ,9,Yes         ,Yes             ,Fiber optic    ,No                 ,Yes                ,Yes                ,Month-to-month,Yes             ,Credit card (automatic)  ,99.45,California,West Covina           ,34.066964,-117.937007,67,No     ,No               ,0,None   ,15,No             ,Yes           ,0.0,0,95.94,1015.34,Low,9,1,10,Resolved
5393-RXQSZ,Male  ,0,No     ,No        ,1,Yes         ,No              ,Fiber optic    ,No                 ,No                 ,Yes                ,Month-to-month,No              ,Electronic check         ,79.6,California,Taft                  ,35.184837,-119.402525,40,No     ,No               ,0,None   ,22,Yes            ,Yes           ,0.0,0,19.32,98.92,Medium,9,0,9,Resolved
4323-SADQS,Male  ,0,Yes    ,Yes       ,7,No          ,No phone service,DSL            ,Yes                ,No                 ,No                 ,Month-to-month,Yes             ,Electronic check         ,34.5,California,Concord               ,37.971421,-121.971504,61,Yes    ,Yes              ,2,None   ,30,No             ,Yes           ,0.0,0,0.0,279.25,Low,9,0,9,Resolved
1099-GODLO,Female,0,Yes    ,Yes       ,1,Yes         ,No              ,No             ,No internet service,No internet service,No internet service,Two year      ,No              ,Mailed check             ,20.35,California,Berkeley              ,37.878554,-122.26609,62,Yes    ,Yes              ,9,None   ,0,No             ,No            ,0.0,0,30.09,50.44,High,0,4,4,Resolved
8627-ZYGSZ,Male  ,0,Yes    ,No        ,47,Yes         ,Yes             ,Fiber optic    ,No                 ,No                 ,No                 ,One year      ,Yes             ,Electronic check         ,78.9,California,Compton               ,33.88151,-118.234451,32,Yes    ,Yes              ,8,Offer B,30,No             ,Yes           ,0.0,0,1857.44,5507.79,High,6,1,7,Resolved
2274-XUATA,Male  ,1,Yes    ,No        ,72,No          ,No phone service,DSL            ,Yes                ,Yes                ,Yes                ,Two year      ,Yes             ,Bank transfer (automatic),63.1,California,Earp                  ,34.137742,-114.36514,78,Yes    ,Yes              ,8,Offer A,26,Yes            ,Yes           ,0.0,0,0.0,4685.55,Medium,0,6,6,Resolved
3198-VELRD,Female,0,Yes    ,Yes       ,3,Yes         ,Yes             ,Fiber optic    ,No                 ,No                 ,Yes                ,Month-to-month,Yes             ,Bank transfer (automatic),84.75,California,Marina Del Rey        ,33.977468,-118.445475,47,Yes    ,Yes              ,1,None   ,30,Yes            ,Yes           ,0.0,0,114.27,379.12,Low,10,0,10,Resolved
5902-WBLSE,Female,0,Yes    ,Yes       ,70,Yes         ,No              ,No             ,No internet service,No internet service,No internet service,Two year      ,Yes             ,Credit card (automatic)  ,20.15,California,Bonita                ,32.67117,-117.00232,32,Yes    ,No               ,0,None   ,0,No             ,No            ,0.0,0,1879.5,3290.7,Medium,6,0,6,NotResolved
5424-RLQLC,Male  ,0,No     ,No        ,10,Yes         ,No              ,DSL            ,No                 ,Yes                ,No                 ,Month-to-month,Yes             ,Mailed check             ,59.65,California,Bonsall               ,33.290907,-117.202895,36,No     ,No               ,0,Offer D,25,No             ,No            ,0.0,90,14.8,743.75,Medium,0,3,3,Resolved
5148-HKFIR,Female,0,No     ,No        ,20,Yes         ,No              ,No             ,No internet service,No internet service,No internet service,Two year      ,No              ,Mailed check             ,19.7,California,Piru                  ,34.432843,-118.730106,49,No     ,No               ,0,None   ,0,No             ,No            ,0.0,0,317.4,724.3499999999999,High,7,1,8,Resolved
9318-NKNFC,Male  ,0,No     ,No        ,1,Yes         ,No              ,No             ,No internet service,No internet service,No internet service,Month-to-month,Yes             ,Mailed check             ,18.85,California,Twain                 ,40.022184,-121.062384,53,No     ,No               ,0,None   ,0,No             ,No            ,0.0,0,40.49,59.34,Low,9,0,9,Resolved
6959-GQEGV,Male  ,0,No     ,No        ,45,Yes         ,No              ,DSL            ,No                 ,Yes                ,Yes                ,Month-to-month,Yes             ,Electronic check         ,75.95,California,Canoga Park           ,34.19829,-118.602203,61,No     ,No               ,0,None   ,6,Yes            ,Yes           ,0.0,0,466.2,3740.0,High,0,3,3,NotResolved
5956-VKDTT,Female,1,Yes    ,No        ,5,Yes         ,Yes             ,Fiber optic    ,No                 ,No                 ,No                 ,Month-to-month,Yes             ,Electronic check         ,74.35,California,Moreno Valley         ,33.970661,-117.255039,72,Yes    ,Yes              ,4,Offer E,22,No             ,Yes           ,0.0,0,228.8,563.6,Low,8,1,9,Resolved
1755-FZQEC,Male  ,0,No     ,No        ,39,Yes         ,No              ,No             ,No internet service,No internet service,No internet service,One year      ,No              ,Mailed check             ,19.9,California,Ventura               ,34.360261,-119.306383,26,No     ,No               ,0,Offer C,0,No             ,No            ,20.17,0,1872.78,2643.76,High,6,1,7,Resolved
3834-XUIFC,Male  ,0,No     ,No        ,7,Yes         ,Yes             ,Fiber optic    ,No                 ,No                 ,Yes                ,Month-to-month,Yes             ,Mailed check             ,85.2,California,Long Beach            ,33.771612,-118.143866,23,No     ,No               ,0,Offer E,26,Yes            ,Yes           ,0.0,0,131.81,734.3599999999999,Low,8,0,8,Resolved
4678-DVQEO,Female,0,No     ,No        ,1,Yes         ,No              ,DSL            ,Yes                ,No                 ,No                 ,Month-to-month,Yes             ,Electronic check         ,52.2,California,Bass Lake             ,37.458367,-119.345011,41,No     ,No               ,0,None   ,23,No             ,Yes           ,0.0,0,34.04,86.24000000000001,Low,7,1,8,Resolved
1768-HNVGJ,Female,1,No     ,No        ,45,Yes         ,Yes             ,DSL            ,Yes                ,No                 ,Yes                ,Month-to-month,Yes             ,Electronic check         ,70.05,California,Mountain View         ,37.419725,-122.062947,80,No     ,No               ,0,Offer B,3,Yes            ,Yes           ,0.0,0,830.7,3893.15,Medium,1,5,6,Resolved
3976-HXHCE,Male  ,0,No     ,No        ,72,Yes         ,No              ,No             ,No internet service,No internet service,No internet service,Two year      ,No              ,Bank transfer (automatic),19.3,California,Belvedere Tiburon     ,37.885629,-122.46858,57,No     ,No               ,0,None   ,0,No             ,No            ,0.0,0,3294.0,4708.8,High,0,5,5,Resolved
2718-YSKCS,Male  ,0,Yes    ,Yes       ,71,Yes         ,No              ,No             ,No internet service,No internet service,No internet service,Two year      ,Yes             ,Bank transfer (automatic),19.6,California,Tomales               ,38.240769,-122.901041,64,Yes    ,Yes              ,6,Offer A,0,No             ,No            ,0.0,0,1145.23,2532.6800000000003,High,0,6,6,Resolved
8087-LGYHQ,Male  ,0,No     ,No        ,9,Yes         ,No              ,Fiber optic    ,No                 ,Yes                ,Yes                ,Month-to-month,Yes             ,Electronic check         ,94.05,California,Crestline             ,34.248061,-117.29028,40,No     ,No               ,0,Offer E,14,Yes            ,Yes           ,0.0,0,139.76999999999998,951.42,High,1,5,6,Resolved
2371-JQHZZ,Male  ,0,Yes    ,No        ,24,Yes         ,Yes             ,Fiber optic    ,No                 ,Yes                ,Yes                ,Month-to-month,Yes             ,Electronic check         ,93.0,California,Bakersfield           ,35.280113,-118.962329,54,Yes    ,Yes              ,7,None   ,20,Yes            ,No            ,0.0,40,1125.84,3413.8900000000003,High,0,3,3,NotResolved
6851-WEFYX,Male  ,1,Yes    ,No        ,35,Yes         ,Yes             ,Fiber optic    ,No                 ,Yes                ,Yes                ,Month-to-month,Yes             ,Electronic check         ,100.8,California,Descanso              ,32.912664,-116.635387,73,Yes    ,Yes              ,4,None   ,3,No             ,Yes           ,0.0,0,74.2,3511.7,High,0,4,4,Resolved
0603-OLQDC,Male  ,0,No     ,Yes       ,12,Yes         ,No              ,DSL            ,No                 ,Yes                ,Yes                ,Month-to-month,Yes             ,Mailed check             ,69.85,California,Whittier              ,34.007353,-118.033683,41,No     ,No               ,0,Offer D,29,Yes            ,Yes           ,0.0,0,324.84000000000003,1162.34,Medium,1,4,5,Resolved
2809-ILCYT,Female,0,Yes    ,No        ,25,Yes         ,Yes             ,No             ,No internet service,No internet service,No internet service,One year      ,Yes             ,Mailed check             ,26.8,California,Sequoia National Park ,36.527243,-118.594938,56,Yes    ,Yes              ,10,None   ,0,No             ,No            ,0.0,0,90.0,823.55,High,7,0,7,Resolved
7120-RFMVS,Male  ,0,No     ,No        ,1,Yes         ,Yes             ,Fiber optic    ,No                 ,Yes                ,No                 ,Month-to-month,No              ,Electronic check         ,84.5,California,Isleton               ,38.154823,-121.601358,31,No     ,No               ,0,None   ,12,No             ,Yes           ,0.0,0,6.89,91.39,Low,7,0,7,Resolved
9530-EHPOH,Male  ,0,No     ,No        ,11,Yes         ,Yes             ,DSL            ,No                 ,No                 ,No                 ,Month-to-month,No              ,Electronic check         ,53.75,California,El Cajon              ,32.785165,-116.862648,60,No     ,No               ,0,Offer D,13,No             ,Yes           ,0.0,0,165.32999999999998,773.3299999999999,Low,9,1,10,NotResolved
8779-QRDMV,Male  ,1,No     ,No        ,1,No          ,No phone service,DSL            ,No                 ,No                 ,Yes                ,Month-to-month,Yes             ,Electronic check         ,39.65,California,Los Angeles           ,34.02381,-118.156582,78,No     ,No               ,0,None   ,8,No             ,No            ,0.0,20,0.0,59.65,Medium,10,1,11,Resolved
6016-NXBNJ,Male  ,0,No     ,No        ,35,Yes         ,No              ,No             ,No internet service,No internet service,No internet service,One year      ,Yes             ,Mailed check             ,19.15,California,Orange Cove           ,36.633498,-119.298895,53,No     ,No               ,0,None   ,0,No             ,No            ,0.0,0,270.90000000000003,908.9,Medium,6,0,6,Resolved
9470-YFUYI,Male  ,1,Yes    ,No        ,71,Yes         ,No              ,DSL            ,Yes                ,Yes                ,No                 ,One year      ,Yes             ,Bank transfer (automatic),71.0,California,Redway                ,40.142256,-123.852927,69,Yes    ,Yes              ,10,None   ,24,No             ,Yes           ,0.0,0,805.85,5817.950000000001,Medium,0,6,6,Resolved
9572-MTILT,Male  ,0,Yes    ,No        ,59,Yes         ,Yes             ,Fiber optic    ,Yes                ,Yes                ,No                 ,Month-to-month,Yes             ,Electronic check         ,106.75,California,Fullerton             ,33.877639,-117.961212,47,Yes    ,Yes              ,7,None   ,21,No             ,No            ,0.0,40,2909.29,9202.19,Low,8,0,8,Resolved
2672-HUYVI,Female,0,No     ,No        ,6,Yes         ,No              ,Fiber optic    ,No                 ,Yes                ,Yes                ,Month-to-month,Yes             ,Electronic check         ,91.1,California,Newman                ,37.343846,-121.039391,53,No     ,No               ,0,None   ,24,Yes            ,Yes           ,0.0,0,70.86,526.16,Low,6,1,7,Resolved
5599-HVLTW,Female,1,No     ,No        ,14,Yes         ,Yes             ,Fiber optic    ,No                 ,No                 ,No                 ,Month-to-month,Yes             ,Bank transfer (automatic),80.35,California,Oakland               ,37.834341,-122.26437,73,No     ,No               ,0,None   ,3,No             ,Yes           ,32.71,0,102.76,1128.15,High,0,4,4,Resolved
3572-UOLYZ,Female,0,No     ,Yes       ,46,Yes         ,Yes             ,Fiber optic    ,Yes                ,No                 ,No                 ,Month-to-month,Yes             ,Bank transfer (automatic),84.8,California,San Jose              ,37.255479,-121.889838,28,No     ,No               ,0,None   ,59,No             ,Yes           ,0.0,0,187.68,4146.53,Medium,0,4,4,Resolved
3904-UKFRE,Male  ,0,No     ,No        ,4,Yes         ,Yes             ,Fiber optic    ,No                 ,No                 ,No                 ,Month-to-month,Yes             ,Electronic check         ,80.1,California,Stockton              ,37.965695,-121.260051,27,No     ,No               ,0,Offer E,82,No             ,Yes           ,0.0,0,176.64,512.79,Medium,6,0,6,Resolved
5976-JCJRH,Male  ,0,Yes    ,No        ,10,Yes         ,No              ,Fiber optic    ,No                 ,No                 ,No                 ,Month-to-month,Yes             ,Electronic check         ,70.3,California,Danville              ,37.815459,-121.977203,36,Yes    ,Yes              ,1,Offer D,23,No             ,Yes           ,0.0,0,317.2,1055.4,Medium,9,1,10,Resolved
6127-ISGTU,Female,0,Yes    ,No        ,16,Yes         ,Yes             ,Fiber optic    ,No                 ,Yes                ,No                 ,Month-to-month,Yes             ,Electronic check         ,84.95,California,Garden Valley         ,38.852544,-120.837669,34,Yes    ,Yes              ,1,None   ,7,No             ,Yes           ,0.0,0,109.12,1487.37,Medium,6,0,6,Resolved
6974-DAFLI,Female,0,Yes    ,No        ,55,Yes         ,No              ,No             ,No internet service,No internet service,No internet service,One year      ,No              ,Electronic check         ,19.7,California,Bakersfield           ,35.392599,-119.245341,54,Yes    ,Yes              ,8,Offer B,0,No             ,No            ,0.0,0,180.4,1320.4499999999998,Medium,1,3,4,NotResolved
3653-NCRDJ,Male  ,0,Yes    ,Yes       ,43,Yes         ,No              ,No             ,No internet service,No internet service,No internet service,One year      ,Yes             ,Mailed check             ,19.2,California,Sacramento            ,38.625096,-121.383658,39,Yes    ,Yes              ,10,None   ,0,No             ,No            ,9.48,0,643.71,1410.48,High,7,0,7,Resolved
5117-ZSMHQ,Female,0,Yes    ,Yes       ,71,Yes         ,Yes             ,DSL            ,Yes                ,Yes                ,Yes                ,Two year      ,No              ,Bank transfer (automatic),89.9,California,Pioneer               ,38.546999,-120.271114,22,Yes    ,Yes              ,9,Offer A,85,Yes            ,No            ,0.0,150,2667.47,9160.17,High,1,6,7,Resolved
0947-IDHRQ,Female,0,No     ,No        ,7,Yes         ,No              ,Fiber optic    ,No                 ,Yes                ,No                 ,Month-to-month,Yes             ,Mailed check             ,80.3,California,Woodland Hills        ,34.178068,-118.615714,21,No     ,No               ,0,None   ,42,Yes            ,No            ,0.0,10,274.47,811.1700000000001,Low,7,0,7,NotResolved
9239-ZBZZV,Female,0,No     ,No        ,6,No          ,No phone service,DSL            ,No                 ,Yes                ,Yes                ,Month-to-month,Yes             ,Electronic check         ,47.95,California,Los Angeles           ,34.00709,-118.258681,23,No     ,No               ,0,Offer E,71,Yes            ,Yes           ,0.0,0,0.0,305.1,Low,8,0,8,Resolved
3807-XHCJH,Female,0,Yes    ,Yes       ,1,Yes         ,No              ,No             ,No internet service,No internet service,No internet service,Month-to-month,No              ,Electronic check         ,20.0,California,Fish Camp             ,37.483535,-119.679414,21,Yes    ,Yes              ,4,None   ,0,No             ,No            ,0.0,0,6.86,26.86,High,1,4,5,Resolved
7503-ZGUZJ,Male  ,0,No     ,No        ,1,Yes         ,Yes             ,Fiber optic    ,No                 ,Yes                ,No                 ,Month-to-month,Yes             ,Mailed check             ,84.65,California,Riverside             ,33.920907,-117.489426,25,No     ,No               ,0,None   ,51,No             ,No            ,0.0,40,22.3,146.95000000000002,Low,7,1,8,Resolved
2157-MXBJS,Male  ,0,Yes    ,No        ,13,Yes         ,Yes             ,DSL            ,No                 ,Yes                ,Yes                ,One year      ,Yes             ,Mailed check             ,75.3,California,Calistoga             ,38.629618,-122.593216,20,Yes    ,Yes              ,1,Offer D,82,Yes            ,Yes           ,0.0,0,535.86,1525.31,Medium,8,0,8,Resolved
3926-CUQZX,Male  ,0,No     ,No        ,1,Yes         ,No              ,DSL            ,No                 ,No                 ,No                 ,Month-to-month,Yes             ,Bank transfer (automatic),45.1,California,Campo                 ,32.673483,-116.472863,27,No     ,No               ,0,Offer E,58,Yes            ,Yes           ,0.0,0,11.06,56.16,Medium,7,0,7,Resolved
4847-QNOKA,Female,0,No     ,No        ,1,Yes         ,No              ,DSL            ,No                 ,No                 ,No                 ,Month-to-month,Yes             ,Bank transfer (automatic),44.9,California,Modesto               ,37.672906,-120.946594,30,No     ,No               ,0,Offer E,59,No             ,Yes           ,0.0,0,41.78,86.68,Low,7,0,7,Resolved
2223-KAGMX,Female,0,No     ,No        ,15,Yes         ,No              ,No             ,No internet service,No internet service,No internet service,Month-to-month,No              ,Bank transfer (automatic),19.4,California,Santa Rosa            ,38.468893,-122.580539,47,No     ,No               ,0,Offer D,0,No             ,No            ,0.0,0,497.1,786.4000000000001,Low,8,1,9,Resolved
0824-VWDPO,Female,0,No     ,No        ,45,Yes         ,Yes             ,Fiber optic    ,No                 ,No                 ,Yes                ,One year      ,No              ,Bank transfer (automatic),96.75,California,Mckinleyville         ,40.965011,-124.015255,58,No     ,No               ,0,None   ,30,Yes            ,Yes           ,0.0,0,70.65,4513.4,High,7,1,8,Resolved
2519-FAKOD,Male  ,0,No     ,Yes       ,38,Yes         ,Yes             ,Fiber optic    ,No                 ,Yes                ,Yes                ,Month-to-month,Yes             ,Bank transfer (automatic),99.25,California,Tehachapi             ,35.073777,-118.652112,30,No     ,No               ,0,Offer C,85,Yes            ,Yes           ,0.0,0,1188.26,4965.41,Low,7,0,7,Resolved
1965-AKTSX,Female,1,No     ,No        ,14,Yes         ,Yes             ,Fiber optic    ,No                 ,No                 ,No                 ,Month-to-month,Yes             ,Electronic check         ,78.95,California,Byron                 ,37.83323,-121.601461,65,No     ,No               ,0,Offer D,6,No             ,Yes           ,0.0,0,229.04,1330.89,Low,8,1,9,Resolved
3530-CRZSB,Female,0,No     ,No        ,7,Yes         ,No              ,No             ,No internet service,No internet service,No internet service,Month-to-month,No              ,Mailed check             ,20.65,California,Malibu                ,34.037037,-118.705803,55,No     ,No               ,0,None   ,0,No             ,No            ,0.0,0,108.78,264.68,High,1,4,5,Resolved
3177-LASXD,Female,0,No     ,No        ,1,Yes         ,No              ,Fiber optic    ,No                 ,No                 ,No                 ,Month-to-month,No              ,Electronic check         ,71.35,California,Westmorland           ,33.03679,-115.60503,43,No     ,No               ,0,None   ,13,No             ,No            ,0.0,0,40.4,111.75,Medium,7,1,8,Resolved
1038-ZAGBI,Female,0,Yes    ,Yes       ,12,Yes         ,No              ,No             ,No internet service,No internet service,No internet service,One year      ,No              ,Bank transfer (automatic),19.8,California,Fresno                ,36.833002,-119.82947,59,Yes    ,Yes              ,1,None   ,0,No             ,No            ,0.0,0,451.8,681.4,Medium,9,1,10,Resolved
7270-BDIOA,Female,0,No     ,No        ,22,Yes         ,Yes             ,Fiber optic    ,Yes                ,Yes                ,No                 ,Month-to-month,Yes             ,Electronic check         ,90.0,California,Maxwell               ,39.281194,-122.226568,60,No     ,No               ,0,None   ,23,No             ,Yes           ,0.0,0,268.18,2261.98,Low,9,1,10,Resolved
4086-YQSNZ,Female,1,Yes    ,No        ,3,Yes         ,No              ,Fiber optic    ,No                 ,Yes                ,No                 ,Month-to-month,Yes             ,Electronic check         ,80.4,California,Glencoe               ,38.358464,-120.579304,74,Yes    ,Yes              ,1,Offer E,9,No             ,Yes           ,0.0,0,9.87,233.92,Low,8,0,8,NotResolved
5309-TAIKL,Female,0,No     ,No        ,7,Yes         ,No              ,DSL            ,Yes                ,No                 ,Yes                ,Month-to-month,No              ,Bank transfer (automatic),62.8,California,Rio Linda             ,38.688764,-121.457596,42,No     ,No               ,0,None   ,21,Yes            ,Yes           ,0.0,0,58.03,476.33,High,1,5,6,Resolved
4145-UQXUQ,Female,1,No     ,No        ,8,Yes         ,No              ,Fiber optic    ,No                 ,Yes                ,Yes                ,Month-to-month,Yes             ,Electronic check         ,92.1,California,Berkeley              ,37.872902,-122.303708,71,No     ,No               ,0,Offer E,9,No             ,Yes           ,0.0,0,343.44,1073.39,Low,8,0,8,Resolved
2884-GBPFB,Female,0,Yes    ,No        ,35,Yes         ,No              ,Fiber optic    ,No                 ,No                 ,No                 ,Month-to-month,Yes             ,Electronic check         ,70.3,California,Morro Bay             ,35.369553,-120.763864,61,Yes    ,Yes              ,4,Offer C,4,No             ,No            ,0.0,80,365.05,2861.6000000000004,Medium,7,0,7,NotResolved
6867-ACCZI,Female,0,Yes    ,Yes       ,24,No          ,No phone service,DSL            ,Yes                ,No                 ,Yes                ,Two year      ,Yes             ,Mailed check             ,52.5,California,Bethel Island         ,38.050558,-121.646924,34,Yes    ,Yes              ,1,Offer C,75,Yes            ,Yes           ,0.0,0,0.0,1208.15,Medium,0,5,5,Resolved
6313-GIDIT,Male  ,1,No     ,No        ,53,No          ,No phone service,DSL            ,No                 ,Yes                ,Yes                ,Month-to-month,Yes             ,Electronic check         ,54.45,California,Point Arena           ,38.911299,-123.609588,73,No     ,No               ,0,None   ,25,No             ,Yes           ,20.16,0,0.0,2834.3900000000003,Low,6,1,7,Resolved
0727-BMPLR,Female,1,No     ,No        ,55,Yes         ,Yes             ,Fiber optic    ,No                 ,Yes                ,Yes                ,One year      ,Yes             ,Electronic check         ,100.0,California,Fresno                ,36.654614,-119.903674,66,No     ,No               ,0,None   ,7,Yes            ,No            ,0.0,100,2055.9,7665.200000000001,Medium,8,0,8,Resolved
2055-PDADH,Female,1,No     ,No        ,3,Yes         ,No              ,Fiber optic    ,No                 ,No                 ,No                 ,Month-to-month,Yes             ,Electronic check         ,70.4,California,Big Bend              ,41.096569,-121.879082,71,No     ,No               ,0,Offer E,3,No             ,Yes           ,0.0,0,6.779999999999999,211.48,Medium,6,1,7,Resolved
9152-AMKAK,Male  ,0,No     ,No        ,6,Yes         ,No              ,DSL            ,Yes                ,Yes                ,Yes                ,Two year      ,Yes             ,Mailed check             ,80.25,California,Coalinga              ,36.186867,-120.387793,50,No     ,No               ,0,Offer E,10,Yes            ,Yes           ,0.0,0,137.7,631.0999999999999,High,1,3,4,Resolved
6599-GZWCM,Female,0,No     ,No        ,13,Yes         ,No              ,Fiber optic    ,No                 ,No                 ,No                 ,One year      ,Yes             ,Mailed check             ,74.65,California,San Jose              ,37.305622,-122.000887,39,No     ,No               ,0,None   ,15,No             ,Yes           ,0.0,0,554.06,1520.31,High,0,5,5,Resolved
2324-AALNO,Female,0,No     ,No        ,48,Yes         ,Yes             ,No             ,No internet service,No internet service,No internet service,One year      ,No              ,Bank transfer (automatic),24.55,California,Porterville           ,36.008958,-118.891593,63,No     ,No               ,0,Offer B,0,No             ,No            ,36.04,0,1140.48,2308.3900000000003,High,1,5,6,Resolved
1415-YFWLT,Female,1,No     ,No        ,1,Yes         ,No              ,Fiber optic    ,No                 ,Yes                ,Yes                ,Month-to-month,Yes             ,Electronic check         ,89.3,California,Shaver Lake           ,37.223,-119.001021,68,No     ,No               ,0,Offer E,30,No             ,Yes           ,0.0,0,30.23,119.53,Low,8,0,8,Resolved
1977-STDKI,Female,1,No     ,No        ,1,Yes         ,No              ,Fiber optic    ,No                 ,No                 ,No                 ,Month-to-month,Yes             ,Electronic check         ,73.0,California,The Sea Ranch         ,38.696659,-123.436861,72,No     ,No               ,0,None   ,5,No             ,Yes           ,0.0,0,20.55,93.55,Low,7,1,8,Resolved
9565-DJPIB,Female,0,No     ,Yes       ,4,Yes         ,Yes             ,Fiber optic    ,No                 ,Yes                ,No                 ,Month-to-month,No              ,Mailed check             ,89.6,California,Vallejo               ,38.104705,-122.247387,64,No     ,No               ,0,Offer E,20,No             ,Yes           ,0.0,0,147.04,512.6899999999999,Low,8,1,9,Resolved
6620-JDYNW,Female,0,No     ,No        ,18,Yes         ,Yes             ,DSL            ,No                 ,No                 ,No                 ,Month-to-month,Yes             ,Mailed check             ,60.6,California,Leggett               ,39.873371,-123.741474,64,No     ,No               ,0,Offer D,9,No             ,Yes           ,0.0,0,197.46,1353.81,Medium,7,1,8,Resolved
2025-JKFWI,Male  ,0,No     ,No        ,13,Yes         ,Yes             ,Fiber optic    ,Yes                ,Yes                ,Yes                ,Month-to-month,Yes             ,Mailed check             ,99.0,California,Burbank               ,34.188339,-118.300942,31,No     ,No               ,0,None   ,21,Yes            ,Yes           ,0.0,0,313.82,1615.52,Low,8,0,8,Resolved
4523-WXCEF,Female,0,Yes    ,No        ,59,Yes         ,Yes             ,Fiber optic    ,No                 ,Yes                ,Yes                ,Month-to-month,No              ,Electronic check         ,101.1,California,San Jose              ,37.305622,-122.000887,21,Yes    ,Yes              ,4,Offer B,48,Yes            ,Yes           ,0.0,0,544.57,6584.469999999999,Low,8,0,8,Resolved
3426-NIYYL,Male  ,0,No     ,No        ,15,Yes         ,Yes             ,DSL            ,No                 ,No                 ,No                 ,Month-to-month,No              ,Electronic check         ,51.55,California,Sausalito             ,37.848641,-122.515692,47,No     ,No               ,0,Offer D,26,No             ,No            ,0.0,20,47.25,832.75,Low,6,0,6,Resolved
8705-WZCYL,Male  ,0,No     ,No        ,1,Yes         ,No              ,DSL            ,No                 ,No                 ,No                 ,Month-to-month,Yes             ,Electronic check         ,44.8,California,Encinitas             ,33.054579,-117.25665,40,No     ,No               ,0,Offer E,26,No             ,Yes           ,0.0,0,27.46,72.25999999999999,High,0,4,4,Resolved
9959-WOFKT,Male  ,0,No     ,Yes       ,71,Yes         ,Yes             ,Fiber optic    ,No                 ,Yes                ,Yes                ,Two year      ,No              ,Bank transfer (automatic),106.7,California,Los Angeles           ,34.049841,-118.33846,61,No     ,No               ,0,None   ,7,Yes            ,Yes           ,0.0,0,1041.57,8423.82,Medium,7,0,7,Resolved
8318-LCNBW,Male  ,0,Yes    ,No        ,35,No          ,No phone service,DSL            ,No                 ,Yes                ,Yes                ,One year      ,No              ,Credit card (automatic)  ,53.15,California,San Luis Obispo       ,35.236549,-120.727344,53,Yes    ,Yes              ,5,None   ,30,Yes            ,Yes           ,0.0,0,0.0,1930.9,Medium,1,5,6,NotResolved
3500-NSDOA,Male  ,0,Yes    ,Yes       ,68,Yes         ,Yes             ,DSL            ,Yes                ,No                 ,Yes                ,Two year      ,No              ,Credit card (automatic)  ,70.8,California,Los Angeles           ,34.008293,-118.346766,35,Yes    ,Yes              ,1,None   ,10,Yes            ,Yes           ,0.0,0,756.16,5616.11,High,6,1,7,Resolved
9447-YPTBX,Female,0,Yes    ,No        ,50,Yes         ,No              ,No             ,No internet service,No internet service,No internet service,One year      ,Yes             ,Bank transfer (automatic),19.85,California,Alhambra              ,34.090925,-118.128164,30,Yes    ,Yes              ,1,None   ,0,No             ,No            ,0.0,0,1405.0,2348.1,High,1,4,5,Resolved
6711-VTNRE,Female,0,No     ,No        ,36,Yes         ,No              ,Fiber optic    ,Yes                ,No                 ,Yes                ,Month-to-month,Yes             ,Electronic check         ,87.55,California,Tranquillity          ,36.635661,-120.288644,42,No     ,No               ,0,None   ,24,Yes            ,Yes           ,0.0,0,997.92,4076.02,Low,9,1,10,Resolved
7480-SPLEF,Male  ,0,Yes    ,Yes       ,69,Yes         ,Yes             ,No             ,No internet service,No internet service,No internet service,Two year      ,Yes             ,Bank transfer (automatic),26.0,California,Dunlap                ,36.789213,-119.140338,63,Yes    ,Yes              ,5,None   ,0,No             ,No            ,0.0,0,800.4,2596.95,Medium,0,3,3,Resolved
9696-RMYBA,Male  ,0,No     ,No        ,5,Yes         ,No              ,Fiber optic    ,No                 ,Yes                ,No                 ,Month-to-month,Yes             ,Mailed check             ,80.1,California,Los Angeles           ,33.964131,-118.272783,56,No     ,No               ,0,None   ,13,No             ,Yes           ,0.0,0,61.75,460.3,Medium,0,3,3,Resolved
8510-TMWYB,Female,0,Yes    ,Yes       ,54,Yes         ,Yes             ,DSL            ,No                 ,No                 ,No                 ,Two year      ,Yes             ,Bank transfer (automatic),59.8,California,Sacramento            ,38.584505,-121.491956,61,Yes    ,Yes              ,9,None   ,21,No             ,Yes           ,0.0,0,1243.08,4489.53,High,0,3,3,Resolved
9050-QLROH,Male  ,0,No     ,No        ,18,Yes         ,Yes             ,Fiber optic    ,No                 ,No                 ,Yes                ,Month-to-month,Yes             ,Credit card (automatic)  ,90.7,California,Niland                ,33.345825,-115.596574,26,No     ,No               ,0,None   ,26,Yes            ,Yes           ,0.0,0,514.62,2111.87,Low,8,1,9,Resolved
7359-PTSXY,Male  ,0,No     ,No        ,1,Yes         ,No              ,DSL            ,No                 ,No                 ,No                 ,Month-to-month,No              ,Electronic check         ,45.75,California,Tustin                ,33.735802,-117.818805,36,No     ,No               ,0,None   ,28,No             ,Yes           ,0.0,0,24.24,69.99,Low,9,1,10,Resolved
6078-VESFR,Male  ,1,Yes    ,No        ,13,Yes         ,No              ,Fiber optic    ,No                 ,No                 ,No                 ,Month-to-month,No              ,Bank transfer (automatic),70.45,California,Vista                 ,33.22784,-117.200024,78,Yes    ,Yes              ,1,None   ,26,No             ,Yes           ,0.0,0,475.41,1324.51,High,1,6,7,Resolved
8329-GWVPJ,Female,0,Yes    ,Yes       ,50,Yes         ,No              ,Fiber optic    ,No                 ,No                 ,No                 ,Month-to-month,Yes             ,Bank transfer (automatic),69.75,California,Berkeley              ,37.897743,-122.263124,39,Yes    ,Yes              ,8,Offer B,23,No             ,Yes           ,0.0,0,510.50000000000006,4068.2,High,6,1,7,Resolved
8957-THMOA,Female,0,No     ,Yes       ,50,Yes         ,No              ,No             ,No internet service,No internet service,No internet service,Two year      ,No              ,Credit card (automatic)  ,20.15,California,Big Bear City         ,34.278967,-116.773825,40,No     ,No               ,0,None   ,0,No             ,No            ,0.0,0,947.5,1918.35,Medium,1,3,4,Resolved
4745-LSPLO,Male  ,0,No     ,No        ,1,Yes         ,No              ,No             ,No internet service,No internet service,No internet service,Month-to-month,No              ,Mailed check             ,20.5,California,San Diego             ,32.805518,-117.169052,22,No     ,No               ,0,None   ,0,No             ,No            ,0.0,0,19.85,40.35,Low,8,0,8,Resolved
8861-HGGKB,Female,0,No     ,No        ,10,Yes         ,Yes             ,Fiber optic    ,No                 ,No                 ,Yes                ,Month-to-month,No              ,Electronic check         ,86.45,California,San Diego             ,32.762506,-117.07245,57,No     ,No               ,0,None   ,20,Yes            ,Yes           ,0.0,0,176.5,1007.35,Low,8,0,8,Resolved
1596-BBVTG,Male  ,0,No     ,No        ,35,Yes         ,Yes             ,Fiber optic    ,No                 ,No                 ,No                 ,Month-to-month,No              ,Credit card (automatic)  ,75.35,California,Fresno                ,36.833002,-119.82947,53,No     ,No               ,0,Offer C,21,No             ,Yes           ,0.0,0,876.4,3512.4500000000003,Medium,7,1,8,Resolved
4059-IIEBK,Female,0,No     ,No        ,7,Yes         ,Yes             ,Fiber optic    ,No                 ,No                 ,No                 ,Month-to-month,Yes             ,Bank transfer (automatic),78.55,California,Ojai                  ,34.581308,-118.931948,51,No     ,No               ,0,None   ,16,No             ,Yes           ,47.19,0,285.32,761.08,Medium,6,1,7,Resolved
1661-CZBAU,Male  ,0,No     ,No        ,48,Yes         ,Yes             ,DSL            ,Yes                ,No                 ,Yes                ,One year      ,Yes             ,Bank transfer (automatic),70.95,California,Carlotta              ,40.497283,-123.93037,50,No     ,No               ,0,Offer B,18,Yes            ,Yes           ,0.0,0,2148.48,5777.68,Medium,1,6,7,Resolved
0329-GTIAJ,Female,0,No     ,No        ,3,Yes         ,No              ,Fiber optic    ,Yes                ,Yes                ,Yes                ,Month-to-month,Yes             ,Electronic check         ,97.9,California,Garden Grove          ,33.766476,-117.969795,40,No     ,No               ,0,None   ,7,Yes            ,Yes           ,0.0,0,90.54,405.84,Medium,8,0,8,NotResolved
1970-KKFWL,Female,0,No     ,No        ,35,Yes         ,Yes             ,No             ,No internet service,No internet service,No internet service,Two year      ,No              ,Bank transfer (automatic),23.3,California,Rescue                ,38.724322,-120.991237,38,No     ,No               ,0,None   ,0,No             ,No            ,0.0,0,228.2,1025.3,Medium,7,1,8,Resolved
1488-PBLJN,Female,0,Yes    ,Yes       ,72,Yes         ,Yes             ,Fiber optic    ,Yes                ,Yes                ,Yes                ,Two year      ,Yes             ,Bank transfer (automatic),116.85,California,San Diego             ,32.827238,-117.089287,63,Yes    ,Yes              ,1,Offer A,14,Yes            ,Yes           ,0.0,0,2291.76,10769.46,Medium,0,4,4,Resolved
7148-XZPHA,Male  ,0,Yes    ,Yes       ,55,Yes         ,No              ,Fiber optic    ,Yes                ,No                 ,No                 ,Month-to-month,No              ,Electronic check         ,79.4,California,Rancho Cordova        ,38.602723,-121.279913,43,Yes    ,Yes              ,9,None   ,53,No             ,Yes           ,0.0,0,739.75,4978.2,High,0,4,4,Resolved
0670-KDOMA,Female,0,No     ,No        ,1,Yes         ,No              ,No             ,No internet service,No internet service,No internet service,Month-to-month,Yes             ,Mailed check             ,20.25,California,Chowchilla            ,37.100948,-120.270136,42,No     ,No               ,0,Offer E,0,No             ,No            ,0.0,0,28.18,48.43,High,6,1,7,Resolved
4129-LYCOI,Female,0,No     ,Yes       ,67,Yes         ,Yes             ,Fiber optic    ,Yes                ,Yes                ,Yes                ,Two year      ,Yes             ,Electronic check         ,104.0,California,Guinda                ,38.830739,-122.196202,28,No     ,No               ,0,None   ,59,Yes            ,Yes           ,0.0,0,840.18,7879.23,Medium,1,4,5,Resolved
5174-RNGBH,Female,0,No     ,No        ,9,Yes         ,No              ,DSL            ,Yes                ,Yes                ,No                 ,Month-to-month,No              ,Mailed check             ,66.25,California,Live Oak              ,39.258746,-121.77697,27,No     ,No               ,0,None   ,69,No             ,No            ,0.0,10,223.29,853.8399999999999,Medium,6,1,7,Resolved
4704-ERYFC,Female,0,Yes    ,No        ,22,Yes         ,No              ,Fiber optic    ,No                 ,No                 ,No                 ,Month-to-month,Yes             ,Electronic check         ,69.25,California,Knights Landing       ,38.875508,-121.765866,19,Yes    ,Yes              ,1,None   ,52,No             ,Yes           ,0.0,0,706.42,2260.42,Low,8,1,9,Resolved
6647-ZEDXT,Female,0,No     ,No        ,30,Yes         ,Yes             ,Fiber optic    ,Yes                ,Yes                ,Yes                ,One year      ,No              ,Credit card (automatic)  ,110.45,California,Santa Maria           ,34.818227,-120.418784,19,No     ,No               ,0,None   ,27,Yes            ,Yes           ,0.0,0,394.8,3721.85,High,1,5,6,Resolved
8433-WXGNA,Male  ,0,No     ,No        ,2,Yes         ,No              ,Fiber optic    ,No                 ,No                 ,No                 ,Month-to-month,Yes             ,Electronic check         ,75.7,California,Salinas               ,36.722898,-121.633648,55,No     ,No               ,0,None   ,2,No             ,Yes           ,0.0,0,84.32,273.52,Low,8,0,8,Resolved
6173-ITPWD,Male  ,0,Yes    ,No        ,47,Yes         ,Yes             ,Fiber optic    ,No                 ,No                 ,No                 ,Month-to-month,Yes             ,Bank transfer (automatic),83.35,California,Heber                 ,32.730583,-115.501083,26,Yes    ,Yes              ,1,Offer B,59,Yes            ,No            ,0.0,140,824.38,5029.38,Low,9,1,10,Resolved
3737-GCSPV,Female,0,Yes    ,No        ,11,Yes         ,Yes             ,Fiber optic    ,Yes                ,Yes                ,No                 ,Month-to-month,Yes             ,Credit card (automatic)  ,96.2,California,Millbrae              ,37.601248,-122.403099,60,Yes    ,Yes              ,5,None   ,19,No             ,Yes           ,0.0,0,295.68,1517.73,Low,9,1,10,NotResolved
1383-EZRWL,Female,0,No     ,No        ,7,Yes         ,No              ,No             ,No internet service,No internet service,No internet service,Month-to-month,No              ,Mailed check             ,20.05,California,Long Beach            ,33.819814,-118.222416,62,No     ,No               ,0,Offer E,0,No             ,No            ,0.0,0,337.54,502.39,Low,8,0,8,Resolved
7893-IXHRQ,Male  ,0,No     ,No        ,1,Yes         ,No              ,No             ,No internet service,No internet service,No internet service,Month-to-month,No              ,Electronic check         ,20.55,California,Sacramento            ,38.542532,-121.378826,53,No     ,No               ,0,None   ,0,No             ,No            ,0.0,0,15.91,36.46,Low,8,0,8,NotResolved
0953-LGOVU,Male  ,0,Yes    ,Yes       ,12,No          ,No phone service,DSL            ,Yes                ,No                 ,No                 ,Month-to-month,No              ,Mailed check             ,35.5,California,Clearlake             ,38.965804,-122.631779,19,Yes    ,Yes              ,7,Offer D,73,No             ,Yes           ,0.0,0,0.0,432.25,High,7,0,7,NotResolved
0818-OCPZO,Male  ,1,No     ,No        ,27,Yes         ,Yes             ,Fiber optic    ,No                 ,No                 ,No                 ,Month-to-month,Yes             ,Electronic check         ,81.45,California,Los Angeles           ,33.927254,-118.249826,80,No     ,No               ,0,None   ,5,No             ,Yes           ,0.0,0,1158.57,3280.62,Medium,8,0,8,Resolved
0220-EBGCE,Male  ,0,No     ,No        ,2,Yes         ,No              ,Fiber optic    ,No                 ,No                 ,Yes                ,Month-to-month,Yes             ,Electronic check         ,85.85,California,Fort Jones            ,41.5837,-122.935922,58,No     ,No               ,0,Offer E,28,Yes            ,Yes           ,0.0,0,28.28,195.58,Low,6,0,6,Resolved
6032-KRXXO,Male  ,0,No     ,No        ,30,Yes         ,No              ,Fiber optic    ,No                 ,Yes                ,Yes                ,Month-to-month,Yes             ,Electronic check         ,90.25,California,Seiad Valley          ,41.924174,-123.260788,33,No     ,No               ,0,None   ,19,Yes            ,Yes           ,0.0,0,901.8,3657.15,Low,8,0,8,Resolved
5510-BOIUJ,Male  ,0,No     ,Yes       ,1,Yes         ,No              ,No             ,No internet service,No internet service,No internet service,Month-to-month,No              ,Mailed check             ,19.25,California,Visalia               ,36.303793,-119.375646,35,No     ,No               ,0,None   ,0,No             ,No            ,0.0,0,12.81,32.06,Medium,8,1,9,Resolved
2040-VZIKE,Female,0,Yes    ,No        ,49,Yes         ,Yes             ,Fiber optic    ,No                 ,Yes                ,Yes                ,Month-to-month,Yes             ,Mailed check             ,100.85,California,Stevinson             ,37.316807,-120.855753,56,Yes    ,Yes              ,3,None   ,10,Yes            ,Yes           ,0.0,0,2195.69,7043.040000000001,Medium,1,6,7,Resolved
0835-JKADZ,Female,0,No     ,No        ,71,Yes         ,Yes             ,Fiber optic    ,Yes                ,Yes                ,Yes                ,Two year      ,Yes             ,Electronic check         ,111.25,California,San Francisco         ,37.768881,-122.395521,29,No     ,No               ,0,None   ,53,Yes            ,Yes           ,0.0,0,2976.32,10960.47,High,0,6,6,Resolved
8128-YVJRG,Female,0,No     ,No        ,7,Yes         ,Yes             ,Fiber optic    ,No                 ,No                 ,No                 ,Month-to-month,Yes             ,Mailed check             ,79.65,California,Berkeley              ,37.878554,-122.26609,61,No     ,No               ,0,None   ,18,No             ,Yes           ,0.0,0,282.24,886.94,Low,8,1,9,Resolved
9300-AGZNL,Male  ,1,No     ,No        ,1,Yes         ,Yes             ,Fiber optic    ,No                 ,Yes                ,Yes                ,Month-to-month,Yes             ,Electronic check         ,94.0,California,Elk Creek             ,39.53222,-122.594879,76,No     ,No               ,0,None   ,29,No             ,Yes           ,0.0,0,21.85,115.85,Low,6,1,7,Resolved
8782-LKFPK,Male  ,0,No     ,No        ,44,Yes         ,Yes             ,Fiber optic    ,No                 ,No                 ,Yes                ,Month-to-month,Yes             ,Mailed check             ,90.4,California,Beaumont              ,33.946982,-116.977672,50,No     ,No               ,0,None   ,16,Yes            ,Yes           ,0.0,0,1976.48,6039.48,High,6,1,7,Resolved
7673-LPRNY,Female,0,No     ,No        ,23,Yes         ,Yes             ,DSL            ,No                 ,Yes                ,Yes                ,One year      ,Yes             ,Electronic check         ,78.55,California,Pasadena              ,34.165383,-118.123752,43,No     ,No               ,0,None   ,12,Yes            ,Yes           ,19.63,0,1124.24,2947.66,Medium,0,5,5,Resolved
5135-RDDQL,Female,0,Yes    ,Yes       ,63,Yes         ,No              ,DSL            ,No                 ,No                 ,No                 ,Two year      ,Yes             ,Bank transfer (automatic),50.65,California,Corning               ,39.913777,-122.289984,37,Yes    ,Yes              ,6,Offer B,11,No             ,Yes           ,37.04,0,1595.16,4779.37,Medium,1,4,5,Resolved
6770-XUAGN,Female,0,Yes    ,Yes       ,1,Yes         ,No              ,No             ,No internet service,No internet service,No internet service,Month-to-month,Yes             ,Electronic check         ,21.0,California,North Hollywood       ,34.207295,-118.400022,30,Yes    ,Yes              ,1,Offer E,0,No             ,No            ,0.0,0,16.66,37.66,Low,9,0,9,Resolved
2725-KXXWT,Male  ,0,Yes    ,No        ,1,Yes         ,No              ,Fiber optic    ,No                 ,Yes                ,Yes                ,Month-to-month,Yes             ,Electronic check         ,90.75,California,Vallejo               ,38.161321,-122.271588,26,Yes    ,No               ,0,Offer E,52,Yes            ,Yes           ,0.0,0,23.06,113.81,Medium,8,0,8,Resolved
4195-PNGZS,Male  ,0,Yes    ,Yes       ,69,Yes         ,Yes             ,No             ,No internet service,No internet service,No internet service,Two year      ,No              ,Bank transfer (automatic),24.45,California,Irvine                ,33.716136,-117.752574,23,Yes    ,Yes              ,1,None   ,0,No             ,No            ,0.0,0,2283.21,4001.41,High,1,4,5,Resolved
9524-EGPJC,Female,0,No     ,No        ,18,Yes         ,Yes             ,Fiber optic    ,Yes                ,No                 ,Yes                ,Month-to-month,Yes             ,Electronic check         ,90.1,California,Walnut Creek          ,37.862128,-122.075197,33,No     ,No               ,0,None   ,19,Yes            ,Yes           ,48.26,0,615.78,2180.27,Low,8,1,9,NotResolved
8640-SDGKB,Male  ,0,No     ,No        ,4,Yes         ,No              ,DSL            ,Yes                ,Yes                ,Yes                ,Month-to-month,Yes             ,Electronic check         ,74.4,California,Los Angeles           ,34.002028,-118.430656,39,No     ,No               ,0,None   ,3,Yes            ,Yes           ,0.0,0,115.56,415.26,Low,6,0,6,Resolved
8399-YNDCH,Male  ,1,No     ,No        ,21,Yes         ,No              ,DSL            ,No                 ,Yes                ,No                 ,Month-to-month,Yes             ,Bank transfer (automatic),60.05,California,Columbia              ,38.085839,-120.37855,80,No     ,No               ,0,None   ,14,No             ,Yes           ,0.0,0,727.02,1963.17,Low,7,1,8,Resolved
9540-JYROE,Male  ,0,No     ,No        ,8,Yes         ,No              ,Fiber optic    ,No                 ,No                 ,No                 ,Month-to-month,Yes             ,Mailed check             ,70.1,California,Bonita                ,32.67117,-117.00232,30,No     ,No               ,0,None   ,85,No             ,No            ,0.0,10,104.32,665.6700000000001,Low,7,1,8,Resolved
6502-HCJTI,Male  ,1,Yes    ,No        ,7,Yes         ,Yes             ,Fiber optic    ,No                 ,No                 ,Yes                ,Month-to-month,Yes             ,Credit card (automatic)  ,94.7,California,Lakewood              ,33.840524,-118.148403,78,Yes    ,No               ,0,None   ,17,Yes            ,Yes           ,0.0,0,67.89999999999999,741.0,Low,7,0,7,Resolved
8644-XLFBW,Male  ,1,No     ,No        ,1,Yes         ,No              ,Fiber optic    ,No                 ,No                 ,No                 ,Month-to-month,Yes             ,Electronic check         ,71.65,California,Lake Elsinore         ,33.705836,-117.318204,65,No     ,No               ,0,Offer E,12,No             ,Yes           ,0.0,0,28.46,100.11,Low,8,0,8,Resolved
4603-JANFB,Male  ,0,No     ,No        ,1,Yes         ,No              ,Fiber optic    ,No                 ,No                 ,No                 ,Month-to-month,Yes             ,Electronic check         ,69.85,California,Glencoe               ,38.358464,-120.579304,51,No     ,No               ,0,Offer E,19,No             ,Yes           ,0.0,0,12.13,81.97999999999999,Low,9,0,9,Resolved
1087-UDSIH,Female,0,No     ,No        ,3,Yes         ,No              ,No             ,No internet service,No internet service,No internet service,Month-to-month,Yes             ,Mailed check             ,19.6,California,Concord               ,38.013825,-122.039144,38,No     ,No               ,0,Offer E,0,No             ,No            ,0.0,0,39.84,99.59,Medium,8,1,9,NotResolved
0691-JVSYA,Female,0,Yes    ,No        ,53,Yes         ,No              ,Fiber optic    ,No                 ,Yes                ,Yes                ,One year      ,Yes             ,Bank transfer (automatic),94.85,California,Pasadena              ,34.167465,-118.165327,24,Yes    ,Yes              ,5,None   ,73,Yes            ,Yes           ,18.55,0,2152.86,7134.509999999999,Low,8,1,9,Resolved
2737-YNGYW,Female,0,No     ,No        ,2,Yes         ,No              ,Fiber optic    ,No                 ,No                 ,Yes                ,Month-to-month,No              ,Electronic check         ,80.55,California,Hemet                 ,33.739415,-116.968339,29,No     ,No               ,0,Offer E,41,Yes            ,Yes           ,0.0,0,67.78,251.88,Medium,6,1,7,Resolved
5857-TYBCJ,Male  ,1,Yes    ,No        ,44,Yes         ,Yes             ,Fiber optic    ,No                 ,Yes                ,No                 ,Month-to-month,Yes             ,Electronic check         ,89.2,California,Dixon                 ,38.392821,-121.799917,72,Yes    ,Yes              ,6,Offer B,30,No             ,Yes           ,0.0,0,644.6,4684.8,High,1,4,5,Resolved
9356-AXGMP,Male  ,0,Yes    ,No        ,38,Yes         ,Yes             ,Fiber optic    ,Yes                ,Yes                ,Yes                ,One year      ,Yes             ,Electronic check         ,110.7,California,Somerset              ,38.606703,-120.586659,59,Yes    ,Yes              ,9,Offer C,15,Yes            ,Yes           ,0.0,0,1599.04,6027.64,Medium,6,1,7,Resolved
6394-MFYNG,Female,0,No     ,No        ,48,Yes         ,Yes             ,Fiber optic    ,No                 ,Yes                ,Yes                ,Month-to-month,Yes             ,Bank transfer (automatic),107.4,California,Solana Beach          ,33.001813,-117.263628,20,No     ,No               ,0,None   ,47,Yes            ,Yes           ,0.0,0,249.12,5370.42,Low,8,1,9,Resolved
6207-WIOLX,Female,0,Yes    ,Yes       ,25,No          ,No phone service,DSL            ,No                 ,Yes                ,Yes                ,Month-to-month,Yes             ,Credit card (automatic)  ,58.6,California,Avalon                ,33.391181,-118.421305,27,Yes    ,Yes              ,6,Offer C,48,Yes            ,Yes           ,4.48,0,0.0,1498.17,Low,9,0,9,Resolved
2834-SPCJV,Male  ,0,Yes    ,No        ,52,Yes         ,No              ,Fiber optic    ,No                 ,Yes                ,No                 ,Month-to-month,No              ,Electronic check         ,84.1,California,Rough And Ready       ,39.225634,-121.156163,40,Yes    ,Yes              ,1,None   ,14,No             ,Yes           ,0.0,0,1995.24,6343.889999999999,Low,7,0,7,Resolved
3566-HJGPK,Male  ,0,No     ,No        ,1,Yes         ,No              ,DSL            ,No                 ,No                 ,No                 ,Month-to-month,Yes             ,Mailed check             ,45.55,California,Woodland Hills        ,34.178068,-118.615714,50,No     ,No               ,0,Offer E,4,No             ,Yes           ,0.0,0,16.34,61.89,High,1,4,5,Resolved
6986-IJDHX,Male  ,0,Yes    ,Yes       ,39,Yes         ,No              ,Fiber optic    ,No                 ,Yes                ,No                 ,Month-to-month,Yes             ,Mailed check             ,86.3,California,Huntington Beach      ,33.679659,-118.016195,29,Yes    ,Yes              ,5,Offer C,19,No             ,Yes           ,0.0,0,1569.75,4835.75,Low,9,1,10,NotResolved
7463-IFMQU,Female,0,Yes    ,No        ,72,Yes         ,No              ,No             ,No internet service,No internet service,No internet service,Two year      ,No              ,Bank transfer (automatic),20.05,California,Laton                 ,36.444232,-119.718285,44,Yes    ,Yes              ,1,None   ,0,No             ,No            ,0.0,0,3401.28,4824.93,Medium,7,1,8,Resolved
9831-BPFRI,Female,0,Yes    ,Yes       ,39,Yes         ,Yes             ,Fiber optic    ,Yes                ,No                 ,No                 ,One year      ,Yes             ,Electronic check         ,89.55,California,Ferndale              ,40.4785,-124.301372,50,Yes    ,Yes              ,1,None   ,30,No             ,Yes           ,0.0,0,1377.48,4851.93,Low,6,1,7,Resolved
6695-FRVEC,Male  ,0,Yes    ,Yes       ,67,Yes         ,No              ,DSL            ,Yes                ,No                 ,No                 ,Two year      ,Yes             ,Bank transfer (automatic),60.4,California,Burbank               ,34.169706,-118.323548,60,Yes    ,Yes              ,1,None   ,13,No             ,No            ,0.0,40,1418.39,5412.09,Medium,7,1,8,Resolved
2034-CGRHZ,Male  ,1,No     ,No        ,24,Yes         ,Yes             ,Fiber optic    ,No                 ,Yes                ,Yes                ,Month-to-month,Yes             ,Credit card (automatic)  ,102.95,California,San Francisco         ,37.791222,-122.402241,73,No     ,No               ,0,None   ,26,No             ,Yes           ,0.0,0,77.52,2574.22,Medium,6,0,6,Resolved
9647-ERGBE,Female,0,Yes    ,Yes       ,30,Yes         ,Yes             ,Fiber optic    ,No                 ,Yes                ,Yes                ,Month-to-month,Yes             ,Electronic check         ,100.05,California,Turlock               ,37.474396,-120.875917,64,Yes    ,Yes              ,1,None   ,22,Yes            ,Yes           ,0.0,0,1192.2,4238.35,Low,10,1,11,Resolved
2165-VOEGB,Female,0,No     ,Yes       ,46,Yes         ,No              ,Fiber optic    ,Yes                ,Yes                ,Yes                ,One year      ,Yes             ,Bank transfer (automatic),105.2,California,Burbank               ,34.188339,-118.300942,23,No     ,No               ,0,None   ,71,Yes            ,Yes           ,0.0,0,1979.84,6802.6900000000005,Low,9,0,9,Resolved
6397-JNZZG,Female,1,Yes    ,No        ,43,No          ,No phone service,DSL            ,No                 ,Yes                ,Yes                ,Month-to-month,No              ,Credit card (automatic)  ,55.55,California,Adin                  ,41.171578,-120.913161,70,Yes    ,Yes              ,1,Offer B,21,No             ,Yes           ,0.0,0,0.0,2342.2,Low,8,1,9,Resolved
0428-IKYCP,Male  ,0,Yes    ,No        ,22,Yes         ,No              ,Fiber optic    ,No                 ,Yes                ,No                 ,Month-to-month,Yes             ,Bank transfer (automatic),87.0,California,Sonora                ,37.982716,-120.343732,56,Yes    ,Yes              ,9,None   ,18,No             ,Yes           ,0.0,0,1070.96,2921.61,High,1,5,6,Resolved
9019-QVLZD,Female,0,No     ,No        ,1,Yes         ,No              ,Fiber optic    ,No                 ,Yes                ,No                 ,Month-to-month,No              ,Electronic check         ,79.55,California,Oakland               ,37.803883,-122.208417,58,No     ,No               ,0,None   ,15,No             ,No            ,0.0,10,32.13,121.68,Low,8,0,8,Resolved
0810-DHDBD,Female,0,No     ,No        ,52,Yes         ,Yes             ,DSL            ,Yes                ,Yes                ,No                 ,One year      ,No              ,Credit card (automatic)  ,74.0,California,Rohnert Park          ,38.34719,-122.697822,31,No     ,No               ,0,None   ,21,No             ,Yes           ,0.0,0,1111.76,4989.41,Medium,0,4,4,Resolved
7365-BVCJH,Male  ,0,No     ,No        ,1,No          ,No phone service,DSL            ,No                 ,No                 ,No                 ,Month-to-month,Yes             ,Electronic check         ,24.4,California,Trinity Center        ,41.081847,-122.700545,40,No     ,No               ,0,Offer E,6,No             ,Yes           ,0.0,0,0.0,24.4,High,6,0,6,Resolved
2144-ESWKO,Male  ,0,No     ,No        ,43,No          ,No phone service,DSL            ,No                 ,No                 ,No                 ,One year      ,Yes             ,Credit card (automatic)  ,35.2,California,San Pedro             ,33.744119,-118.31448,47,No     ,No               ,0,None   ,4,No             ,Yes           ,0.0,0,0.0,1463.7,Medium,7,1,8,Resolved
3068-OMWZA,Male  ,1,No     ,No        ,1,Yes         ,Yes             ,Fiber optic    ,No                 ,Yes                ,No                 ,Month-to-month,Yes             ,Electronic check         ,88.8,California,Round Mountain        ,40.923558,-122.059933,77,No     ,No               ,0,None   ,20,No             ,No            ,0.0,10,49.6,148.4,Low,9,1,10,NotResolved
2720-WGKHP,Male  ,1,No     ,No        ,2,Yes         ,Yes             ,Fiber optic    ,No                 ,Yes                ,Yes                ,Month-to-month,Yes             ,Electronic check         ,94.0,California,Sloughhouse           ,38.470423,-121.114897,65,No     ,No               ,0,Offer E,22,Yes            ,Yes           ,0.0,0,41.98,223.68,Low,9,0,9,Resolved
1163-VIPRI,Female,0,Yes    ,Yes       ,65,Yes         ,Yes             ,Fiber optic    ,Yes                ,Yes                ,Yes                ,Two year      ,No              ,Electronic check         ,109.3,California,Garberville           ,40.057784,-123.679461,22,Yes    ,Yes              ,4,Offer B,47,Yes            ,Yes           ,0.0,0,861.25,8198.8,High,0,6,6,Resolved
4154-AQUGT,Male  ,1,Yes    ,No        ,13,Yes         ,No              ,Fiber optic    ,Yes                ,No                 ,Yes                ,Month-to-month,Yes             ,Bank transfer (automatic),89.05,California,Vina                  ,39.955164,-122.018567,76,Yes    ,Yes              ,1,Offer D,5,No             ,Yes           ,0.0,0,19.11,1188.4599999999998,Low,8,0,8,Resolved
4187-CINZD,Female,1,No     ,No        ,46,Yes         ,No              ,Fiber optic    ,No                 ,Yes                ,Yes                ,One year      ,No              ,Credit card (automatic)  ,95.25,California,Eldridge              ,38.348884,-122.51699,73,No     ,No               ,0,None   ,30,No             ,Yes           ,0.0,0,281.98,4706.18,Low,9,0,9,NotResolved
4020-KIUDI,Male  ,0,Yes    ,Yes       ,6,Yes         ,No              ,No             ,No internet service,No internet service,No internet service,Month-to-month,No              ,Credit card (automatic)  ,19.85,California,Los Angeles           ,33.952714,-118.292061,54,Yes    ,Yes              ,8,Offer E,0,No             ,No            ,0.0,0,142.38,281.23,High,1,5,6,Resolved
5038-ETMLM,Female,0,Yes    ,No        ,72,Yes         ,Yes             ,Fiber optic    ,Yes                ,Yes                ,Yes                ,Two year      ,Yes             ,Bank transfer (automatic),113.65,California,Sacramento            ,38.475465,-121.443625,35,Yes    ,Yes              ,10,Offer A,22,Yes            ,Yes           ,0.0,0,2088.0,10270.75,Medium,0,4,4,Resolved
2856-HYAPG,Female,0,No     ,No        ,1,Yes         ,No              ,Fiber optic    ,No                 ,No                 ,No                 ,Month-to-month,No              ,Electronic check         ,68.65,California,Platina               ,40.367964,-122.937379,62,No     ,No               ,0,Offer E,28,No             ,Yes           ,0.0,0,12.4,81.05000000000001,Low,9,1,10,Resolved
8380-PEFPE,Male  ,0,No     ,Yes       ,1,Yes         ,No              ,Fiber optic    ,No                 ,No                 ,No                 ,Month-to-month,Yes             ,Electronic check         ,71.65,California,Avalon                ,33.391181,-118.421305,60,No     ,No               ,0,None   ,16,No             ,Yes           ,0.0,0,17.54,89.19,Low,9,1,10,Resolved
3507-GASNP,Male  ,0,No     ,Yes       ,60,Yes         ,No              ,No             ,No internet service,No internet service,No internet service,Two year      ,No              ,Mailed check             ,19.95,California,North Hollywood       ,34.15136,-118.364786,49,No     ,No               ,0,Offer B,0,No             ,No            ,0.0,0,995.4,2185.3,Medium,7,1,8,Resolved
7781-HVGMK,Female,0,Yes    ,Yes       ,72,No          ,No phone service,DSL            ,Yes                ,Yes                ,Yes                ,Two year      ,Yes             ,Credit card (automatic)  ,65.2,California,Amboy                 ,34.559882,-115.637164,56,Yes    ,Yes              ,5,Offer A,30,Yes            ,Yes           ,0.0,0,0.0,4784.45,Medium,1,3,4,Resolved
5482-NUPNA,Female,0,No     ,No        ,4,Yes         ,No              ,DSL            ,Yes                ,No                 ,No                 ,Month-to-month,Yes             ,Mailed check             ,60.4,California,Imperial              ,32.858595,-115.662709,28,No     ,No               ,0,None   ,59,No             ,Yes           ,0.0,0,72.12,344.27,Low,9,0,9,Resolved
7785-RDVIG,Female,0,Yes    ,Yes       ,3,Yes         ,No              ,No             ,No internet service,No internet service,No internet service,Month-to-month,No              ,Mailed check             ,19.3,California,Hemet                 ,33.739415,-116.968339,53,Yes    ,Yes              ,5,None   ,0,No             ,No            ,0.0,0,30.39,85.09,High,1,6,7,Resolved
2792-LSHWX,Female,0,No     ,No        ,1,Yes         ,No              ,Fiber optic    ,Yes                ,No                 ,No                 ,Month-to-month,Yes             ,Mailed check             ,83.4,California,Fremont               ,37.555473,-122.080312,49,No     ,No               ,0,None   ,9,No             ,Yes           ,0.0,0,43.06,126.46,Medium,0,3,3,Resolved
1587-FKLZB,Male  ,1,Yes    ,Yes       ,66,Yes         ,Yes             ,Fiber optic    ,No                 ,Yes                ,Yes                ,Month-to-month,Yes             ,Credit card (automatic)  ,99.5,California,Santa Barbara         ,34.419203,-119.710008,79,Yes    ,Yes              ,1,Offer A,25,No             ,Yes           ,0.0,0,1904.76,8726.91,Low,9,1,10,Resolved
1548-ARAGG,Female,0,Yes    ,Yes       ,4,Yes         ,Yes             ,DSL            ,Yes                ,No                 ,No                 ,Month-to-month,Yes             ,Mailed check             ,58.5,California,Cedar Glen            ,34.255203,-117.175654,28,Yes    ,Yes              ,9,None   ,52,No             ,Yes           ,0.0,0,140.8,365.65,Medium,1,3,4,Resolved
6097-EQISJ,Female,0,Yes    ,Yes       ,66,Yes         ,Yes             ,Fiber optic    ,No                 ,Yes                ,Yes                ,One year      ,Yes             ,Credit card (automatic)  ,102.45,California,Los Angeles           ,34.001617,-118.222274,41,Yes    ,Yes              ,1,Offer A,12,Yes            ,No            ,0.0,130,3218.82,9963.97,Low,8,0,8,Resolved
6942-LBFDP,Female,0,No     ,No        ,2,Yes         ,No              ,No             ,No internet service,No internet service,No internet service,Month-to-month,Yes             ,Mailed check             ,20.55,California,Bakersfield           ,35.559617,-118.925185,30,No     ,No               ,0,None   ,0,No             ,No            ,0.0,0,33.4,67.0,Medium,1,3,4,Resolved
5642-MHDQT,Female,0,Yes    ,Yes       ,53,Yes         ,No              ,No             ,No internet service,No internet service,No internet service,One year      ,Yes             ,Bank transfer (automatic),19.85,California,Mc Farland            ,35.666886,-119.186717,60,Yes    ,Yes              ,6,Offer B,0,No             ,No            ,14.67,0,601.55,1626.33,Medium,0,5,5,NotResolved
3417-TSCIC,Male  ,0,No     ,No        ,29,No          ,No phone service,DSL            ,No                 ,No                 ,No                 ,One year      ,Yes             ,Mailed check             ,24.85,California,Cloverdale            ,38.801936,-122.938935,19,No     ,No               ,0,None   ,59,No             ,Yes           ,0.0,0,0.0,788.05,High,0,5,5,Resolved
6300-BWMJX,Female,0,Yes    ,No        ,59,Yes         ,Yes             ,Fiber optic    ,Yes                ,Yes                ,No                 ,Month-to-month,No              ,Electronic check         ,93.35,California,Valencia              ,34.43987,-118.644609,45,Yes    ,Yes              ,1,None   ,26,No             ,Yes           ,36.07,0,1226.02,6576.450000000001,Medium,1,5,6,Resolved
0022-TCJCI,Male  ,1,No     ,No        ,45,Yes         ,No              ,DSL            ,No                 ,No                 ,Yes                ,One year      ,No              ,Credit card (automatic)  ,62.7,California,Daly City             ,37.680844,-122.48131,79,No     ,No               ,0,None   ,17,No             ,Yes           ,0.0,0,480.15,3271.65,Low,9,0,9,NotResolved
4822-NGOCH,Female,0,No     ,No        ,13,Yes         ,Yes             ,Fiber optic    ,No                 ,No                 ,No                 ,Month-to-month,Yes             ,Electronic check         ,84.45,California,Sacramento            ,38.494832,-121.529447,60,No     ,No               ,0,None   ,4,No             ,Yes           ,0.0,0,284.44,1343.04,Low,7,1,8,Resolved
8624-GIOUT,Female,0,No     ,No        ,49,Yes         ,Yes             ,DSL            ,No                 ,No                 ,No                 ,Month-to-month,Yes             ,Credit card (automatic)  ,59.75,California,Seeley                ,32.790282,-115.689559,40,No     ,No               ,0,Offer B,30,No             ,Yes           ,0.0,0,1757.63,4691.93,Low,7,0,7,Resolved
6702-OHFWR,Male  ,1,No     ,No        ,1,No          ,No phone service,DSL            ,No                 ,No                 ,Yes                ,Month-to-month,Yes             ,Electronic check         ,43.3,California,Reseda                ,34.200175,-118.540958,75,No     ,No               ,0,Offer E,26,No             ,Yes           ,0.0,0,0.0,43.3,Medium,9,0,9,NotResolved
3969-GYXEL,Female,0,No     ,No        ,11,Yes         ,No              ,Fiber optic    ,No                 ,No                 ,No                 ,Month-to-month,No              ,Electronic check         ,76.4,California,Berkeley              ,37.897743,-122.263124,46,No     ,No               ,0,None   ,20,No             ,Yes           ,0.0,0,401.72,1240.42,High,1,5,6,Resolved
2267-WTPYD,Female,1,Yes    ,No        ,57,Yes         ,Yes             ,Fiber optic    ,No                 ,No                 ,Yes                ,Month-to-month,No              ,Credit card (automatic)  ,94.0,California,Granada Hills         ,34.291273,-118.505104,77,Yes    ,Yes              ,1,None   ,30,No             ,Yes           ,0.0,0,1313.85,6752.8,High,1,5,6,Resolved
7860-KSUGX,Male  ,0,Yes    ,Yes       ,72,Yes         ,Yes             ,DSL            ,No                 ,No                 ,No                 ,Two year      ,No              ,Credit card (automatic)  ,64.45,California,Long Beach            ,33.802664,-118.179971,25,Yes    ,Yes              ,1,Offer A,48,No             ,Yes           ,0.0,0,2352.24,7072.24,Medium,7,1,8,Resolved
5918-VUKWP,Female,0,No     ,No        ,32,Yes         ,No              ,No             ,No internet service,No internet service,No internet service,One year      ,No              ,Bank transfer (automatic),20.55,California,Pasadena              ,34.165383,-118.123752,61,No     ,No               ,0,Offer C,0,No             ,No            ,0.0,0,1151.04,1805.59,Medium,7,1,8,Resolved
6985-HAYWX,Female,0,Yes    ,No        ,26,Yes         ,Yes             ,Fiber optic    ,No                 ,No                 ,No                 ,Month-to-month,No              ,Bank transfer (automatic),79.3,California,Hughson               ,37.5923,-120.853288,50,Yes    ,Yes              ,5,None   ,10,No             ,Yes           ,0.0,0,977.6,2993.4,Medium,1,6,7,Resolved
1197-BVMVG,Female,1,No     ,No        ,4,Yes         ,Yes             ,Fiber optic    ,No                 ,No                 ,No                 ,Month-to-month,Yes             ,Electronic check         ,74.45,California,Friant                ,37.027663,-119.69056,65,No     ,No               ,0,None   ,7,No             ,Yes           ,0.0,0,17.16,311.61,Medium,0,6,6,Resolved
6275-YDUVO,Female,0,No     ,No        ,2,Yes         ,No              ,Fiber optic    ,No                 ,No                 ,Yes                ,Month-to-month,Yes             ,Mailed check             ,86.2,California,Orosi                 ,36.600185,-119.175655,62,No     ,No               ,0,Offer E,27,Yes            ,Yes           ,0.0,0,48.1,226.8,Medium,9,1,10,Resolved
3669-OYSJI,Male  ,0,No     ,No        ,1,Yes         ,No              ,DSL            ,No                 ,No                 ,No                 ,Month-to-month,No              ,Credit card (automatic)  ,46.2,California,Porter Ranch          ,34.281911,-118.556218,47,No     ,No               ,0,Offer E,21,No             ,Yes           ,0.0,0,48.58,94.78,Low,7,1,8,Resolved
6689-KXGBO,Female,0,No     ,No        ,1,Yes         ,No              ,DSL            ,No                 ,No                 ,No                 ,Month-to-month,No              ,Electronic check         ,50.55,California,San Luis Obispo       ,35.233745,-120.626442,36,No     ,No               ,0,None   ,5,No             ,Yes           ,0.0,0,30.96,81.50999999999999,Low,8,1,9,Resolved
9821-POOTN,Male  ,0,Yes    ,No        ,35,Yes         ,Yes             ,Fiber optic    ,No                 ,No                 ,No                 ,Month-to-month,Yes             ,Electronic check         ,75.2,California,Fresno                ,36.833002,-119.82947,48,Yes    ,Yes              ,1,Offer C,12,No             ,Yes           ,0.0,0,1696.45,4272.65,Low,9,0,9,Resolved
7571-YXDAD,Female,0,No     ,No        ,2,Yes         ,Yes             ,Fiber optic    ,No                 ,No                 ,No                 ,Month-to-month,No              ,Credit card (automatic)  ,74.9,California,Davis                 ,38.544002,-121.685559,37,No     ,No               ,0,None   ,18,No             ,Yes           ,0.0,0,76.56,223.71,Low,9,1,10,Resolved
6402-ZFPPI,Female,1,No     ,No        ,25,Yes         ,Yes             ,Fiber optic    ,No                 ,Yes                ,Yes                ,Month-to-month,Yes             ,Mailed check             ,102.8,California,Fair Oaks             ,38.652065,-121.25441,75,No     ,No               ,0,None   ,30,No             ,Yes           ,0.0,0,912.5,3572.7,Low,9,1,10,Resolved
8490-BXHEO,Male  ,1,No     ,No        ,18,Yes         ,Yes             ,Fiber optic    ,No                 ,No                 ,No                 ,Month-to-month,Yes             ,Credit card (automatic)  ,80.55,California,Lucerne Valley        ,34.508417,-116.856103,67,No     ,No               ,0,None   ,14,No             ,Yes           ,0.0,0,698.22,2109.87,High,1,3,4,Resolved
9135-MGVPY,Male  ,0,Yes    ,No        ,69,Yes         ,No              ,DSL            ,Yes                ,Yes                ,Yes                ,Two year      ,Yes             ,Mailed check             ,84.7,California,Sanger                ,36.819628,-119.440414,41,Yes    ,Yes              ,10,None   ,7,Yes            ,Yes           ,0.0,0,3337.53,9216.43,Medium,7,1,8,Resolved
7102-JJVTX,Female,0,Yes    ,Yes       ,9,Yes         ,No              ,DSL            ,No                 ,No                 ,No                 ,One year      ,No              ,Mailed check             ,48.6,California,Escondido             ,33.081478,-117.033814,31,Yes    ,Yes              ,9,Offer E,30,No             ,Yes           ,20.45,0,270.63,672.48,Medium,1,5,6,Resolved
5108-ADXWO,Male  ,0,No     ,No        ,11,Yes         ,No              ,Fiber optic    ,No                 ,No                 ,No                 ,Month-to-month,Yes             ,Electronic check         ,73.5,California,San Francisco         ,37.820894,-122.369725,30,No     ,No               ,0,None   ,30,No             ,Yes           ,0.0,0,427.68,1219.43,Low,7,1,8,Resolved
0655-RBDUG,Male  ,0,No     ,No        ,7,Yes         ,Yes             ,Fiber optic    ,No                 ,Yes                ,Yes                ,Month-to-month,Yes             ,Bank transfer (automatic),98.05,California,Alviso                ,37.449537,-121.994813,32,No     ,No               ,0,Offer E,29,Yes            ,Yes           ,0.0,0,64.75,777.75,Low,8,0,8,Resolved
5656-JAMLX,Male  ,0,No     ,No        ,62,Yes         ,No              ,No             ,No internet service,No internet service,No internet service,Two year      ,No              ,Bank transfer (automatic),19.85,California,Greenbrae             ,37.946617,-122.563571,29,No     ,No               ,0,None   ,0,No             ,No            ,0.0,0,878.54,2132.19,High,1,5,6,Resolved
1810-BOHSY,Male  ,0,Yes    ,No        ,51,Yes         ,Yes             ,Fiber optic    ,No                 ,No                 ,Yes                ,One year      ,Yes             ,Credit card (automatic)  ,96.4,California,Vacaville             ,38.333133,-121.920151,63,Yes    ,Yes              ,7,Offer B,8,Yes            ,Yes           ,0.0,0,1785.0,6696.05,Medium,0,3,3,Resolved
3714-XPXBW,Female,0,No     ,No        ,37,Yes         ,Yes             ,DSL            ,Yes                ,Yes                ,No                 ,Month-to-month,Yes             ,Credit card (automatic)  ,78.9,California,Santa Cruz            ,36.974575,-121.991149,43,No     ,No               ,0,None   ,4,No             ,No            ,0.0,30,1569.1699999999998,4576.12,High,6,1,7,Resolved
5590-BYNII,Male  ,0,No     ,No        ,22,Yes         ,Yes             ,Fiber optic    ,No                 ,Yes                ,Yes                ,Month-to-month,Yes             ,Electronic check         ,100.75,California,Bayside               ,40.825486,-124.049485,51,No     ,No               ,0,None   ,17,Yes            ,Yes           ,0.0,0,790.46,2885.46,Low,9,1,10,Resolved
7314-OXENN,Male  ,0,No     ,No        ,2,Yes         ,Yes             ,Fiber optic    ,No                 ,No                 ,No                 ,Month-to-month,Yes             ,Electronic check         ,82.0,California,Trona                 ,35.74837,-117.384948,42,No     ,No               ,0,None   ,14,No             ,Yes           ,0.0,0,82.36,267.01,Medium,9,1,10,Resolved
8869-TORSS,Female,0,No     ,No        ,48,Yes         ,No              ,DSL            ,Yes                ,No                 ,No                 ,One year      ,Yes             ,Credit card (automatic)  ,60.35,California,Santa Rosa            ,38.439696,-122.668817,51,No     ,No               ,0,None   ,13,No             ,Yes           ,0.0,0,1627.6799999999998,4524.08,Low,6,1,7,Resolved
3647-GMGDH,Male  ,0,Yes    ,No        ,22,Yes         ,No              ,Fiber optic    ,No                 ,Yes                ,Yes                ,Month-to-month,Yes             ,Credit card (automatic)  ,94.7,California,Jackson               ,38.336216,-120.76901,52,Yes    ,Yes              ,7,None   ,15,Yes            ,Yes           ,0.0,0,831.5999999999999,2746.5,Low,7,1,8,NotResolved
7353-YOWFP,Female,0,No     ,No        ,7,Yes         ,No              ,No             ,No internet service,No internet service,No internet service,One year      ,No              ,Mailed check             ,20.25,California,Brookdale             ,37.106902,-122.100006,41,No     ,No               ,0,None   ,0,No             ,No            ,0.0,0,277.13,406.28,High,1,6,7,Resolved
4654-GGUII,Female,0,No     ,No        ,18,No          ,No phone service,DSL            ,Yes                ,No                 ,No                 ,One year      ,Yes             ,Mailed check             ,40.2,California,Smartville            ,39.176595,-121.291692,28,No     ,No               ,0,None   ,48,No             ,No            ,0.0,90,0.0,801.95,High,0,5,5,Resolved
3712-PKXZA,Male  ,0,Yes    ,No        ,61,Yes         ,No              ,No             ,No internet service,No internet service,No internet service,One year      ,Yes             ,Credit card (automatic)  ,20.55,California,Glendale              ,34.17051,-118.289463,22,Yes    ,Yes              ,3,None   ,0,No             ,No            ,0.0,0,1175.47,2427.4700000000003,High,1,5,6,Resolved
2057-BOYKM,Female,1,Yes    ,No        ,72,Yes         ,Yes             ,Fiber optic    ,Yes                ,No                 ,No                 ,Two year      ,Yes             ,Bank transfer (automatic),96.6,California,Inglewood             ,33.958134,-118.330905,70,Yes    ,Yes              ,10,None   ,20,No             ,Yes           ,0.0,0,2022.48,8849.98,High,7,0,7,Resolved
0112-QAWRZ,Male  ,0,Yes    ,Yes       ,16,Yes         ,Yes             ,Fiber optic    ,No                 ,Yes                ,No                 ,Month-to-month,Yes             ,Bank transfer (automatic),90.8,California,Palo Verde            ,33.3249,-114.758334,49,Yes    ,Yes              ,8,Offer D,12,No             ,Yes           ,0.0,0,779.36,2221.56,Medium,6,1,7,Resolved
2560-QTSBS,Female,0,Yes    ,Yes       ,72,Yes         ,Yes             ,No             ,No internet service,No internet service,No internet service,One year      ,Yes             ,Bank transfer (automatic),23.3,California,Pomona                ,34.042286,-117.756106,26,Yes    ,Yes              ,6,None   ,0,No             ,No            ,0.0,0,1306.08,2929.23,High,0,4,4,Resolved
4043-MKDTV,Male  ,0,Yes    ,No        ,71,Yes         ,No              ,Fiber optic    ,Yes                ,Yes                ,Yes                ,Two year      ,Yes             ,Electronic check         ,105.25,California,Rancho Mirage         ,33.763678,-116.429928,54,Yes    ,Yes              ,10,Offer A,8,Yes            ,Yes           ,0.0,0,2675.99,9967.74,High,1,4,5,Resolved
4451-RWASJ,Male  ,0,Yes    ,Yes       ,15,Yes         ,No              ,No             ,No internet service,No internet service,No internet service,One year      ,Yes             ,Mailed check             ,19.5,California,Lagunitas             ,38.021772,-122.691744,35,Yes    ,Yes              ,9,Offer D,0,No             ,No            ,0.0,0,740.4,980.15,High,0,6,6,Resolved
1389-CXMLU,Male  ,1,No     ,No        ,3,Yes         ,Yes             ,Fiber optic    ,No                 ,Yes                ,No                 ,Month-to-month,No              ,Electronic check         ,91.05,California,Downey                ,33.921793,-118.140588,65,No     ,No               ,0,Offer E,8,No             ,Yes           ,0.0,0,78.96000000000001,368.06000000000006,Low,9,0,9,Resolved
5602-BVFMK,Female,0,No     ,No        ,12,Yes         ,No              ,No             ,No internet service,No internet service,No internet service,One year      ,No              ,Mailed check             ,19.3,California,Independence          ,36.869584,-118.189241,58,No     ,No               ,0,None   ,0,No             ,No            ,0.0,0,501.36,730.11,High,7,1,8,Resolved
4390-KYULV,Male  ,0,Yes    ,No        ,3,Yes         ,No              ,No             ,No internet service,No internet service,No internet service,Month-to-month,Yes             ,Credit card (automatic)  ,20.55,California,Piru                  ,34.432843,-118.730106,41,Yes    ,Yes              ,1,Offer E,0,No             ,No            ,0.0,0,112.83,163.98,Low,9,1,10,Resolved
8317-BVKSO,Male  ,0,No     ,No        ,14,Yes         ,No              ,No             ,No internet service,No internet service,No internet service,Month-to-month,Yes             ,Electronic check         ,20.05,California,Termo                 ,41.027281,-120.669427,27,No     ,No               ,0,None   ,0,No             ,No            ,0.0,0,128.66,427.96,High,1,4,5,Resolved
4774-HHGGS,Male  ,0,Yes    ,No        ,30,Yes         ,No              ,No             ,No internet service,No internet service,No internet service,Two year      ,No              ,Mailed check             ,19.05,California,Janesville            ,40.294034,-120.512622,64,Yes    ,Yes              ,1,None   ,0,No             ,No            ,0.0,0,341.40000000000003,978.95,High,1,3,4,Resolved
6906-ANDWJ,Male  ,0,Yes    ,Yes       ,15,Yes         ,Yes             ,Fiber optic    ,No                 ,No                 ,No                 ,Month-to-month,Yes             ,Bank transfer (automatic),74.9,California,Vina                  ,39.955164,-122.018567,39,Yes    ,Yes              ,1,Offer D,15,No             ,Yes           ,0.0,0,519.45,1626.7,Low,9,1,10,Resolved
3776-EKTKM,Female,1,No     ,No        ,1,No          ,No phone service,DSL            ,No                 ,Yes                ,No                 ,Month-to-month,Yes             ,Electronic check         ,36.45,California,Burbank               ,34.188339,-118.300942,79,No     ,No               ,0,None   ,26,No             ,Yes           ,0.0,0,0.0,36.45,Medium,9,1,10,Resolved
5016-LIPDW,Male  ,0,Yes    ,Yes       ,57,Yes         ,No              ,No             ,No internet service,No internet service,No internet service,One year      ,No              ,Mailed check             ,19.4,California,Stanford              ,37.424342,-122.165641,45,Yes    ,Yes              ,1,None   ,0,No             ,No            ,0.0,0,2368.92,3430.52,High,0,6,6,Resolved
3445-HXXGF,Male  ,1,Yes    ,No        ,58,No          ,No phone service,DSL            ,No                 ,No                 ,Yes                ,Month-to-month,Yes             ,Electronic check         ,45.3,California,Sierra Madre          ,34.168686,-118.057505,66,Yes    ,Yes              ,6,Offer B,24,No             ,Yes           ,40.95,0,0.0,2610.25,Low,10,0,10,Resolved
3682-YEUWS,Male  ,0,Yes    ,Yes       ,10,Yes         ,Yes             ,No             ,No internet service,No internet service,No internet service,Month-to-month,Yes             ,Mailed check             ,24.4,California,Tulelake              ,41.813521,-121.492666,27,Yes    ,Yes              ,4,None   ,0,No             ,No            ,0.0,0,41.6,295.5,High,1,6,7,Resolved
6599-CEBNN,Female,0,No     ,No        ,34,Yes         ,No              ,Fiber optic    ,No                 ,No                 ,No                 ,Month-to-month,Yes             ,Credit card (automatic)  ,73.95,California,Desert Hot Springs    ,33.948558,-116.516976,63,No     ,No               ,0,Offer C,14,No             ,Yes           ,0.0,0,52.7,2577.15,Medium,9,1,10,Resolved
0827-ITJPH,Male  ,0,No     ,No        ,36,Yes         ,No              ,No             ,No internet service,No internet service,No internet service,Two year      ,Yes             ,Credit card (automatic)  ,18.55,California,Los Angeles           ,33.958149,-118.308441,33,No     ,No               ,0,Offer C,0,No             ,No            ,0.0,0,306.0,995.0,Medium,0,3,3,NotResolved
2754-XBHTB,Female,0,No     ,No        ,9,Yes         ,No              ,Fiber optic    ,No                 ,Yes                ,No                 ,Month-to-month,Yes             ,Bank transfer (automatic),77.65,California,Amador City           ,38.431407,-120.8421,40,No     ,No               ,0,None   ,23,No             ,Yes           ,0.0,0,205.92,920.07,Low,9,1,10,Resolved
4443-EMBNA,Female,0,Yes    ,No        ,71,Yes         ,Yes             ,No             ,No internet service,No internet service,No internet service,Two year      ,No              ,Bank transfer (automatic),24.75,California,Castaic               ,34.506627,-118.699048,55,Yes    ,Yes              ,3,None   ,0,No             ,No            ,0.0,0,2281.23,4118.13,Medium,1,6,7,Resolved
3519-ZKXGG,Female,0,Yes    ,No        ,3,Yes         ,Yes             ,Fiber optic    ,No                 ,No                 ,No                 ,Month-to-month,Yes             ,Electronic check         ,75.85,California,San Francisco         ,37.800254,-122.436975,61,Yes    ,Yes              ,1,Offer E,29,No             ,Yes           ,0.0,0,133.02,389.62,Low,7,0,7,NotResolved
3620-MWJNE,Male  ,0,No     ,No        ,2,Yes         ,No              ,DSL            ,Yes                ,No                 ,No                 ,Month-to-month,Yes             ,Mailed check             ,54.45,California,Homeland              ,33.761894,-117.120868,32,No     ,No               ,0,None   ,19,No             ,Yes           ,0.0,0,39.74,127.04,Medium,7,0,7,NotResolved
3824-RHKVR,Female,0,No     ,No        ,17,Yes         ,No              ,No             ,No internet service,No internet service,No internet service,Month-to-month,No              ,Credit card (automatic)  ,19.7,California,Fullerton             ,33.877639,-117.961212,27,No     ,No               ,0,Offer D,0,No             ,No            ,0.0,0,378.42,718.77,High,0,3,3,NotResolved
0020-JDNXP,Female,0,Yes    ,Yes       ,34,No          ,No phone service,DSL            ,Yes                ,Yes                ,Yes                ,One year      ,No              ,Mailed check             ,61.25,California,Point Reyes Station   ,38.060264,-122.830646,52,Yes    ,No               ,0,None   ,20,Yes            ,Yes           ,0.0,0,0.0,1993.2,High,1,4,5,Resolved
0394-YONDK,Male  ,0,Yes    ,Yes       ,70,Yes         ,Yes             ,No             ,No internet service,No internet service,No internet service,Two year      ,No              ,Credit card (automatic)  ,25.15,California,Escondido             ,33.081478,-117.033814,28,Yes    ,No               ,0,None   ,0,No             ,No            ,0.0,0,85.39999999999999,1875.55,Medium,0,4,4,Resolved
4683-WYDOU,Male  ,0,Yes    ,No        ,62,Yes         ,Yes             ,Fiber optic    ,Yes                ,Yes                ,Yes                ,Two year      ,Yes             ,Bank transfer (automatic),107.6,California,Rancho Palos Verdes   ,33.753146,-118.367459,54,Yes    ,Yes              ,8,None   ,28,Yes            ,Yes           ,0.0,0,2146.44,9059.14,High,0,5,5,Resolved
3016-KSVCP,Male  ,0,Yes    ,No        ,29,No          ,No phone service,DSL            ,No                 ,Yes                ,No                 ,Month-to-month,No              ,Mailed check             ,33.75,California,Rancho Palos Verdes   ,33.753146,-118.367459,47,Yes    ,Yes              ,4,Offer C,22,No             ,Yes           ,0.0,0,0.0,1009.25,Medium,6,1,7,Resolved
7841-TZDMQ,Male  ,0,No     ,No        ,2,Yes         ,No              ,DSL            ,No                 ,No                 ,No                 ,Month-to-month,Yes             ,Credit card (automatic)  ,46.0,California,Sun Valley            ,34.231053,-118.338307,19,No     ,No               ,0,None   ,41,Yes            ,Yes           ,0.0,0,99.62,184.12,Medium,7,0,7,Resolved
2937-FTHUR,Female,0,No     ,Yes       ,18,Yes         ,Yes             ,DSL            ,No                 ,No                 ,Yes                ,Month-to-month,No              ,Electronic check         ,64.8,California,Cedar Glen            ,34.255203,-117.175654,45,No     ,No               ,0,Offer D,28,Yes            ,Yes           ,0.0,0,764.1,1930.8,High,1,4,5,Resolved
1169-SAOCL,Male  ,0,No     ,No        ,49,Yes         ,Yes             ,Fiber optic    ,Yes                ,Yes                ,Yes                ,One year      ,Yes             ,Bank transfer (automatic),106.65,California,Brookdale             ,37.106902,-122.100006,45,No     ,No               ,0,None   ,25,Yes            ,No            ,0.0,130,1103.48,6401.58,High,0,3,3,Resolved
5271-DBYSJ,Male  ,1,No     ,No        ,11,Yes         ,No              ,Fiber optic    ,No                 ,No                 ,Yes                ,Month-to-month,Yes             ,Credit card (automatic)  ,79.15,California,Berkeley              ,37.897743,-122.263124,80,No     ,No               ,0,Offer D,15,Yes            ,No            ,0.0,140,295.24,1262.94,High,0,3,3,Resolved
3192-NQECA,Male  ,0,Yes    ,No        ,68,Yes         ,Yes             ,Fiber optic    ,Yes                ,Yes                ,Yes                ,Two year      ,Yes             ,Bank transfer (automatic),110.0,California,Santa Monica          ,34.031529,-118.491156,26,Yes    ,Yes              ,4,Offer A,47,Yes            ,Yes           ,0.0,0,1005.72,8617.57,Low,8,1,9,Resolved
7188-CBBBA,Female,0,No     ,No        ,65,Yes         ,Yes             ,Fiber optic    ,No                 ,Yes                ,No                 ,One year      ,Yes             ,Electronic check         ,95.5,California,Rowland Heights       ,33.976753,-117.897367,59,No     ,No               ,0,None   ,6,No             ,No            ,0.0,80,1799.2,8033.05,High,1,4,5,Resolved
2817-LVCPP,Female,0,No     ,No        ,50,Yes         ,No              ,No             ,No internet service,No internet service,No internet service,Two year      ,No              ,Credit card (automatic)  ,19.4,California,Sacramento            ,38.512569,-121.495184,36,No     ,No               ,0,None   ,0,No             ,No            ,0.0,0,631.0,1654.95,High,1,5,6,Resolved
7693-LCKZL,Male  ,0,Yes    ,Yes       ,5,Yes         ,Yes             ,Fiber optic    ,No                 ,No                 ,No                 ,Month-to-month,Yes             ,Electronic check         ,80.15,California,Julian                ,32.980678,-116.262854,57,Yes    ,Yes              ,1,None   ,19,No             ,Yes           ,0.0,0,57.7,442.7,Low,8,0,8,Resolved
2712-SYWAY,Female,0,No     ,No        ,1,Yes         ,Yes             ,No             ,No internet service,No internet service,No internet service,Month-to-month,Yes             ,Electronic check         ,25.7,California,Creston               ,35.480896,-120.469476,30,No     ,No               ,0,Offer E,0,No             ,No            ,0.0,0,43.84,69.54,Medium,1,6,7,Resolved
7627-JKIAZ,Female,0,Yes    ,No        ,37,Yes         ,Yes             ,Fiber optic    ,No                 ,No                 ,No                 ,Month-to-month,Yes             ,Credit card (automatic)  ,78.95,California,San Jose              ,37.350284,-121.852855,62,Yes    ,No               ,0,None   ,29,No             ,Yes           ,0.0,0,1387.13,4226.780000000001,Medium,9,0,9,Resolved
3810-DVDQQ,Female,0,Yes    ,Yes       ,72,Yes         ,Yes             ,Fiber optic    ,Yes                ,Yes                ,Yes                ,Two year      ,Yes             ,Bank transfer (automatic),117.6,California,Shasta Lake           ,40.692523,-122.369876,28,Yes    ,Yes              ,10,None   ,48,Yes            ,Yes           ,5.44,0,3385.44,11688.9,Medium,0,6,6,Resolved
7706-DZNKK,Male  ,0,No     ,No        ,11,Yes         ,No              ,No             ,No internet service,No internet service,No internet service,Month-to-month,Yes             ,Credit card (automatic)  ,20.45,California,Palmdale              ,34.613476,-118.256358,63,No     ,No               ,0,Offer D,0,No             ,No            ,0.0,0,489.83,727.1300000000001,High,1,3,4,Resolved
2826-DXLQO,Male  ,1,Yes    ,No        ,7,No          ,No phone service,DSL            ,No                 ,No                 ,No                 ,Month-to-month,No              ,Bank transfer (automatic),29.8,California,El Cerrito            ,37.924838,-122.289145,80,Yes    ,Yes              ,10,Offer E,13,No             ,Yes           ,11.83,0,0.0,208.62,Medium,6,0,6,Resolved
8679-JOEVF,Female,1,No     ,No        ,16,Yes         ,No              ,DSL            ,Yes                ,Yes                ,No                 ,Month-to-month,No              ,Electronic check         ,59.4,California,Sacramento            ,38.646096,-121.442433,75,No     ,No               ,0,None   ,16,No             ,Yes           ,0.0,0,589.28,1613.1799999999998,Low,8,0,8,Resolved
4998-IKFSE,Female,0,No     ,No        ,30,Yes         ,Yes             ,Fiber optic    ,No                 ,Yes                ,Yes                ,Month-to-month,No              ,Electronic check         ,100.45,California,Phelan                ,34.441123,-117.537886,27,No     ,No               ,0,Offer C,59,Yes            ,No            ,0.0,80,1034.7,4211.6,High,1,4,5,Resolved
3565-UNOCC,Female,1,Yes    ,No        ,29,Yes         ,Yes             ,Fiber optic    ,No                 ,Yes                ,Yes                ,Month-to-month,Yes             ,Bank transfer (automatic),99.05,California,Stockton              ,38.044523,-121.348048,65,Yes    ,Yes              ,1,None   ,6,Yes            ,Yes           ,0.0,0,647.5699999999999,3600.42,Low,8,0,8,Resolved
4061-UKJWL,Male  ,0,No     ,No        ,3,Yes         ,No              ,DSL            ,No                 ,No                 ,No                 ,Month-to-month,No              ,Mailed check             ,45.45,California,San Francisco         ,37.7795,-122.419233,35,No     ,No               ,0,None   ,17,No             ,Yes           ,0.0,0,61.11,202.81,High,7,1,8,NotResolved
5301-GAUUY,Male  ,0,No     ,No        ,32,Yes         ,Yes             ,Fiber optic    ,No                 ,No                 ,No                 ,Month-to-month,Yes             ,Bank transfer (automatic),80.35,California,Newport Beach         ,33.601309,-117.902304,31,No     ,No               ,0,Offer C,21,No             ,Yes           ,0.0,0,47.68,2643.83,Low,9,0,9,Resolved
3001-CBHLQ,Male  ,1,Yes    ,No        ,32,Yes         ,Yes             ,Fiber optic    ,Yes                ,Yes                ,Yes                ,Month-to-month,Yes             ,Electronic check         ,104.9,California,Angels Camp           ,38.071327,-120.632221,76,Yes    ,Yes              ,1,Offer C,22,No             ,Yes           ,33.73,0,1392.32,4710.14,Low,7,0,7,Resolved
2957-LOLHO,Male  ,0,No     ,No        ,12,Yes         ,No              ,DSL            ,No                 ,No                 ,No                 ,Month-to-month,Yes             ,Bank transfer (automatic),45.4,California,Apple Valley          ,34.55082,-117.122396,49,No     ,No               ,0,None   ,14,No             ,Yes           ,0.0,0,133.44,652.3399999999999,Medium,6,0,6,Resolved
1602-IJQQE,Female,0,No     ,No        ,4,Yes         ,Yes             ,Fiber optic    ,No                 ,No                 ,No                 ,Month-to-month,No              ,Electronic check         ,75.35,California,Whittier              ,33.972119,-118.020188,42,No     ,No               ,0,Offer E,9,No             ,Yes           ,0.0,0,116.44,454.54,Low,9,0,9,Resolved
8559-CIZFV,Male  ,0,Yes    ,Yes       ,21,Yes         ,Yes             ,DSL            ,Yes                ,Yes                ,No                 ,One year      ,No              ,Mailed check             ,77.5,California,Annapolis             ,38.731055,-123.316553,34,Yes    ,Yes              ,1,Offer D,14,No             ,No            ,18.39,80,368.97,2055.58,Low,7,1,8,NotResolved
0426-TIRNE,Female,0,No     ,No        ,1,Yes         ,No              ,No             ,No internet service,No internet service,No internet service,Month-to-month,No              ,Mailed check             ,20.9,California,Encino                ,34.150354,-118.518292,54,No     ,No               ,0,Offer E,0,No             ,No            ,0.0,0,15.51,36.41,Medium,9,0,9,Resolved
1245-HARPS,Female,0,Yes    ,No        ,14,Yes         ,No              ,No             ,No internet service,No internet service,No internet service,Two year      ,No              ,Mailed check             ,20.4,California,Janesville            ,40.294034,-120.512622,46,Yes    ,No               ,0,None   ,0,No             ,No            ,0.0,0,204.54,496.94,Medium,7,1,8,Resolved
7901-HXJVA,Male  ,0,No     ,No        ,14,Yes         ,No              ,Fiber optic    ,No                 ,No                 ,No                 ,Month-to-month,No              ,Electronic check         ,76.45,California,Chico                 ,39.681488,-121.83721,20,No     ,No               ,0,None   ,26,No             ,Yes           ,0.0,0,258.44,1375.99,High,1,6,7,Resolved
3654-ARMGP,Female,0,No     ,No        ,61,Yes         ,Yes             ,DSL            ,Yes                ,Yes                ,Yes                ,Two year      ,No              ,Credit card (automatic)  ,88.65,California,Los Angeles           ,34.037251,-118.423573,60,No     ,No               ,0,None   ,22,Yes            ,Yes           ,0.0,0,1194.38,6515.63,High,7,1,8,Resolved
3244-DCJWY,Female,0,No     ,No        ,1,Yes         ,No              ,Fiber optic    ,No                 ,No                 ,No                 ,Month-to-month,Yes             ,Electronic check         ,70.25,California,Bakersfield           ,35.392599,-119.245341,27,No     ,No               ,0,Offer E,59,No             ,Yes           ,0.0,0,23.0,93.25,Low,8,0,8,Resolved
4720-VSTSI,Female,0,No     ,No        ,44,Yes         ,Yes             ,Fiber optic    ,No                 ,No                 ,No                 ,Month-to-month,Yes             ,Bank transfer (automatic),84.8,California,Monterey Park         ,34.050322,-118.147037,54,No     ,No               ,0,None   ,6,No             ,Yes           ,0.0,0,1767.48,5630.030000000001,Low,6,1,7,Resolved
2499-AJYUA,Female,1,Yes    ,No        ,72,Yes         ,Yes             ,Fiber optic    ,Yes                ,Yes                ,Yes                ,Two year      ,Yes             ,Credit card (automatic)  ,110.8,California,Benton                ,37.653947,-118.231443,69,Yes    ,Yes              ,8,Offer A,2,No             ,Yes           ,0.0,0,1141.2,9023.45,High,8,0,8,Resolved
5924-IFQTT,Male  ,0,Yes    ,Yes       ,13,Yes         ,Yes             ,DSL            ,Yes                ,Yes                ,No                 ,Month-to-month,Yes             ,Electronic check         ,72.8,California,Crescent Mills        ,40.080342,-120.957805,33,Yes    ,Yes              ,4,None   ,23,No             ,Yes           ,0.0,0,179.01,1109.06,High,1,5,6,Resolved
5565-FILXA,Female,1,No     ,No        ,16,Yes         ,Yes             ,Fiber optic    ,No                 ,Yes                ,Yes                ,Month-to-month,Yes             ,Electronic check         ,96.15,California,Yosemite National Park,37.704267,-119.607001,76,No     ,No               ,0,None   ,16,No             ,Yes           ,0.0,0,620.0,2149.2,Low,9,1,10,Resolved
6270-OMFIW,Male  ,0,Yes    ,No        ,60,Yes         ,No              ,Fiber optic    ,No                 ,Yes                ,Yes                ,One year      ,Yes             ,Electronic check         ,94.4,California,Valley Springs        ,38.156971,-120.849231,33,Yes    ,Yes              ,9,Offer B,29,Yes            ,Yes           ,0.0,0,2844.0,8454.25,Low,9,0,9,Resolved
1373-ORVIZ,Female,0,Yes    ,Yes       ,11,Yes         ,Yes             ,DSL            ,Yes                ,No                 ,Yes                ,Month-to-month,Yes             ,Electronic check         ,66.35,California,Modesto               ,37.621458,-121.012295,62,Yes    ,Yes              ,1,Offer D,12,Yes            ,Yes           ,0.0,0,172.59,913.39,Low,9,1,10,Resolved
6140-QNRQQ,Male  ,0,No     ,No        ,1,Yes         ,No              ,Fiber optic    ,No                 ,No                 ,No                 ,Month-to-month,Yes             ,Mailed check             ,71.55,California,Santa Barbara         ,34.438581,-119.685368,42,No     ,No               ,0,Offer E,10,No             ,Yes           ,0.0,0,17.27,88.82,Low,9,0,9,Resolved
5178-LMXOP,Male  ,1,Yes    ,No        ,1,Yes         ,Yes             ,Fiber optic    ,No                 ,Yes                ,Yes                ,Month-to-month,Yes             ,Electronic check         ,95.1,California,Gardena               ,33.876482,-118.284077,71,Yes    ,Yes              ,1,None   ,11,No             ,Yes           ,0.0,0,4.89,99.99,Low,7,1,8,Resolved
9306-CPCBC,Female,0,No     ,No        ,3,Yes         ,Yes             ,Fiber optic    ,No                 ,No                 ,No                 ,Month-to-month,Yes             ,Electronic check         ,74.25,California,Moreno Valley         ,33.907361,-117.109972,44,No     ,No               ,0,None   ,27,No             ,Yes           ,0.0,0,106.62,316.92,Medium,9,0,9,Resolved
8773-HHUOZ,Female,0,No     ,Yes       ,17,Yes         ,No              ,DSL            ,No                 ,Yes                ,Yes                ,Month-to-month,Yes             ,Mailed check             ,64.7,California,Los Angeles           ,34.078821,-118.177576,20,No     ,No               ,0,None   ,41,Yes            ,Yes           ,0.0,0,689.3499999999999,1782.4499999999998,Low,7,0,7,Resolved
7156-MXBJE,Female,0,No     ,No        ,43,Yes         ,Yes             ,DSL            ,Yes                ,Yes                ,Yes                ,One year      ,No              ,Credit card (automatic)  ,85.1,California,San Diego             ,33.017518,-117.118456,29,No     ,No               ,0,None   ,53,Yes            ,No            ,0.0,30,107.07,3799.32,Medium,1,1,2,Resolved
8812-ZRHFP,Female,0,Yes    ,Yes       ,30,Yes         ,No              ,Fiber optic    ,No                 ,No                 ,Yes                ,One year      ,No              ,Electronic check         ,86.45,California,San Francisco         ,37.802071,-122.411004,53,Yes    ,No               ,0,Offer C,58,Yes            ,Yes           ,0.0,0,1452.9,3990.95,Medium,1,3,4,Resolved
1591-NFNLQ,Male  ,0,No     ,No        ,51,Yes         ,Yes             ,Fiber optic    ,No                 ,No                 ,No                 ,Month-to-month,No              ,Credit card (automatic)  ,80.0,California,Crescent City         ,41.701223,-124.003393,38,No     ,No               ,0,None   ,16,No             ,Yes           ,0.0,0,286.62,4528.97,Medium,9,0,9,Resolved
6352-TWCAU,Female,0,No     ,No        ,35,Yes         ,Yes             ,Fiber optic    ,No                 ,Yes                ,No                 ,Month-to-month,Yes             ,Electronic check         ,86.45,California,Fort Bidwell          ,41.932207,-120.135941,32,No     ,No               ,0,None   ,17,No             ,Yes           ,0.0,0,667.45,3696.55,Low,6,1,7,NotResolved
0320-JDNQG,Male  ,0,Yes    ,Yes       ,23,Yes         ,No              ,Fiber optic    ,Yes                ,Yes                ,Yes                ,Month-to-month,Yes             ,Electronic check         ,99.85,California,Oxnard                ,34.18454,-119.224666,28,Yes    ,Yes              ,1,None   ,27,Yes            ,Yes           ,0.0,0,872.85,3204.15,Low,8,0,8,Resolved
7613-LLQFO,Male  ,0,No     ,No        ,12,Yes         ,Yes             ,Fiber optic    ,No                 ,Yes                ,No                 ,Month-to-month,Yes             ,Electronic check         ,84.45,California,Amador City           ,38.431407,-120.8421,41,No     ,No               ,0,None   ,23,No             ,Yes           ,0.0,0,148.32,1207.87,Low,10,0,10,Resolved
7566-DSRLQ,Female,0,Yes    ,No        ,72,Yes         ,Yes             ,Fiber optic    ,Yes                ,Yes                ,Yes                ,Two year      ,Yes             ,Electronic check         ,110.15,California,Rancho Cucamonga      ,34.132275,-117.611478,54,Yes    ,Yes              ,7,Offer A,24,Yes            ,No            ,0.0,70,925.2,8994.0,High,7,0,7,Resolved
5018-HEKFO,Female,0,No     ,No        ,10,Yes         ,Yes             ,No             ,No internet service,No internet service,No internet service,Month-to-month,Yes             ,Mailed check             ,24.5,California,Rowland Heights       ,33.976753,-117.897367,51,No     ,No               ,0,Offer D,0,No             ,No            ,0.0,0,170.10000000000002,440.25,Medium,7,0,7,Resolved
1567-DSCIC,Male  ,0,No     ,No        ,8,Yes         ,Yes             ,Fiber optic    ,No                 ,Yes                ,No                 ,Month-to-month,Yes             ,Electronic check         ,94.0,California,San Mateo             ,37.590421,-122.306467,59,No     ,No               ,0,None   ,14,No             ,Yes           ,0.0,0,191.12,964.77,Low,7,0,7,Resolved
9846-GKXAS,Female,0,No     ,No        ,9,Yes         ,No              ,Fiber optic    ,No                 ,Yes                ,Yes                ,Month-to-month,Yes             ,Bank transfer (automatic),90.8,California,Burlingame            ,37.57028,-122.365778,53,No     ,No               ,0,Offer E,9,Yes            ,Yes           ,0.0,0,12.06,821.81,Medium,7,1,8,Resolved
6351-SCJKT,Male  ,0,No     ,No        ,3,No          ,No phone service,DSL            ,Yes                ,No                 ,No                 ,Month-to-month,No              ,Mailed check             ,41.35,California,Santa Cruz            ,36.974575,-121.991149,32,No     ,No               ,0,None   ,25,No             ,Yes           ,0.0,0,0.0,107.25,Medium,0,5,5,Resolved
8123-QBNAZ,Female,0,Yes    ,Yes       ,36,Yes         ,Yes             ,Fiber optic    ,No                 ,Yes                ,Yes                ,Month-to-month,Yes             ,Credit card (automatic)  ,104.5,California,Scott Bar             ,41.737962,-123.07557,39,Yes    ,Yes              ,4,None   ,26,Yes            ,Yes           ,0.0,0,1573.2,5258.15,Medium,1,5,6,Resolved
5419-CONWX,Female,1,No     ,No        ,4,Yes         ,No              ,Fiber optic    ,No                 ,Yes                ,Yes                ,Month-to-month,Yes             ,Credit card (automatic)  ,99.8,California,Pleasant Grove        ,38.833554,-121.498102,65,No     ,No               ,0,None   ,10,Yes            ,Yes           ,0.0,0,50.72,493.5700000000001,Low,8,1,9,Resolved
5708-EVONK,Female,0,Yes    ,Yes       ,58,Yes         ,Yes             ,Fiber optic    ,No                 ,No                 ,Yes                ,Month-to-month,Yes             ,Bank transfer (automatic),93.4,California,Cassel                ,40.936285,-121.572692,37,Yes    ,Yes              ,1,None   ,20,Yes            ,Yes           ,0.0,0,211.7,5647.3,Low,7,1,8,Resolved
8245-UMPYT,Female,1,No     ,No        ,16,Yes         ,Yes             ,Fiber optic    ,No                 ,Yes                ,Yes                ,Month-to-month,Yes             ,Electronic check         ,96.4,California,Lockwood              ,35.989792,-121.055933,66,No     ,No               ,0,None   ,14,No             ,Yes           ,47.2,0,513.76,2047.76,Medium,8,1,9,Resolved
4537-DKTAL,Female,0,No     ,No        ,2,Yes         ,No              ,DSL            ,No                 ,No                 ,No                 ,Month-to-month,No              ,Electronic check         ,45.55,California,Darwin                ,36.319181,-117.593053,26,No     ,No               ,0,Offer E,71,No             ,No            ,0.0,10,83.8,178.2,High,7,0,7,Resolved
9512-UIBFX,Male  ,0,Yes    ,Yes       ,18,Yes         ,No              ,Fiber optic    ,No                 ,Yes                ,Yes                ,Month-to-month,No              ,Mailed check             ,95.15,California,West Covina           ,34.061634,-117.893169,52,Yes    ,Yes              ,6,None   ,28,Yes            ,Yes           ,10.17,0,27.18,1796.96,Medium,6,0,6,Resolved
6963-KQYQB,Female,0,Yes    ,Yes       ,70,Yes         ,Yes             ,No             ,No internet service,No internet service,No internet service,Two year      ,No              ,Mailed check             ,24.05,California,Pacifica              ,37.573633,-122.455167,24,Yes    ,Yes              ,4,Offer A,0,No             ,No            ,0.0,0,298.9,2063.65,High,1,4,5,Resolved
6892-XPFPU,Male  ,1,Yes    ,No        ,24,Yes         ,Yes             ,Fiber optic    ,No                 ,Yes                ,Yes                ,Month-to-month,Yes             ,Electronic check         ,104.25,California,Pasadena              ,34.159007,-118.087353,70,Yes    ,Yes              ,3,Offer C,11,Yes            ,Yes           ,0.0,0,1194.24,3628.14,Low,8,1,9,Resolved
5124-EOGYE,Male  ,0,No     ,No        ,31,Yes         ,No              ,No             ,No internet service,No internet service,No internet service,Two year      ,No              ,Mailed check             ,20.45,California,Crestline             ,34.248061,-117.29028,59,No     ,No               ,0,None   ,0,No             ,No            ,0.0,0,1071.67,1710.22,Medium,0,4,4,Resolved
2957-JIRMN,Female,1,No     ,No        ,62,Yes         ,Yes             ,Fiber optic    ,No                 ,Yes                ,No                 ,One year      ,No              ,Electronic check         ,84.45,California,Vallejo               ,38.105733,-122.186338,69,No     ,No               ,0,None   ,3,No             ,Yes           ,0.0,0,1210.24,6169.389999999999,High,6,0,6,Resolved
1732-FEKLD,Female,0,No     ,No        ,54,Yes         ,Yes             ,Fiber optic    ,No                 ,Yes                ,No                 ,One year      ,Yes             ,Bank transfer (automatic),94.75,California,Newport Beach         ,33.606336,-117.893042,30,No     ,No               ,0,Offer B,30,No             ,No            ,0.0,70,2033.1,7224.85,High,1,6,7,Resolved
5828-AVIPD,Male  ,0,Yes    ,Yes       ,19,Yes         ,Yes             ,Fiber optic    ,Yes                ,Yes                ,Yes                ,One year      ,Yes             ,Electronic check         ,100.95,California,Sierraville           ,39.559709,-120.345639,29,Yes    ,Yes              ,1,None   ,51,Yes            ,Yes           ,0.0,0,112.67,1988.22,Medium,7,0,7,Resolved
4317-VTEOA,Male  ,0,No     ,No        ,1,Yes         ,No              ,DSL            ,No                 ,No                 ,No                 ,Month-to-month,Yes             ,Electronic check         ,50.75,California,Rowland Heights       ,33.976753,-117.897367,61,No     ,No               ,0,Offer E,3,No             ,Yes           ,0.0,0,43.03,93.78,Low,9,0,9,Resolved
0193-ESZXP,Female,1,Yes    ,No        ,58,Yes         ,No              ,Fiber optic    ,Yes                ,Yes                ,Yes                ,One year      ,Yes             ,Credit card (automatic)  ,105.5,California,Oceano                ,35.059695,-120.604741,73,Yes    ,Yes              ,1,None   ,19,Yes            ,Yes           ,0.0,0,982.52,7188.02,Low,10,1,11,Resolved
4285-GYRQC,Female,0,Yes    ,No        ,7,Yes         ,No              ,Fiber optic    ,No                 ,Yes                ,No                 ,Month-to-month,Yes             ,Electronic check         ,86.25,California,Newport Beach         ,33.606336,-117.893042,63,Yes    ,Yes              ,1,Offer E,26,No             ,Yes           ,0.0,0,312.62,899.72,Low,8,1,9,Resolved
5180-UCIIQ,Male  ,1,Yes    ,Yes       ,22,No          ,No phone service,DSL            ,No                 ,No                 ,Yes                ,Month-to-month,No              ,Mailed check             ,40.05,California,Lucerne               ,39.141934,-122.770679,80,Yes    ,Yes              ,5,None   ,18,No             ,Yes           ,0.0,0,0.0,880.2,Low,7,1,8,NotResolved
8313-AFGBW,Male  ,0,Yes    ,No        ,47,Yes         ,No              ,DSL            ,No                 ,Yes                ,Yes                ,Two year      ,No              ,Electronic check         ,73.6,California,Los Angeles           ,34.008293,-118.346766,55,Yes    ,Yes              ,10,Offer B,28,Yes            ,Yes           ,0.0,0,664.58,4187.2300000000005,High,1,6,7,NotResolved
1449-XQEMT,Male  ,0,No     ,No        ,3,Yes         ,No              ,No             ,No internet service,No internet service,No internet service,Month-to-month,Yes             ,Mailed check             ,19.8,California,Susanville            ,40.559177,-120.612113,33,No     ,No               ,0,Offer E,0,No             ,No            ,0.0,0,45.36,103.51,Low,7,0,7,NotResolved
9801-NOSHQ,Male  ,0,No     ,Yes       ,23,Yes         ,No              ,No             ,No internet service,No internet service,No internet service,One year      ,No              ,Mailed check             ,19.8,California,Shingletown           ,40.497441,-121.827524,50,No     ,No               ,0,Offer D,0,No             ,No            ,0.0,0,27.6,493.05,Medium,0,5,5,NotResolved
3688-FTHLT,Female,0,No     ,No        ,16,Yes         ,Yes             ,DSL            ,No                 ,No                 ,Yes                ,Month-to-month,Yes             ,Bank transfer (automatic),63.05,California,Flournoy              ,39.84784,-122.544556,56,No     ,No               ,0,None   ,23,Yes            ,No            ,0.0,10,683.68,1760.73,Medium,7,0,7,Resolved
9695-IDRZR,Female,0,No     ,Yes       ,34,Yes         ,Yes             ,Fiber optic    ,Yes                ,Yes                ,Yes                ,Two year      ,Yes             ,Credit card (automatic)  ,116.15,California,Greenville            ,40.160386,-120.835428,26,No     ,No               ,0,None   ,51,Yes            ,Yes           ,0.0,0,933.98,4880.88,High,0,5,5,Resolved
9239-GZHZE,Female,0,Yes    ,No        ,72,Yes         ,Yes             ,Fiber optic    ,Yes                ,Yes                ,Yes                ,Two year      ,Yes             ,Credit card (automatic)  ,113.65,California,Carpinteria           ,34.441398,-119.513163,25,Yes    ,Yes              ,6,Offer A,47,Yes            ,Yes           ,0.0,0,1789.2,9913.4,Medium,7,0,7,Resolved
5701-SVCWR,Female,0,No     ,Yes       ,1,Yes         ,Yes             ,No             ,No internet service,No internet service,No internet service,Month-to-month,No              ,Mailed check             ,24.0,California,Laguna Niguel         ,33.529047,-117.701175,45,No     ,No               ,0,Offer E,0,No             ,No            ,0.0,0,32.95,56.95,High,6,1,7,Resolved
5271-YNWVR,Male  ,0,Yes    ,Yes       ,68,Yes         ,Yes             ,Fiber optic    ,Yes                ,Yes                ,Yes                ,Two year      ,Yes             ,Electronic check         ,113.15,California,Santa Paula           ,34.402343,-119.094824,48,Yes    ,Yes              ,1,Offer A,22,Yes            ,Yes           ,0.0,0,1609.5600000000002,9465.56,Low,9,0,9,Resolved
4078-SAYYN,Female,0,No     ,No        ,11,Yes         ,Yes             ,Fiber optic    ,No                 ,Yes                ,Yes                ,Month-to-month,Yes             ,Electronic check         ,100.75,California,Burbank               ,34.177267,-118.31003,45,No     ,No               ,0,None   ,28,Yes            ,Yes           ,0.0,0,535.04,1664.79,Low,6,1,7,Resolved
6479-VDGRK,Female,0,Yes    ,Yes       ,72,Yes         ,No              ,DSL            ,Yes                ,Yes                ,Yes                ,Two year      ,No              ,Bank transfer (automatic),85.3,California,Cardiff By The Sea    ,33.015866,-117.272254,46,Yes    ,No               ,0,None   ,21,Yes            ,Yes           ,0.0,0,2601.36,8730.56,Medium,1,3,4,Resolved
5998-DZLYR,Female,0,Yes    ,No        ,61,Yes         ,Yes             ,Fiber optic    ,Yes                ,No                 ,Yes                ,Two year      ,Yes             ,Bank transfer (automatic),94.35,California,Sutter                ,39.172777,-121.805845,55,Yes    ,Yes              ,1,Offer B,13,Yes            ,Yes           ,29.88,0,1533.54,7206.66,High,0,5,5,Resolved
5275-SQEIZ,Male  ,0,No     ,No        ,1,Yes         ,No              ,Fiber optic    ,No                 ,No                 ,Yes                ,Month-to-month,Yes             ,Mailed check             ,80.85,California,Ojai                  ,34.581308,-118.931948,64,No     ,No               ,0,None   ,21,Yes            ,Yes           ,0.0,0,14.91,95.76,Low,7,1,8,Resolved
9076-AXYIK,Male  ,1,Yes    ,No        ,64,Yes         ,Yes             ,Fiber optic    ,Yes                ,Yes                ,Yes                ,Two year      ,No              ,Electronic check         ,102.1,California,Nipton                ,35.478736,-115.516984,66,Yes    ,Yes              ,2,None   ,8,Yes            ,Yes           ,0.0,0,1292.16,7830.61,High,0,3,3,Resolved
1725-IQNIY,Male  ,0,Yes    ,No        ,54,Yes         ,No              ,Fiber optic    ,Yes                ,Yes                ,Yes                ,Two year      ,No              ,Bank transfer (automatic),109.75,California,San Bernardino        ,34.105935,-117.2914,34,Yes    ,Yes              ,1,None   ,9,Yes            ,Yes           ,0.0,0,2272.86,8383.06,Low,9,1,10,Resolved
3092-IGHWF,Male  ,0,Yes    ,Yes       ,67,Yes         ,Yes             ,Fiber optic    ,No                 ,No                 ,No                 ,One year      ,No              ,Electronic check         ,87.4,California,Alturas               ,41.468877,-120.54229,34,Yes    ,Yes              ,1,Offer A,10,No             ,Yes           ,0.0,0,1902.8,7821.6,Low,6,1,7,Resolved
8513-OLYGY,Male  ,0,Yes    ,No        ,72,Yes         ,Yes             ,Fiber optic    ,Yes                ,Yes                ,Yes                ,Two year      ,No              ,Credit card (automatic)  ,115.8,California,Fortuna               ,40.584991,-124.121504,50,Yes    ,Yes              ,8,None   ,25,Yes            ,Yes           ,0.0,0,1986.48,10318.63,Medium,0,5,5,Resolved
6791-YBNAK,Male  ,0,Yes    ,Yes       ,18,No          ,No phone service,DSL            ,No                 ,No                 ,No                 ,Month-to-month,No              ,Credit card (automatic)  ,25.55,California,Manteca               ,37.750822,-121.238423,26,Yes    ,Yes              ,9,Offer D,52,No             ,Yes           ,0.0,0,0.0,467.85,Medium,1,3,4,Resolved
1196-AMORA,Male  ,0,No     ,No        ,7,Yes         ,Yes             ,Fiber optic    ,No                 ,No                 ,No                 ,Month-to-month,No              ,Electronic check         ,73.6,California,Big Creek             ,37.17277,-119.2997,63,No     ,No               ,0,None   ,28,No             ,Yes           ,0.0,0,266.49,786.49,Low,8,1,9,Resolved
8548-AWOFC,Male  ,0,Yes    ,No        ,66,Yes         ,Yes             ,DSL            ,Yes                ,No                 ,Yes                ,Month-to-month,No              ,Electronic check         ,63.85,California,Huntington Beach      ,33.723579,-118.005441,21,Yes    ,Yes              ,4,None   ,69,Yes            ,Yes           ,0.0,0,506.22,4770.820000000001,Medium,7,1,8,Resolved
5364-XYIRR,Male  ,0,Yes    ,No        ,51,Yes         ,Yes             ,Fiber optic    ,No                 ,Yes                ,Yes                ,Month-to-month,Yes             ,Electronic check         ,94.65,California,Los Angeles           ,34.044639,-118.240413,44,Yes    ,Yes              ,1,None   ,9,Yes            ,Yes           ,0.0,0,1075.08,5887.83,Low,10,0,10,Resolved
1195-OIYEJ,Male  ,0,No     ,No        ,13,Yes         ,No              ,Fiber optic    ,No                 ,Yes                ,Yes                ,Month-to-month,Yes             ,Electronic check         ,91.1,California,La Puente             ,34.038983,-117.991372,54,No     ,No               ,0,Offer D,26,Yes            ,No            ,0.0,80,70.59,1286.29,Low,7,1,8,Resolved
2472-OVKUP,Male  ,0,Yes    ,No        ,6,Yes         ,No              ,Fiber optic    ,No                 ,No                 ,Yes                ,Month-to-month,Yes             ,Electronic check         ,91.0,California,Canoga Park           ,34.224377,-118.632656,39,Yes    ,Yes              ,5,None   ,29,Yes            ,Yes           ,0.0,0,252.48,783.48,Low,9,1,10,Resolved
2408-TZMJL,Male  ,0,Yes    ,No        ,59,Yes         ,Yes             ,Fiber optic    ,No                 ,Yes                ,Yes                ,One year      ,Yes             ,Electronic check         ,110.15,California,Gualala               ,38.848082,-123.50608,43,Yes    ,Yes              ,1,Offer B,26,Yes            ,Yes           ,0.0,0,1339.89,7787.94,Low,9,0,9,Resolved
0637-YLETY,Female,0,No     ,No        ,16,Yes         ,Yes             ,Fiber optic    ,No                 ,No                 ,Yes                ,Month-to-month,Yes             ,Credit card (automatic)  ,95.6,California,Douglas City          ,40.586588,-122.903677,39,No     ,No               ,0,Offer D,30,Yes            ,Yes           ,0.0,0,303.84,1859.49,Low,9,1,10,Resolved
3891-PUQOD,Female,0,No     ,Yes       ,1,Yes         ,No              ,DSL            ,No                 ,No                 ,Yes                ,Month-to-month,No              ,Electronic check         ,59.2,California,Los Angeles           ,34.044271,-118.185237,40,No     ,No               ,0,None   ,24,Yes            ,Yes           ,0.0,0,13.58,72.78,Low,6,1,7,Resolved
0322-CHQRU,Male  ,0,No     ,No        ,2,Yes         ,No              ,DSL            ,No                 ,No                 ,No                 ,Month-to-month,No              ,Electronic check         ,45.35,California,Palmdale              ,34.598221,-117.79593,63,No     ,No               ,0,None   ,9,No             ,Yes           ,0.0,0,50.98,140.48,Low,8,1,9,Resolved
9851-QXEEQ,Male  ,0,No     ,No        ,41,Yes         ,Yes             ,Fiber optic    ,No                 ,Yes                ,Yes                ,Month-to-month,Yes             ,Electronic check         ,104.7,California,Bangor                ,39.396585,-121.38029,21,No     ,No               ,0,None   ,48,Yes            ,Yes           ,0.0,0,1957.34,6303.74,Low,8,1,9,Resolved
8706-HRADD,Male  ,0,No     ,No        ,21,No          ,No phone service,DSL            ,Yes                ,Yes                ,No                 ,Month-to-month,Yes             ,Mailed check             ,43.55,California,Sunnyvale             ,37.3511,-122.037311,29,No     ,No               ,0,Offer D,26,No             ,Yes           ,0.0,0,0.0,1011.5,High,6,0,6,NotResolved
0442-TDYUO,Male  ,0,Yes    ,No        ,48,Yes         ,No              ,No             ,No internet service,No internet service,No internet service,Two year      ,Yes             ,Mailed check             ,20.05,California,Bodega                ,38.343282,-122.9755,44,Yes    ,Yes              ,4,None   ,0,No             ,No            ,0.0,0,1586.88,2622.88,Medium,1,3,4,Resolved
4450-DLLMH,Male  ,0,No     ,No        ,2,Yes         ,No              ,Fiber optic    ,No                 ,No                 ,No                 ,Month-to-month,Yes             ,Credit card (automatic)  ,71.3,California,Avalon                ,33.391181,-118.421305,53,No     ,No               ,0,Offer E,3,No             ,Yes           ,0.0,0,13.48,171.23,Medium,0,5,5,Resolved
0774-RMNUW,Female,0,Yes    ,Yes       ,71,No          ,No phone service,DSL            ,Yes                ,Yes                ,Yes                ,Two year      ,No              ,Bank transfer (automatic),59.7,California,Pala                  ,33.384345,-117.072619,44,Yes    ,Yes              ,6,Offer A,19,Yes            ,Yes           ,0.0,0,0.0,4122.65,High,6,0,6,Resolved
4488-PSYCG,Male  ,0,No     ,No        ,16,Yes         ,No              ,No             ,No internet service,No internet service,No internet service,Month-to-month,No              ,Bank transfer (automatic),20.25,California,Seiad Valley          ,41.924174,-123.260788,24,No     ,No               ,0,Offer D,0,No             ,No            ,0.0,0,336.64,664.0899999999999,Low,8,1,9,NotResolved
1599-MMYRQ,Male  ,0,Yes    ,Yes       ,62,Yes         ,No              ,Fiber optic    ,No                 ,No                 ,No                 ,One year      ,Yes             ,Credit card (automatic)  ,81.45,California,Forestville           ,38.499302,-122.92444,27,Yes    ,Yes              ,1,None   ,41,No             ,Yes           ,14.15,0,2459.54,7428.44,Medium,6,0,6,NotResolved
6692-UDPJC,Female,0,Yes    ,Yes       ,14,Yes         ,Yes             ,Fiber optic    ,Yes                ,Yes                ,No                 ,Month-to-month,Yes             ,Electronic check         ,91.65,California,South El Monte        ,34.04622,-118.053753,61,Yes    ,Yes              ,1,None   ,12,No             ,Yes           ,0.0,0,127.82,1428.82,Medium,6,0,6,Resolved
5726-CVNYA,Female,0,Yes    ,Yes       ,8,Yes         ,No              ,No             ,No internet service,No internet service,No internet service,Two year      ,Yes             ,Mailed check             ,19.85,California,Cutler                ,36.497895,-119.285484,44,Yes    ,Yes              ,8,Offer E,0,No             ,No            ,0.0,0,136.72,283.32,High,6,0,6,Resolved
1582-RAFML,Male  ,0,No     ,No        ,1,Yes         ,Yes             ,DSL            ,Yes                ,No                 ,No                 ,Month-to-month,No              ,Mailed check             ,60.1,California,Sacramento            ,38.625096,-121.383658,26,No     ,No               ,0,Offer E,85,No             ,Yes           ,0.0,0,23.63,83.73,Low,8,1,9,Resolved
3323-CPBWR,Male  ,0,No     ,No        ,23,Yes         ,Yes             ,Fiber optic    ,Yes                ,Yes                ,No                 ,Month-to-month,Yes             ,Credit card (automatic)  ,96.9,California,Knights Landing       ,38.875508,-121.765866,61,No     ,No               ,0,Offer D,6,No             ,Yes           ,0.0,0,195.5,2280.95,High,0,3,3,NotResolved
0813-TAXXS,Male  ,0,No     ,No        ,55,Yes         ,Yes             ,DSL            ,No                 ,Yes                ,Yes                ,Two year      ,Yes             ,Bank transfer (automatic),77.8,California,Alderpoint            ,40.166028,-123.584144,48,No     ,No               ,0,None   ,23,Yes            ,Yes           ,0.0,0,1446.5,5769.85,High,0,6,6,NotResolved
3721-CNEYS,Female,0,No     ,No        ,2,Yes         ,No              ,Fiber optic    ,No                 ,No                 ,No                 ,Month-to-month,Yes             ,Electronic check         ,70.95,California,Douglas City          ,40.586588,-122.903677,45,No     ,No               ,0,None   ,26,No             ,Yes           ,0.0,0,30.66,168.61,Low,9,1,10,Resolved
0723-DRCLG,Female,1,Yes    ,No        ,1,Yes         ,Yes             ,Fiber optic    ,No                 ,No                 ,No                 ,Month-to-month,Yes             ,Electronic check         ,74.45,California,Holtville             ,32.811001,-115.152865,73,Yes    ,Yes              ,1,None   ,11,No             ,No            ,0.0,10,31.27,115.72,Low,9,1,10,Resolved
7595-EUIVN,Female,0,No     ,No        ,1,Yes         ,No              ,Fiber optic    ,No                 ,No                 ,No                 ,Month-to-month,No              ,Electronic check         ,75.8,California,Clearlake             ,38.965804,-122.631779,53,No     ,No               ,0,None   ,26,No             ,Yes           ,0.0,0,14.48,90.28,Low,7,1,8,Resolved
8404-GFGCZ,Male  ,0,Yes    ,No        ,4,Yes         ,Yes             ,DSL            ,No                 ,Yes                ,No                 ,Month-to-month,No              ,Electronic check         ,65.6,California,Millville             ,40.531257,-122.148139,49,Yes    ,Yes              ,7,Offer E,3,No             ,Yes           ,0.0,0,40.52,290.62,High,0,5,5,Resolved
8200-KLNYW,Female,0,Yes    ,No        ,21,Yes         ,No              ,DSL            ,Yes                ,Yes                ,Yes                ,One year      ,No              ,Mailed check             ,80.9,California,San Geronimo          ,38.00474,-122.663717,55,Yes    ,Yes              ,7,None   ,19,Yes            ,No            ,0.0,60,236.67,2011.62,High,0,4,4,Resolved
2848-YXSMW,Male  ,0,Yes    ,Yes       ,72,Yes         ,No              ,No             ,No internet service,No internet service,No internet service,Two year      ,No              ,Credit card (automatic)  ,19.4,California,Torrance              ,33.840399,-118.353714,38,Yes    ,Yes              ,1,Offer A,0,No             ,No            ,0.0,0,3564.0,4927.25,High,0,3,3,Resolved
2070-FNEXE,Female,1,No     ,No        ,7,Yes         ,No              ,Fiber optic    ,No                 ,No                 ,No                 ,Month-to-month,No              ,Bank transfer (automatic),76.45,California,Pasadena              ,34.159007,-118.087353,77,No     ,No               ,0,Offer E,18,No             ,No            ,11.05,0,188.65,681.2,Low,8,0,8,Resolved
7249-WBIYX,Male  ,0,Yes    ,No        ,10,Yes         ,Yes             ,Fiber optic    ,No                 ,Yes                ,No                 ,Month-to-month,Yes             ,Electronic check         ,85.6,California,Elmira                ,38.349195,-121.902943,63,Yes    ,Yes              ,1,None   ,29,No             ,Yes           ,0.0,0,301.0,1114.85,Low,7,1,8,Resolved
6861-OKBCE,Female,0,No     ,Yes       ,11,Yes         ,No              ,No             ,No internet service,No internet service,No internet service,Month-to-month,No              ,Credit card (automatic)  ,20.1,California,Seal Beach            ,33.75462,-118.071128,62,No     ,No               ,0,Offer D,0,No             ,No            ,0.0,0,363.66,585.01,Low,9,1,10,Resolved
9057-SIHCH,Female,0,No     ,No        ,3,Yes         ,Yes             ,Fiber optic    ,No                 ,Yes                ,Yes                ,Month-to-month,Yes             ,Electronic check         ,96.6,California,Twentynine Palms      ,34.457829,-116.139589,48,No     ,No               ,0,Offer E,13,Yes            ,Yes           ,0.0,0,29.85,321.75,Low,7,1,8,NotResolved
2027-FECZV,Male  ,0,No     ,No        ,12,Yes         ,Yes             ,Fiber optic    ,No                 ,Yes                ,Yes                ,Month-to-month,Yes             ,Electronic check         ,106.7,California,Bodfish               ,35.523991,-118.400432,44,No     ,No               ,0,None   ,12,Yes            ,Yes           ,0.0,0,302.28000000000003,1556.18,Low,9,0,9,Resolved
9850-OWRHQ,Female,0,Yes    ,No        ,3,Yes         ,Yes             ,Fiber optic    ,No                 ,No                 ,No                 ,Month-to-month,Yes             ,Credit card (automatic)  ,74.1,California,Torrance              ,33.833181,-118.292062,55,Yes    ,Yes              ,1,None   ,24,No             ,Yes           ,0.0,0,48.87,276.87,Low,6,0,6,Resolved
8414-MYSHR,Male  ,1,No     ,No        ,5,Yes         ,No              ,Fiber optic    ,No                 ,Yes                ,Yes                ,Month-to-month,Yes             ,Electronic check         ,91.4,California,Arcadia               ,34.128284,-118.047732,79,No     ,No               ,0,None   ,11,No             ,Yes           ,0.0,0,22.95,472.7,Low,7,0,7,Resolved
2703-AMTUL,Male  ,0,Yes    ,Yes       ,36,Yes         ,No              ,DSL            ,No                 ,No                 ,No                 ,One year      ,No              ,Mailed check             ,53.65,California,Lookout               ,41.280478,-121.160249,40,Yes    ,Yes              ,2,None   ,19,No             ,Yes           ,0.0,0,288.0,2227.35,High,1,4,5,Resolved
3389-YGYAI,Female,1,No     ,No        ,8,Yes         ,Yes             ,Fiber optic    ,No                 ,Yes                ,Yes                ,Month-to-month,Yes             ,Electronic check         ,105.5,California,Princeton             ,39.424957,-122.039307,79,No     ,No               ,0,None   ,15,No             ,Yes           ,0.0,0,361.28,1190.83,Medium,7,0,7,Resolved
2397-BRLOM,Male  ,1,Yes    ,Yes       ,8,Yes         ,No              ,Fiber optic    ,No                 ,Yes                ,No                 ,Month-to-month,Yes             ,Credit card (automatic)  ,80.45,California,San Rafael            ,37.972662,-122.491452,67,Yes    ,Yes              ,2,None   ,2,No             ,Yes           ,0.0,0,215.92,799.37,Low,10,0,10,Resolved
9601-BRXPO,Female,0,Yes    ,No        ,25,Yes         ,Yes             ,Fiber optic    ,Yes                ,Yes                ,Yes                ,Month-to-month,Yes             ,Bank transfer (automatic),104.95,California,San Diego             ,32.961064,-117.134917,48,Yes    ,Yes              ,1,Offer C,10,Yes            ,Yes           ,0.0,0,222.75,2789.25,Medium,6,1,7,Resolved
6439-LAJXL,Male  ,0,Yes    ,No        ,9,Yes         ,No              ,DSL            ,Yes                ,Yes                ,No                 ,Month-to-month,Yes             ,Mailed check             ,68.95,California,Echo Lake             ,38.851842,-120.076204,47,Yes    ,Yes              ,2,Offer E,7,No             ,Yes           ,0.0,0,311.76,905.61,Medium,1,3,4,Resolved
4632-XJMEX,Male  ,0,No     ,Yes       ,53,Yes         ,No              ,DSL            ,Yes                ,No                 ,No                 ,One year      ,No              ,Credit card (automatic)  ,62.85,California,Fresno                ,36.841655,-119.797113,20,No     ,No               ,0,Offer B,59,No             ,Yes           ,0.0,0,2533.9300000000003,5953.43,High,0,3,3,Resolved
4710-FDUIZ,Male  ,0,Yes    ,No        ,56,Yes         ,Yes             ,Fiber optic    ,No                 ,Yes                ,Yes                ,One year      ,No              ,Credit card (automatic)  ,100.3,California,Santa Ana             ,33.714829,-117.872941,50,Yes    ,Yes              ,2,None   ,7,Yes            ,No            ,0.0,100,1464.4,7178.849999999999,Low,6,0,6,Resolved
1444-VVSGW,Male  ,0,Yes    ,No        ,70,Yes         ,Yes             ,Fiber optic    ,Yes                ,Yes                ,Yes                ,One year      ,No              ,Credit card (automatic)  ,115.65,California,Los Molinos           ,40.059385,-122.091481,51,Yes    ,Yes              ,1,Offer A,20,Yes            ,No            ,0.0,10,1201.9,9180.75,Low,9,1,10,Resolved
2506-CLAKW,Female,0,No     ,No        ,6,Yes         ,No              ,Fiber optic    ,Yes                ,No                 ,Yes                ,Month-to-month,Yes             ,Bank transfer (automatic),98.15,California,Ventura               ,34.279221,-119.221437,20,No     ,No               ,0,Offer E,26,Yes            ,Yes           ,0.0,0,121.56,689.01,Low,8,0,8,Resolved
2792-VPPET,Male  ,0,No     ,No        ,3,Yes         ,No              ,No             ,No internet service,No internet service,No internet service,Month-to-month,Yes             ,Electronic check         ,20.5,California,San Gabriel           ,34.089927,-118.095645,28,No     ,No               ,0,None   ,0,No             ,No            ,0.0,0,111.03,187.98,High,1,4,5,Resolved
3325-FUYCG,Male  ,0,Yes    ,Yes       ,28,Yes         ,Yes             ,Fiber optic    ,No                 ,Yes                ,Yes                ,One year      ,No              ,Electronic check         ,106.1,California,Five Points           ,36.397745,-120.119911,58,Yes    ,Yes              ,1,Offer C,24,Yes            ,Yes           ,0.0,0,269.36,3116.76,Low,8,1,9,NotResolved
4075-WKNIU,Female,0,Yes    ,Yes       ,0,Yes         ,Yes             ,DSL            ,Yes                ,Yes                ,No                 ,Two year      ,No              ,Mailed check             ,73.35,California,Bell                  ,33.970343,-118.171368,25,Yes    ,Yes              ,6,Offer E,59,No             ,Yes           ,0.0,0,55.9,789.4,High,1,5,6,Resolved
3566-VVORZ,Female,0,Yes    ,No        ,12,Yes         ,No              ,DSL            ,No                 ,No                 ,No                 ,Month-to-month,No              ,Bank transfer (automatic),45.9,California,Westlake Village      ,34.130992,-118.894673,39,Yes    ,No               ,0,None   ,4,No             ,Yes           ,0.0,0,369.48,875.4300000000001,Medium,6,0,6,Resolved
8290-YWKHZ,Female,1,Yes    ,No        ,32,Yes         ,Yes             ,Fiber optic    ,No                 ,Yes                ,Yes                ,Month-to-month,Yes             ,Electronic check         ,93.2,California,Apple Valley          ,34.55082,-117.122396,69,Yes    ,Yes              ,1,None   ,6,No             ,Yes           ,17.88,0,1079.68,3992.8,Medium,9,1,10,Resolved
9086-YJYXS,Male  ,0,Yes    ,Yes       ,34,Yes         ,Yes             ,DSL            ,No                 ,Yes                ,Yes                ,One year      ,No              ,Bank transfer (automatic),77.2,California,San Martin            ,37.084697,-121.606417,23,Yes    ,No               ,0,Offer C,52,Yes            ,Yes           ,0.0,0,183.26,2937.0600000000004,High,0,6,6,Resolved
0848-SOMKO,Male  ,0,No     ,No        ,70,No          ,No phone service,DSL            ,Yes                ,No                 ,Yes                ,Two year      ,No              ,Bank transfer (automatic),48.4,California,Shingle Springs       ,38.598936,-120.963092,23,No     ,No               ,0,None   ,26,Yes            ,Yes           ,0.0,0,0.0,3442.8,Medium,6,0,6,Resolved
6296-DDOOR,Female,0,No     ,No        ,19,Yes         ,No              ,DSL            ,No                 ,Yes                ,No                 ,One year      ,No              ,Electronic check         ,58.2,California,Laguna Beach          ,33.570023,-117.773669,19,No     ,No               ,0,None   ,69,No             ,Yes           ,0.0,0,462.65,1507.9,High,7,1,8,Resolved
3804-RVTGV,Male  ,0,Yes    ,Yes       ,50,Yes         ,Yes             ,Fiber optic    ,No                 ,Yes                ,Yes                ,Month-to-month,Yes             ,Bank transfer (automatic),103.85,California,Mountain View         ,37.419725,-122.062947,55,Yes    ,Yes              ,6,Offer B,14,Yes            ,Yes           ,0.0,0,2110.5,7128.4,Low,10,1,11,Resolved
5494-WOZRZ,Female,0,Yes    ,Yes       ,71,Yes         ,No              ,DSL            ,Yes                ,Yes                ,Yes                ,Two year      ,Yes             ,Credit card (automatic)  ,82.0,California,Mission Viejo         ,33.60693,-117.644253,40,Yes    ,No               ,0,None   ,23,Yes            ,Yes           ,0.0,0,2713.62,8713.470000000001,Medium,7,0,7,Resolved
7349-ALMUX,Male  ,0,No     ,No        ,37,Yes         ,No              ,DSL            ,Yes                ,No                 ,No                 ,Two year      ,No              ,Bank transfer (automatic),65.6,California,Rancho Cucamonga      ,34.10097,-117.57882,35,No     ,No               ,0,None   ,30,No             ,Yes           ,0.0,0,1421.91,3735.71,High,0,3,3,Resolved
7065-YUNRY,Female,0,No     ,No        ,1,Yes         ,No              ,DSL            ,No                 ,No                 ,No                 ,Month-to-month,Yes             ,Mailed check             ,45.3,California,San Diego             ,32.825086,-117.199424,28,No     ,No               ,0,None   ,59,Yes            ,Yes           ,0.0,0,39.94,85.24,Low,6,0,6,Resolved
5676-CFLYY,Male  ,0,Yes    ,Yes       ,71,Yes         ,No              ,DSL            ,Yes                ,Yes                ,Yes                ,Two year      ,Yes             ,Credit card (automatic)  ,73.35,California,Ahwahnee              ,37.375816,-119.739935,30,Yes    ,Yes              ,4,Offer A,59,Yes            ,Yes           ,0.0,0,1153.04,6307.54,High,6,1,7,Resolved
7493-GVFIO,Male  ,0,No     ,No        ,57,Yes         ,No              ,No             ,No internet service,No internet service,No internet service,Two year      ,No              ,Credit card (automatic)  ,20.55,California,Stockton              ,37.959706,-121.287669,56,No     ,No               ,0,Offer B,0,No             ,No            ,0.0,0,740.4300000000001,1993.28,Medium,1,5,6,Resolved
3352-RICWQ,Female,0,Yes    ,Yes       ,9,Yes         ,No              ,No             ,No internet service,No internet service,No internet service,Two year      ,No              ,Mailed check             ,19.75,California,Davis                 ,38.508735,-121.678813,45,Yes    ,Yes              ,6,Offer E,0,No             ,No            ,0.0,0,145.17,355.82,High,1,3,4,Resolved
7105-MXJLL,Female,1,Yes    ,No        ,26,Yes         ,No              ,DSL            ,No                 ,No                 ,Yes                ,One year      ,No              ,Mailed check             ,60.7,California,Valencia              ,34.43987,-118.644609,76,Yes    ,Yes              ,2,None   ,17,No             ,Yes           ,0.0,0,445.12,2042.52,High,6,0,6,NotResolved
3082-WQRVY,Male  ,1,Yes    ,No        ,14,Yes         ,No              ,No             ,No internet service,No internet service,No internet service,One year      ,No              ,Mailed check             ,19.65,California,Stockton              ,37.954089,-121.329761,73,Yes    ,Yes              ,8,None   ,0,No             ,No            ,0.0,0,640.64,869.29,High,6,0,6,Resolved
5227-JSCFE,Male  ,1,Yes    ,No        ,71,No          ,No phone service,DSL            ,Yes                ,No                 ,No                 ,Two year      ,No              ,Credit card (automatic)  ,46.35,California,Scotts Valley         ,37.070177,-122.010077,74,Yes    ,Yes              ,9,Offer A,19,No             ,Yes           ,18.64,0,0.0,3334.76,High,0,3,3,Resolved
8124-NZVGJ,Female,0,No     ,No        ,6,No          ,No phone service,DSL            ,Yes                ,Yes                ,Yes                ,One year      ,Yes             ,Mailed check             ,49.25,California,Baker                 ,35.28952,-116.092214,29,No     ,No               ,0,None   ,48,Yes            ,Yes           ,0.0,0,0.0,255.6,Medium,0,6,6,Resolved
7479-NITWS,Male  ,0,No     ,No        ,7,Yes         ,Yes             ,Fiber optic    ,No                 ,Yes                ,No                 ,Month-to-month,Yes             ,Credit card (automatic)  ,89.35,California,Green Valley Lake     ,34.244411,-117.072654,35,No     ,No               ,0,None   ,17,No             ,No            ,0.0,60,257.88,949.73,Low,9,1,10,Resolved
8083-YTZES,Male  ,0,No     ,No        ,4,Yes         ,Yes             ,Fiber optic    ,No                 ,No                 ,No                 ,Month-to-month,Yes             ,Electronic check         ,74.35,California,San Diego             ,32.697098,-117.116587,52,No     ,No               ,0,None   ,13,No             ,Yes           ,0.0,0,191.28,456.63,Low,7,1,8,Resolved
7126-RBHSD,Female,0,Yes    ,No        ,17,Yes         ,Yes             ,Fiber optic    ,No                 ,No                 ,No                 ,Month-to-month,No              ,Electronic check         ,78.9,California,Lathrop               ,37.80821,-121.308401,53,Yes    ,Yes              ,1,Offer D,4,No             ,Yes           ,0.0,0,359.54999999999995,1708.5,Medium,0,4,4,Resolved
5419-KLXBN,Female,0,Yes    ,Yes       ,25,Yes         ,No              ,Fiber optic    ,No                 ,Yes                ,No                 ,Month-to-month,Yes             ,Bank transfer (automatic),89.15,California,Palomar Mountain      ,33.309852,-116.823091,36,Yes    ,Yes              ,1,None   ,5,No             ,Yes           ,0.0,0,616.0,2873.75,Low,9,0,9,Resolved
3138-BKYAV,Male  ,0,No     ,No        ,6,Yes         ,No              ,Fiber optic    ,No                 ,Yes                ,No                 ,Month-to-month,Yes             ,Electronic check         ,85.35,California,Kerman                ,36.727418,-120.123526,61,No     ,No               ,0,None   ,27,No             ,Yes           ,0.0,0,71.82000000000001,561.27,Medium,7,0,7,Resolved
8058-JMEQO,Female,1,No     ,No        ,9,Yes         ,Yes             ,Fiber optic    ,No                 ,No                 ,Yes                ,Month-to-month,Yes             ,Electronic check         ,84.45,California,Los Angeles           ,34.066367,-118.309868,76,No     ,No               ,0,Offer E,21,No             ,Yes           ,0.0,0,116.19,878.69,Medium,9,1,10,Resolved
8413-YNHNV,Male  ,0,No     ,No        ,69,Yes         ,Yes             ,DSL            ,Yes                ,Yes                ,Yes                ,Two year      ,No              ,Mailed check             ,90.65,California,Oakland               ,37.739113,-122.175602,42,No     ,No               ,0,None   ,22,Yes            ,Yes           ,0.0,0,3272.67,9594.77,Medium,1,6,7,Resolved
9475-NNDGC,Male  ,0,Yes    ,No        ,71,Yes         ,Yes             ,Fiber optic    ,Yes                ,Yes                ,Yes                ,One year      ,Yes             ,Bank transfer (automatic),113.15,California,Etna                  ,41.405193,-123.008567,50,Yes    ,Yes              ,8,None   ,3,Yes            ,Yes           ,0.0,0,1928.36,9881.61,Medium,7,0,7,Resolved
7219-TLZHO,Female,0,Yes    ,Yes       ,4,Yes         ,No              ,No             ,No internet service,No internet service,No internet service,Month-to-month,No              ,Mailed check             ,20.85,California,Montebello            ,34.015217,-118.109962,27,Yes    ,Yes              ,1,None   ,0,No             ,No            ,0.0,0,159.56,222.46,High,7,1,8,Resolved
1430-SFQSA,Male  ,0,No     ,No        ,29,No          ,No phone service,DSL            ,Yes                ,No                 ,No                 ,One year      ,No              ,Mailed check             ,35.6,California,Stockton              ,38.049457,-121.21653,46,No     ,No               ,0,Offer C,8,No             ,Yes           ,0.0,0,0.0,1072.6,High,7,0,7,Resolved
5133-VRSAB,Male  ,0,No     ,No        ,8,No          ,No phone service,DSL            ,No                 ,No                 ,No                 ,Month-to-month,No              ,Mailed check             ,29.35,California,Olema                 ,38.052209,-122.775567,47,No     ,No               ,0,Offer E,8,No             ,No            ,0.0,10,0.0,226.45,High,0,6,6,NotResolved
7579-OOPEC,Female,1,Yes    ,No        ,2,Yes         ,No              ,DSL            ,No                 ,No                 ,No                 ,Month-to-month,No              ,Credit card (automatic)  ,50.15,California,Pala                  ,33.384345,-117.072619,75,Yes    ,Yes              ,1,Offer E,20,No             ,Yes           ,0.0,0,13.72,128.82,Low,7,0,7,Resolved
7243-LCGGZ,Female,0,No     ,No        ,1,Yes         ,No              ,No             ,No internet service,No internet service,No internet service,Month-to-month,No              ,Mailed check             ,20.9,California,Alhambra              ,34.090925,-118.128164,28,No     ,No               ,0,None   ,0,No             ,No            ,0.0,0,10.21,31.11,High,7,0,7,Resolved
5357-TZHPP,Male  ,1,No     ,No        ,9,Yes         ,Yes             ,Fiber optic    ,No                 ,No                 ,Yes                ,Month-to-month,Yes             ,Credit card (automatic)  ,84.4,California,Wheatland             ,39.043387,-121.409837,67,No     ,No               ,0,None   ,18,No             ,Yes           ,0.0,0,277.2,1009.7,Low,8,0,8,Resolved
7929-DMBCV,Female,0,Yes    ,No        ,20,Yes         ,No              ,Fiber optic    ,Yes                ,No                 ,No                 ,Month-to-month,Yes             ,Mailed check             ,81.0,California,Arroyo Grande         ,35.176236,-120.483243,45,Yes    ,Yes              ,6,Offer D,21,No             ,Yes           ,0.0,0,227.8,1911.5,Medium,0,3,3,Resolved
0203-HHYIJ,Male  ,0,No     ,No        ,25,Yes         ,Yes             ,No             ,No internet service,No internet service,No internet service,One year      ,No              ,Bank transfer (automatic),25.3,California,Atherton              ,37.454924,-122.203168,62,No     ,No               ,0,Offer C,0,No             ,No            ,0.0,0,139.25,815.6,Medium,7,0,7,NotResolved
2133-TSRRM,Female,0,No     ,Yes       ,34,Yes         ,No              ,Fiber optic    ,No                 ,Yes                ,Yes                ,Month-to-month,Yes             ,Bank transfer (automatic),105.35,California,Rosemead              ,34.065108,-118.082791,47,No     ,No               ,0,None   ,21,Yes            ,No            ,0.0,110,1119.96,4918.56,High,1,4,5,Resolved
2654-VBVPB,Female,0,No     ,No        ,1,Yes         ,No              ,No             ,No internet service,No internet service,No internet service,Month-to-month,No              ,Bank transfer (automatic),19.9,California,Newport Beach         ,33.62251,-117.927024,22,No     ,No               ,0,None   ,0,No             ,No            ,0.0,0,11.83,31.73,High,1,5,6,Resolved
8659-IOOPU,Female,0,Yes    ,Yes       ,71,Yes         ,Yes             ,Fiber optic    ,Yes                ,No                 ,Yes                ,Two year      ,No              ,Electronic check         ,100.45,California,Moss Landing          ,36.863303,-121.781632,25,Yes    ,Yes              ,4,Offer A,59,Yes            ,Yes           ,16.12,0,2283.36,9426.94,Medium,1,4,5,Resolved
7244-KXYZN,Female,0,No     ,No        ,24,Yes         ,No              ,No             ,No internet service,No internet service,No internet service,One year      ,No              ,Credit card (automatic)  ,20.45,California,Modesto               ,37.670526,-120.877572,25,No     ,No               ,0,None   ,0,No             ,No            ,0.0,0,143.52,670.87,High,0,3,3,Resolved
0829-XXPLX,Female,0,No     ,No        ,20,Yes         ,No              ,Fiber optic    ,No                 ,Yes                ,No                 ,Month-to-month,Yes             ,Bank transfer (automatic),89.4,California,Cutler                ,36.497895,-119.285484,48,No     ,No               ,0,None   ,21,No             ,Yes           ,0.0,0,610.4,2481.55,High,6,1,7,Resolved
1013-QCWAM,Female,1,Yes    ,No        ,66,Yes         ,Yes             ,Fiber optic    ,No                 ,Yes                ,Yes                ,Month-to-month,Yes             ,Electronic check         ,100.8,California,Garden Grove          ,33.786738,-117.982564,73,Yes    ,No               ,0,Offer A,20,No             ,Yes           ,0.0,0,1851.96,8542.71,High,0,4,4,Resolved
7470-DYNOE,Male  ,0,No     ,No        ,53,Yes         ,No              ,DSL            ,No                 ,No                 ,Yes                ,One year      ,Yes             ,Electronic check         ,61.1,California,Walnut                ,34.018354,-117.85492,37,No     ,No               ,0,Offer B,24,Yes            ,Yes           ,0.0,0,255.46,3613.36,High,1,4,5,Resolved
4250-WAROZ,Male  ,1,Yes    ,Yes       ,60,Yes         ,Yes             ,Fiber optic    ,No                 ,No                 ,Yes                ,Month-to-month,Yes             ,Electronic check         ,93.25,California,Fresno                ,36.749403,-119.787574,70,Yes    ,Yes              ,4,None   ,53,No             ,Yes           ,0.0,0,1180.8,6955.35,Medium,7,1,8,Resolved
5125-CNDSP,Male  ,0,No     ,Yes       ,63,No          ,No phone service,DSL            ,Yes                ,No                 ,No                 ,One year      ,Yes             ,Bank transfer (automatic),40.6,California,Big Creek             ,37.17277,-119.2997,48,No     ,No               ,0,Offer B,28,No             ,Yes           ,0.0,0,0.0,2588.95,Medium,8,0,8,Resolved
6833-JMZYP,Female,0,No     ,No        ,15,Yes         ,No              ,Fiber optic    ,No                 ,Yes                ,Yes                ,Month-to-month,Yes             ,Credit card (automatic)  ,94.0,California,Hesperia              ,34.361387,-117.337509,54,No     ,No               ,0,None   ,16,Yes            ,Yes           ,0.0,0,229.2,1734.65,Medium,7,0,7,Resolved
9477-LGWQI,Male  ,0,Yes    ,Yes       ,70,Yes         ,No              ,DSL            ,No                 ,Yes                ,Yes                ,Two year      ,Yes             ,Credit card (automatic)  ,80.15,California,Darwin                ,36.319181,-117.593053,28,Yes    ,Yes              ,10,Offer A,46,Yes            ,Yes           ,0.0,0,1685.6,7285.75,Medium,7,1,8,Resolved
8184-WMOFI,Male  ,0,Yes    ,Yes       ,62,Yes         ,No              ,DSL            ,Yes                ,No                 ,Yes                ,One year      ,No              ,Credit card (automatic)  ,71.4,California,Fresno                ,36.739385,-119.753649,47,Yes    ,No               ,0,None   ,25,Yes            ,Yes           ,0.0,0,871.1,5358.400000000001,Medium,1,6,7,Resolved
1699-HPSBG,Male  ,0,No     ,No        ,12,Yes         ,No              ,DSL            ,Yes                ,Yes                ,No                 ,One year      ,Yes             ,Electronic check         ,59.8,California,Palm Springs          ,33.745746,-116.514215,44,No     ,No               ,0,Offer D,23,No             ,Yes           ,0.0,0,115.2,843.0,Medium,6,0,6,Resolved
4897-QSUYC,Female,0,No     ,No        ,1,Yes         ,No              ,No             ,No internet service,No internet service,No internet service,Month-to-month,Yes             ,Mailed check             ,20.15,California,Amboy                 ,34.559882,-115.637164,42,No     ,No               ,0,Offer E,0,No             ,No            ,0.0,0,21.59,41.74,Medium,8,1,9,Resolved
9117-SHLZX,Male  ,0,No     ,No        ,1,Yes         ,No              ,DSL            ,No                 ,No                 ,No                 ,Month-to-month,Yes             ,Mailed check             ,45.7,California,Fremont               ,37.505768,-121.962472,36,No     ,No               ,0,None   ,17,No             ,Yes           ,0.0,0,10.41,56.11,Medium,7,0,7,Resolved
7470-MCQTK,Female,0,Yes    ,No        ,13,No          ,No phone service,DSL            ,No                 ,Yes                ,Yes                ,Month-to-month,Yes             ,Bank transfer (automatic),48.75,California,Alpaugh               ,35.869626,-119.498771,42,Yes    ,Yes              ,1,None   ,8,Yes            ,Yes           ,0.0,0,0.0,633.4,Low,8,1,9,Resolved
6447-GORXK,Male  ,0,No     ,Yes       ,31,No          ,No phone service,DSL            ,No                 ,No                 ,No                 ,Month-to-month,No              ,Credit card (automatic)  ,25.0,California,San Diego             ,33.000269,-117.072093,20,No     ,No               ,0,Offer C,51,No             ,Yes           ,22.4,0,0.0,766.8000000000001,High,6,1,7,Resolved
5073-WXOYN,Female,0,No     ,No        ,60,No          ,No phone service,DSL            ,No                 ,Yes                ,Yes                ,Month-to-month,Yes             ,Electronic check         ,50.8,California,Belmont               ,37.509366,-122.306132,58,No     ,No               ,0,Offer B,5,Yes            ,Yes           ,0.0,0,0.0,3027.4,Low,6,0,6,Resolved
2845-HSJCY,Female,0,Yes    ,Yes       ,14,Yes         ,Yes             ,Fiber optic    ,No                 ,No                 ,Yes                ,Month-to-month,Yes             ,Electronic check         ,87.25,California,Whitethorn            ,40.053159,-123.995867,49,Yes    ,Yes              ,1,None   ,19,Yes            ,Yes           ,0.0,0,408.52,1667.12,Low,7,1,8,Resolved
4057-FKCZK,Male  ,0,Yes    ,Yes       ,58,Yes         ,Yes             ,Fiber optic    ,No                 ,Yes                ,No                 ,Two year      ,No              ,Bank transfer (automatic),82.5,California,Prather               ,37.007238,-119.505661,40,Yes    ,Yes              ,1,None   ,24,No             ,Yes           ,0.0,0,1735.94,6563.99,Medium,0,3,3,Resolved
6941-PMGEP,Female,0,No     ,No        ,5,Yes         ,No              ,Fiber optic    ,No                 ,No                 ,Yes                ,Month-to-month,Yes             ,Electronic check         ,80.0,California,Novato                ,38.135897,-122.563683,26,No     ,No               ,0,Offer E,42,Yes            ,No            ,40.0,10,219.95,602.45,Medium,9,0,9,Resolved
0786-IVLAW,Female,1,No     ,No        ,66,Yes         ,Yes             ,Fiber optic    ,No                 ,Yes                ,Yes                ,One year      ,No              ,Bank transfer (automatic),108.1,California,Valley Village        ,34.165783,-118.399795,72,No     ,No               ,0,None   ,28,No             ,Yes           ,0.0,0,235.62,7474.22,Medium,0,3,3,Resolved
6711-FLDFB,Female,0,No     ,No        ,7,Yes         ,Yes             ,Fiber optic    ,No                 ,No                 ,No                 ,Month-to-month,Yes             ,Electronic check         ,74.9,California,Big Oak Flat          ,37.818589,-120.256995,62,No     ,No               ,0,Offer E,25,No             ,Yes           ,0.0,0,327.53,868.68,Low,6,1,7,Resolved
5243-SAOTC,Male  ,0,No     ,No        ,54,Yes         ,Yes             ,Fiber optic    ,No                 ,No                 ,No                 ,Month-to-month,Yes             ,Bank transfer (automatic),79.85,California,Bonsall               ,33.290907,-117.202895,36,No     ,No               ,0,Offer B,3,No             ,Yes           ,0.0,0,412.56,4720.81,High,1,5,6,Resolved
1084-UQCHV,Male  ,0,No     ,Yes       ,1,Yes         ,No              ,Fiber optic    ,No                 ,No                 ,No                 ,Month-to-month,No              ,Bank transfer (automatic),69.75,California,Angelus Oaks          ,34.1678,-116.86433,35,No     ,No               ,0,Offer E,18,No             ,Yes           ,0.0,0,27.97,97.72,Low,6,1,7,Resolved
4760-XOHVN,Female,0,Yes    ,Yes       ,1,Yes         ,No              ,No             ,No internet service,No internet service,No internet service,Month-to-month,No              ,Mailed check             ,19.45,California,Myers Flat            ,40.267158,-123.805913,54,Yes    ,Yes              ,1,None   ,0,No             ,No            ,0.0,0,28.73,48.18,Low,8,0,8,Resolved
5393-HJZSM,Female,0,Yes    ,Yes       ,32,Yes         ,No              ,DSL            ,Yes                ,No                 ,Yes                ,Month-to-month,No              ,Bank transfer (automatic),76.3,California,San Francisco         ,37.797526,-122.464531,54,Yes    ,Yes              ,1,Offer C,19,Yes            ,Yes           ,0.0,0,1037.76,3441.91,Medium,7,1,8,Resolved
4833-QTJNO,Male  ,1,Yes    ,No        ,67,Yes         ,Yes             ,Fiber optic    ,No                 ,No                 ,No                 ,Month-to-month,No              ,Bank transfer (automatic),83.85,California,Coulterville          ,37.722127,-120.110174,66,Yes    ,Yes              ,10,None   ,20,No             ,Yes           ,0.0,0,3008.3,8597.1,Medium,1,5,6,Resolved
0637-UBJRP,Male  ,0,Yes    ,Yes       ,13,Yes         ,No              ,Fiber optic    ,No                 ,No                 ,Yes                ,Month-to-month,No              ,Electronic check         ,84.05,California,Wilton                ,38.392559,-121.225093,40,Yes    ,Yes              ,5,Offer D,21,Yes            ,Yes           ,23.97,0,388.96,1460.29,Low,7,1,8,Resolved
6506-EYCNH,Female,0,Yes    ,Yes       ,28,Yes         ,No              ,No             ,No internet service,No internet service,No internet service,Month-to-month,Yes             ,Bank transfer (automatic),19.55,California,Montclair             ,34.072121,-117.698319,27,Yes    ,Yes              ,9,None   ,0,No             ,No            ,0.0,0,443.8,987.6,High,0,5,5,Resolved
4182-BGSIQ,Female,0,Yes    ,Yes       ,10,Yes         ,No              ,No             ,No internet service,No internet service,No internet service,Month-to-month,Yes             ,Bank transfer (automatic),19.8,California,Durham                ,39.607831,-121.777959,46,Yes    ,Yes              ,6,Offer D,0,No             ,No            ,0.0,0,190.5,387.25,Medium,0,5,5,Resolved
2024-BASKD,Female,0,No     ,No        ,1,Yes         ,No              ,Fiber optic    ,No                 ,No                 ,No                 ,Month-to-month,Yes             ,Mailed check             ,74.6,California,Exeter                ,36.301689,-119.018233,23,No     ,No               ,0,Offer E,47,No             ,No            ,0.0,10,22.16,106.76,Medium,9,0,9,NotResolved
7508-KBIMB,Male  ,0,Yes    ,Yes       ,24,Yes         ,No              ,DSL            ,No                 ,No                 ,No                 ,One year      ,Yes             ,Credit card (automatic)  ,56.25,California,Jamestown             ,37.84771,-120.486589,33,Yes    ,Yes              ,7,None   ,53,No             ,Yes           ,0.0,0,55.44,1509.69,High,1,6,7,Resolved
7593-XFKDI,Male  ,0,No     ,No        ,1,Yes         ,No              ,DSL            ,No                 ,No                 ,No                 ,Month-to-month,No              ,Mailed check             ,46.3,California,Los Angeles           ,34.085807,-118.206617,39,No     ,No               ,0,None   ,21,No             ,Yes           ,0.0,0,48.22,94.52,Low,7,0,7,Resolved
0348-SDKOL,Female,0,Yes    ,No        ,58,Yes         ,Yes             ,Fiber optic    ,Yes                ,Yes                ,Yes                ,Month-to-month,Yes             ,Credit card (automatic)  ,102.1,California,La Jolla              ,32.853743,-117.25034,33,Yes    ,Yes              ,1,None   ,28,Yes            ,No            ,0.0,100,203.58,6188.98,Low,9,1,10,Resolved
7996-MHXLW,Female,0,No     ,No        ,66,Yes         ,Yes             ,No             ,No internet service,No internet service,No internet service,Two year      ,Yes             ,Credit card (automatic)  ,25.15,California,Ocotillo              ,32.698964,-115.886656,51,No     ,No               ,0,Offer A,0,No             ,No            ,0.0,0,1370.82,3054.42,High,6,0,6,NotResolved
3230-WYKIR,Male  ,0,No     ,No        ,18,Yes         ,Yes             ,DSL            ,Yes                ,Yes                ,Yes                ,One year      ,Yes             ,Credit card (automatic)  ,82.0,California,San Francisco         ,37.750021,-122.415201,36,No     ,No               ,0,None   ,5,Yes            ,Yes           ,0.0,0,225.0,1650.45,Low,7,0,7,NotResolved
4933-IKULF,Female,1,No     ,No        ,17,Yes         ,No              ,No             ,No internet service,No internet service,No internet service,One year      ,No              ,Mailed check             ,20.65,California,Pinon Hills           ,34.459322,-117.629729,71,No     ,No               ,0,Offer D,0,No             ,No            ,0.0,0,410.55,741.15,High,1,5,6,Resolved
8752-STIVR,Female,0,No     ,No        ,4,Yes         ,No              ,Fiber optic    ,No                 ,Yes                ,No                 ,Month-to-month,Yes             ,Electronic check         ,79.0,California,Elmira                ,38.349195,-121.902943,61,No     ,No               ,0,None   ,27,No             ,Yes           ,0.0,0,110.28,413.43,Medium,6,1,7,Resolved
3351-NQLDI,Female,0,Yes    ,Yes       ,67,Yes         ,Yes             ,Fiber optic    ,Yes                ,No                 ,Yes                ,One year      ,Yes             ,Credit card (automatic)  ,94.35,California,Travis Afb            ,38.265899,-121.939461,41,Yes    ,Yes              ,1,Offer A,11,Yes            ,Yes           ,0.0,0,2072.98,8414.43,Low,9,0,9,NotResolved
4622-YNKIJ,Male  ,0,No     ,No        ,33,Yes         ,No              ,Fiber optic    ,Yes                ,Yes                ,No                 ,Two year      ,Yes             ,Electronic check         ,88.95,California,Norwalk               ,33.905963,-118.08263,59,No     ,No               ,0,Offer C,18,No             ,Yes           ,0.0,0,1572.12,4599.77,Medium,0,4,4,Resolved
8066-POXGX,Female,0,No     ,No        ,13,No          ,No phone service,DSL            ,No                 ,No                 ,Yes                ,Month-to-month,Yes             ,Electronic check         ,35.1,California,Fresno                ,36.878709,-119.7645,28,No     ,No               ,0,Offer D,53,Yes            ,Yes           ,0.0,0,0.0,446.1,Medium,7,0,7,Resolved
7128-GGCNO,Male  ,0,No     ,No        ,46,Yes         ,Yes             ,Fiber optic    ,No                 ,No                 ,No                 ,Month-to-month,No              ,Bank transfer (automatic),72.8,California,Laguna Hills          ,33.606899,-117.717854,38,No     ,No               ,0,Offer B,26,No             ,Yes           ,0.0,0,1890.6,5140.0,High,6,1,7,NotResolved
3473-XIIIT,Female,0,Yes    ,No        ,16,Yes         ,Yes             ,Fiber optic    ,No                 ,Yes                ,Yes                ,Month-to-month,Yes             ,Electronic check         ,100.0,California,Sacramento            ,38.517295,-121.439819,61,Yes    ,Yes              ,1,None   ,26,Yes            ,Yes           ,0.0,0,605.28,2140.03,Low,6,0,6,Resolved
8100-PNJMH,Male  ,0,Yes    ,Yes       ,68,Yes         ,Yes             ,DSL            ,Yes                ,Yes                ,Yes                ,Two year      ,Yes             ,Credit card (automatic)  ,88.85,California,Glennville            ,35.735694,-118.738483,39,Yes    ,Yes              ,2,None   ,14,Yes            ,Yes           ,0.0,0,2829.48,8962.18,High,0,5,5,Resolved
4143-OOBWZ,Male  ,0,Yes    ,No        ,5,Yes         ,Yes             ,Fiber optic    ,No                 ,No                 ,No                 ,Month-to-month,Yes             ,Electronic check         ,81.3,California,Fresno                ,36.793601,-119.761131,33,Yes    ,No               ,0,Offer E,26,No             ,Yes           ,0.0,0,125.55,541.85,Low,10,1,11,Resolved
3621-CHYVB,Female,0,Yes    ,No        ,57,No          ,No phone service,DSL            ,Yes                ,No                 ,Yes                ,Month-to-month,Yes             ,Bank transfer (automatic),49.9,California,Soquel                ,37.023669,-121.946461,44,Yes    ,Yes              ,2,None   ,14,Yes            ,Yes           ,0.0,0,0.0,2782.4,Medium,6,1,7,Resolved
7245-NIIWQ,Female,0,No     ,No        ,3,Yes         ,No              ,Fiber optic    ,No                 ,No                 ,No                 ,Month-to-month,Yes             ,Electronic check         ,69.85,California,Fellows               ,35.215731,-119.57013,53,No     ,No               ,0,Offer E,21,No             ,Yes           ,0.0,0,104.28,304.13,High,1,5,6,NotResolved
4232-JGKIY,Male  ,0,No     ,No        ,1,Yes         ,No              ,No             ,No internet service,No internet service,No internet service,Month-to-month,No              ,Electronic check         ,19.2,California,Los Angeles           ,34.00709,-118.258681,22,No     ,No               ,0,None   ,0,No             ,No            ,0.0,0,26.37,45.57,High,1,3,4,Resolved
4891-NLUBA,Female,0,Yes    ,Yes       ,61,No          ,No phone service,DSL            ,Yes                ,Yes                ,Yes                ,Two year      ,Yes             ,Bank transfer (automatic),61.45,California,Paynes Creek          ,40.343213,-121.815412,46,Yes    ,Yes              ,8,Offer B,26,Yes            ,Yes           ,0.0,0,0.0,3751.15,Medium,0,3,3,Resolved
8221-EQDGL,Male  ,0,Yes    ,No        ,35,Yes         ,No              ,DSL            ,No                 ,No                 ,No                 ,Month-to-month,No              ,Mailed check             ,61.0,California,Alleghany             ,39.467828,-120.841386,27,Yes    ,Yes              ,4,None   ,30,No             ,Yes           ,10.7,0,886.2,3005.95,Medium,7,1,8,NotResolved
4701-AHWMW,Male  ,0,Yes    ,No        ,55,No          ,No phone service,DSL            ,Yes                ,Yes                ,Yes                ,Month-to-month,Yes             ,Bank transfer (automatic),54.55,California,Susanville            ,40.559177,-120.612113,30,Yes    ,Yes              ,1,None   ,42,Yes            ,No            ,0.0,50,0.0,3028.3,Low,6,0,6,Resolved
9027-TMATR,Female,0,Yes    ,No        ,43,Yes         ,No              ,DSL            ,Yes                ,Yes                ,Yes                ,Two year      ,Yes             ,Electronic check         ,78.8,California,Warner Springs        ,33.323705,-116.626907,42,Yes    ,Yes              ,1,None   ,27,Yes            ,Yes           ,24.9,0,1656.79,5092.1900000000005,High,0,3,3,Resolved
2320-JRSDE,Female,0,Yes    ,Yes       ,1,Yes         ,No              ,No             ,No internet service,No internet service,No internet service,Month-to-month,Yes             ,Electronic check         ,19.9,California,Richgrove             ,35.809921,-119.127437,33,Yes    ,Yes              ,1,None   ,0,No             ,No            ,0.0,0,7.49,27.39,Medium,7,1,8,Resolved
0616-ATFGB,Male  ,1,Yes    ,No        ,1,No          ,No phone service,DSL            ,No                 ,No                 ,No                 ,Month-to-month,No              ,Electronic check         ,25.05,California,Shasta Lake           ,40.692523,-122.369876,74,Yes    ,Yes              ,1,Offer E,18,No             ,Yes           ,0.0,0,0.0,25.05,Low,9,0,9,Resolved
8006-PYCSW,Female,0,No     ,No        ,2,Yes         ,No              ,No             ,No internet service,No internet service,No internet service,Month-to-month,No              ,Mailed check             ,20.1,California,Los Angeles           ,33.994524,-118.149953,60,No     ,No               ,0,None   ,0,No             ,No            ,0.0,0,71.0,110.8,High,6,0,6,NotResolved
4609-KNNWG,Female,0,Yes    ,Yes       ,27,Yes         ,No              ,No             ,No internet service,No internet service,No internet service,Two year      ,No              ,Mailed check             ,19.9,California,Dunnigan              ,38.931425,-121.946081,36,Yes    ,Yes              ,1,None   ,0,No             ,No            ,0.0,0,64.8,614.9,High,0,5,5,Resolved
6362-QHAFM,Male  ,0,Yes    ,No        ,42,Yes         ,Yes             ,Fiber optic    ,Yes                ,Yes                ,Yes                ,One year      ,Yes             ,Electronic check         ,108.3,California,Sacramento            ,38.590035,-121.412455,53,Yes    ,Yes              ,1,None   ,11,Yes            ,Yes           ,0.0,0,1782.9,6369.049999999999,Medium,6,0,6,Resolved
1597-FZREH,Female,0,No     ,No        ,2,Yes         ,No              ,DSL            ,Yes                ,Yes                ,Yes                ,Month-to-month,No              ,Electronic check         ,76.4,California,Shoshone              ,35.924252,-116.188668,39,No     ,No               ,0,Offer E,25,Yes            ,Yes           ,0.0,0,83.28,244.08,Low,10,1,11,Resolved
0224-NIJLP,Male  ,0,Yes    ,Yes       ,8,Yes         ,No              ,No             ,No internet service,No internet service,No internet service,Two year      ,No              ,Mailed check             ,20.15,California,Turlock               ,37.474396,-120.875917,30,Yes    ,Yes              ,1,Offer E,0,No             ,No            ,0.0,0,22.96,188.46,High,1,4,5,Resolved
2164-SOQXL,Female,0,Yes    ,Yes       ,20,Yes         ,No              ,No             ,No internet service,No internet service,No internet service,Month-to-month,No              ,Mailed check             ,20.05,California,Los Angeles           ,33.988543,-118.334081,31,Yes    ,Yes              ,10,None   ,0,No             ,No            ,0.0,0,295.79999999999995,701.8499999999999,Medium,1,5,6,NotResolved
7089-RKVSZ,Male  ,0,Yes    ,Yes       ,8,Yes         ,Yes             ,No             ,No internet service,No internet service,No internet service,One year      ,No              ,Mailed check             ,24.4,California,Woody                 ,35.710244,-118.881679,43,Yes    ,Yes              ,6,None   ,0,No             ,No            ,0.0,0,185.44,389.39,High,0,4,4,NotResolved
7075-BNDVQ,Female,0,No     ,No        ,4,No          ,No phone service,DSL            ,No                 ,No                 ,No                 ,Month-to-month,No              ,Mailed check             ,35.0,California,Termo                 ,41.027281,-120.669427,46,No     ,No               ,0,None   ,26,No             ,No            ,0.0,50,0.0,185.75,High,7,0,7,NotResolved
8229-MYEJZ,Female,0,No     ,No        ,10,Yes         ,No              ,DSL            ,No                 ,No                 ,No                 ,Month-to-month,No              ,Electronic check         ,51.2,California,Upland                ,34.105493,-117.660934,44,No     ,No               ,0,Offer D,17,No             ,Yes           ,0.0,0,455.6,953.85,High,0,5,5,Resolved
1407-DIGZV,Female,0,Yes    ,Yes       ,3,Yes         ,No              ,No             ,No internet service,No internet service,No internet service,Two year      ,No              ,Mailed check             ,19.1,California,Redding               ,40.677649,-122.29467,32,Yes    ,Yes              ,9,None   ,0,No             ,No            ,0.0,0,135.99,187.99,High,0,4,4,Resolved
7941-RCJOW,Male  ,0,No     ,No        ,65,Yes         ,No              ,No             ,No internet service,No internet service,No internet service,Two year      ,Yes             ,Credit card (automatic)  ,19.55,California,Tehama                ,40.021787,-122.127576,34,No     ,No               ,0,Offer B,0,No             ,No            ,0.0,0,2905.5,4124.15,High,7,1,8,Resolved
0575-CUQOV,Male  ,1,Yes    ,No        ,60,Yes         ,No              ,Fiber optic    ,No                 ,Yes                ,Yes                ,One year      ,Yes             ,Electronic check         ,97.95,California,Hilmar                ,37.394536,-120.890747,76,Yes    ,Yes              ,10,Offer B,21,No             ,Yes           ,0.0,0,1023.0,6890.0,High,0,3,3,Resolved
0674-EYYZV,Female,0,No     ,No        ,1,Yes         ,No              ,DSL            ,No                 ,Yes                ,No                 ,Month-to-month,Yes             ,Electronic check         ,54.65,California,Los Angeles           ,34.108833,-118.229715,41,No     ,No               ,0,None   ,4,No             ,Yes           ,0.0,0,36.33,90.98,Medium,7,1,8,Resolved
4957-TIALW,Female,0,No     ,Yes       ,15,Yes         ,No              ,DSL            ,Yes                ,No                 ,No                 ,One year      ,No              ,Credit card (automatic)  ,65.6,California,Corona                ,33.918043,-117.617809,26,No     ,No               ,0,Offer D,73,Yes            ,Yes           ,0.0,0,301.65,1311.65,Medium,0,3,3,Resolved
8748-HFWBO,Male  ,0,Yes    ,Yes       ,19,Yes         ,No              ,No             ,No internet service,No internet service,No internet service,One year      ,No              ,Mailed check             ,19.9,California,Camino                ,38.748316,-120.675512,49,Yes    ,Yes              ,2,Offer D,0,No             ,No            ,0.0,0,616.93,974.63,High,0,3,3,Resolved
6961-VCPMC,Male  ,1,Yes    ,No        ,46,Yes         ,No              ,Fiber optic    ,No                 ,No                 ,Yes                ,Month-to-month,Yes             ,Electronic check         ,80.4,California,North Palm Springs    ,33.906496,-116.569499,71,Yes    ,Yes              ,1,Offer B,3,No             ,No            ,0.0,20,2236.52,5861.719999999999,Medium,7,0,7,Resolved
7820-ZYGNY,Male  ,0,No     ,No        ,63,Yes         ,Yes             ,Fiber optic    ,No                 ,No                 ,Yes                ,One year      ,No              ,Credit card (automatic)  ,90.45,California,La Puente             ,34.038983,-117.991372,33,No     ,No               ,0,None   ,28,Yes            ,No            ,0.0,100,580.23,6505.73,Medium,0,3,3,Resolved
3841-CONLJ,Female,0,Yes    ,No        ,1,No          ,No phone service,DSL            ,No                 ,No                 ,Yes                ,Month-to-month,No              ,Electronic check         ,35.0,California,Morro Bay             ,35.369553,-120.763864,33,Yes    ,Yes              ,9,None   ,14,Yes            ,Yes           ,0.0,0,0.0,35.0,Medium,0,6,6,Resolved
9441-QHEVC,Male  ,0,No     ,No        ,1,Yes         ,No              ,No             ,No internet service,No internet service,No internet service,Month-to-month,No              ,Mailed check             ,19.1,California,San Diego             ,32.677716,-117.047666,61,No     ,No               ,0,None   ,0,No             ,No            ,0.0,0,44.22,63.32,High,1,4,5,Resolved
6010-DDPPW,Male  ,0,Yes    ,No        ,70,Yes         ,Yes             ,No             ,No internet service,No internet service,No internet service,Two year      ,No              ,Bank transfer (automatic),25.15,California,Newport Coast         ,33.603282,-117.821841,61,Yes    ,Yes              ,7,Offer A,0,No             ,No            ,0.0,0,632.0999999999999,2572.95,High,0,4,4,Resolved
2476-YGEFM,Female,0,No     ,No        ,29,Yes         ,Yes             ,Fiber optic    ,No                 ,No                 ,No                 ,Month-to-month,Yes             ,Credit card (automatic)  ,76.0,California,Clovis                ,36.917652,-119.593757,24,No     ,No               ,0,None   ,42,No             ,Yes           ,0.0,0,203.29,2418.54,Medium,1,5,6,NotResolved
6061-PQHMK,Female,0,No     ,No        ,25,Yes         ,No              ,No             ,No internet service,No internet service,No internet service,One year      ,No              ,Credit card (automatic)  ,19.9,California,Los Angeles           ,34.048013,-118.293953,50,No     ,No               ,0,None   ,0,No             ,No            ,0.0,0,34.0,561.5,High,0,6,6,Resolved
4513-CXYIX,Female,1,Yes    ,No        ,71,Yes         ,Yes             ,Fiber optic    ,No                 ,No                 ,No                 ,Two year      ,Yes             ,Credit card (automatic)  ,80.7,California,Lake Elsinore         ,33.705836,-117.318204,73,Yes    ,Yes              ,4,Offer A,17,No             ,Yes           ,0.0,0,3123.29,8799.29,Medium,0,6,6,Resolved
6036-TTFYU,Female,0,Yes    ,No        ,16,Yes         ,No              ,No             ,No internet service,No internet service,No internet service,Month-to-month,No              ,Mailed check             ,19.6,California,Thousand Oaks         ,34.191842,-118.822796,48,Yes    ,Yes              ,1,None   ,0,No             ,No            ,26.83,0,749.76,1037.38,Medium,7,1,8,Resolved
5186-PEIZU,Female,0,No     ,No        ,35,Yes         ,No              ,No             ,No internet service,No internet service,No internet service,Month-to-month,No              ,Bank transfer (automatic),19.25,California,San Francisco         ,37.731505,-122.384532,31,No     ,No               ,0,None   ,0,No             ,No            ,0.0,0,1323.35,1941.0,High,6,1,7,NotResolved
9800-ONTFE,Female,0,Yes    ,Yes       ,22,Yes         ,Yes             ,Fiber optic    ,No                 ,No                 ,No                 ,Month-to-month,Yes             ,Bank transfer (automatic),75.8,California,Brooks                ,38.809804,-122.241383,59,Yes    ,Yes              ,3,Offer D,58,No             ,Yes           ,0.0,0,102.74,1717.84,High,0,4,4,Resolved
7321-PKUYW,Female,0,No     ,No        ,11,Yes         ,Yes             ,Fiber optic    ,Yes                ,Yes                ,No                 ,Month-to-month,No              ,Electronic check         ,90.15,California,Branscomb             ,39.710591,-123.682799,46,No     ,No               ,0,Offer D,3,No             ,Yes           ,0.0,0,245.96,1233.91,Low,6,0,6,Resolved
0336-PIKEI,Male  ,1,Yes    ,No        ,72,Yes         ,No              ,DSL            ,Yes                ,Yes                ,No                 ,Two year      ,No              ,Bank transfer (automatic),74.4,California,Orange                ,33.792791,-117.789749,69,Yes    ,Yes              ,7,Offer A,9,No             ,No            ,0.0,140,379.44,5880.19,High,1,6,7,Resolved
8780-IXSTS,Female,0,No     ,No        ,6,Yes         ,Yes             ,Fiber optic    ,No                 ,Yes                ,No                 ,Month-to-month,Yes             ,Electronic check         ,90.1,California,Carlsbad              ,33.148116,-117.306043,53,No     ,No               ,0,None   ,3,No             ,Yes           ,0.0,0,6.9,528.1999999999999,Low,7,1,8,Resolved
3018-TFTSU,Male  ,0,No     ,No        ,12,Yes         ,No              ,Fiber optic    ,No                 ,No                 ,No                 ,Month-to-month,No              ,Bank transfer (automatic),81.7,California,Hathaway Pines        ,38.184914,-120.364085,44,No     ,No               ,0,Offer D,3,No             ,Yes           ,0.0,0,220.56,1079.16,Low,7,1,8,Resolved
2832-SCUCO,Female,0,No     ,No        ,2,Yes         ,No              ,No             ,No internet service,No internet service,No internet service,Month-to-month,No              ,Electronic check         ,19.9,California,Kirkwood              ,38.631489,-120.015167,52,No     ,No               ,0,Offer E,0,No             ,No            ,0.0,0,53.8,111.2,High,0,5,5,Resolved
8091-TTVAX,Male  ,0,Yes    ,No        ,58,Yes         ,Yes             ,Fiber optic    ,No                 ,Yes                ,Yes                ,One year      ,No              ,Credit card (automatic)  ,100.35,California,Los Angeles           ,34.043144,-118.251977,39,Yes    ,Yes              ,7,Offer B,10,Yes            ,Yes           ,0.0,0,330.02000000000004,6011.120000000001,Medium,7,1,8,Resolved
6356-ELRKD,Female,0,No     ,No        ,1,Yes         ,No              ,Fiber optic    ,No                 ,Yes                ,Yes                ,Month-to-month,Yes             ,Electronic check         ,95.6,California,Rancho Mirage         ,33.763678,-116.429928,29,No     ,No               ,0,None   ,27,Yes            ,Yes           ,0.0,0,6.67,102.27,Low,7,0,7,Resolved
9961-JBNMK,Male  ,1,No     ,No        ,21,Yes         ,No              ,Fiber optic    ,No                 ,Yes                ,Yes                ,Month-to-month,Yes             ,Bank transfer (automatic),96.8,California,Desert Center         ,33.889605,-115.257009,79,No     ,No               ,0,None   ,7,No             ,Yes           ,10.2,0,887.6700000000001,2907.77,Low,8,0,8,Resolved
4404-HIBDJ,Female,0,No     ,No        ,25,Yes         ,No              ,DSL            ,Yes                ,Yes                ,No                 ,One year      ,No              ,Mailed check             ,74.3,California,San Jose              ,37.387027,-121.897775,48,No     ,No               ,0,None   ,21,No             ,Yes           ,0.0,0,34.25,1898.05,Low,8,1,9,Resolved
4573-JKNAE,Male  ,0,No     ,Yes       ,12,Yes         ,No              ,No             ,No internet service,No internet service,No internet service,Two year      ,No              ,Bank transfer (automatic),19.35,California,Los Angeles           ,34.078821,-118.177576,44,No     ,No               ,0,Offer D,0,No             ,No            ,0.0,0,206.76,419.06,High,7,1,8,Resolved
3063-QFSZL,Female,0,No     ,No        ,1,Yes         ,No              ,DSL            ,No                 ,No                 ,Yes                ,Month-to-month,Yes             ,Electronic check         ,55.4,California,San Jose              ,37.28682,-121.723877,37,No     ,No               ,0,Offer E,4,Yes            ,Yes           ,0.0,0,13.01,68.41,Low,7,1,8,Resolved
7129-CAKJW,Female,0,No     ,No        ,17,Yes         ,Yes             ,Fiber optic    ,No                 ,No                 ,No                 ,Month-to-month,No              ,Bank transfer (automatic),80.05,California,Fresno                ,36.732694,-119.783786,62,No     ,No               ,0,Offer D,29,No             ,Yes           ,0.0,0,764.32,2109.9700000000003,High,1,3,4,Resolved
6214-EDAKZ,Female,0,Yes    ,Yes       ,22,Yes         ,No              ,DSL            ,Yes                ,No                 ,No                 ,Month-to-month,No              ,Electronic check         ,55.15,California,Elverta               ,38.734997,-121.463719,32,Yes    ,Yes              ,1,None   ,19,No             ,No            ,0.0,30,115.72,1351.77,Low,7,1,8,Resolved
8958-JPTRR,Female,0,Yes    ,No        ,56,Yes         ,Yes             ,No             ,No internet service,No internet service,No internet service,One year      ,No              ,Electronic check         ,24.3,California,Calabasas             ,34.130861,-118.68346,23,Yes    ,Yes              ,7,None   ,0,No             ,No            ,0.0,0,1187.76,2449.46,High,0,4,4,Resolved
0685-MLYYM,Female,1,No     ,No        ,2,Yes         ,No              ,Fiber optic    ,No                 ,No                 ,No                 ,Month-to-month,No              ,Electronic check         ,70.75,California,Buena Park            ,33.845706,-118.012204,74,No     ,No               ,0,Offer E,21,No             ,Yes           ,0.0,0,19.72,174.57,Low,9,0,9,Resolved
5134-IKDAY,Female,0,Yes    ,Yes       ,1,Yes         ,No              ,Fiber optic    ,No                 ,No                 ,No                 ,Month-to-month,Yes             ,Electronic check         ,69.8,California,Twain                 ,40.022184,-121.062384,34,Yes    ,Yes              ,1,None   ,13,No             ,Yes           ,0.0,0,11.08,80.88,Medium,9,0,9,Resolved
4074-SJFFA,Female,0,No     ,No        ,1,Yes         ,No              ,DSL            ,No                 ,No                 ,Yes                ,Month-to-month,Yes             ,Mailed check             ,54.75,California,San Francisco         ,37.760412,-122.484966,44,No     ,No               ,0,None   ,12,Yes            ,Yes           ,0.0,0,13.01,67.76,Medium,8,1,9,Resolved
6103-LIANB,Male  ,0,Yes    ,Yes       ,59,Yes         ,Yes             ,Fiber optic    ,No                 ,Yes                ,Yes                ,Two year      ,Yes             ,Credit card (automatic)  ,99.5,California,Westminster           ,33.752591,-117.993661,49,Yes    ,Yes              ,3,None   ,16,Yes            ,Yes           ,0.0,0,2424.3100000000004,8286.060000000001,High,1,4,5,Resolved
6692-YQHXC,Male  ,0,No     ,No        ,16,Yes         ,No              ,Fiber optic    ,No                 ,No                 ,No                 ,Month-to-month,Yes             ,Credit card (automatic)  ,69.95,California,Sacramento            ,38.687367,-121.34848,43,No     ,No               ,0,None   ,27,No             ,Yes           ,0.0,0,438.88,1644.38,High,1,6,7,Resolved
4817-VYYWS,Female,0,No     ,No        ,30,Yes         ,Yes             ,Fiber optic    ,No                 ,Yes                ,Yes                ,Month-to-month,Yes             ,Electronic check         ,100.2,California,Silverado             ,33.782346,-117.635263,21,No     ,No               ,0,Offer C,82,Yes            ,Yes           ,0.0,0,351.90000000000003,3335.7000000000003,Low,9,1,10,Resolved
4905-JEFDW,Male  ,0,No     ,No        ,11,No          ,No phone service,DSL            ,No                 ,Yes                ,No                 ,One year      ,Yes             ,Electronic check         ,41.6,California,Palo Alto             ,37.416159,-122.131337,39,No     ,No               ,0,None   ,5,No             ,Yes           ,0.0,0,0.0,470.6,Low,8,1,9,Resolved
8580-AECUZ,Male  ,1,No     ,No        ,1,Yes         ,No              ,Fiber optic    ,No                 ,Yes                ,No                 ,Month-to-month,Yes             ,Electronic check         ,79.1,California,Truckee               ,39.342498,-120.247127,65,No     ,No               ,0,None   ,16,No             ,Yes           ,0.0,0,42.3,121.4,Medium,8,0,8,Resolved
8397-MVTAZ,Male  ,0,Yes    ,No        ,34,Yes         ,Yes             ,Fiber optic    ,No                 ,Yes                ,Yes                ,Month-to-month,Yes             ,Electronic check         ,100.05,California,Sun City              ,33.69887,-117.25071,22,Yes    ,Yes              ,2,Offer C,52,Yes            ,No            ,0.0,20,785.06,4285.06,Medium,7,1,8,NotResolved
0927-CNGRH,Male  ,0,No     ,Yes       ,1,Yes         ,No              ,No             ,No internet service,No internet service,No internet service,Month-to-month,No              ,Mailed check             ,19.55,California,Alta                  ,39.218096,-120.79153,42,No     ,No               ,0,None   ,0,No             ,No            ,0.0,0,30.63,50.18,High,0,3,3,Resolved
8563-IIOXK,Male  ,0,Yes    ,Yes       ,7,Yes         ,No              ,DSL            ,No                 ,No                 ,No                 ,One year      ,Yes             ,Electronic check         ,49.75,California,Duarte                ,34.145695,-117.95982,24,Yes    ,Yes              ,4,Offer E,85,Yes            ,Yes           ,0.0,0,252.98,584.28,Low,7,0,7,Resolved
6176-YJWAS,Male  ,0,Yes    ,No        ,72,Yes         ,Yes             ,Fiber optic    ,No                 ,Yes                ,No                 ,Two year      ,Yes             ,Credit card (automatic)  ,97.95,California,Potter Valley         ,39.408634,-123.045516,43,Yes    ,Yes              ,1,Offer A,3,No             ,Yes           ,0.0,0,2757.6,9871.85,High,1,3,4,Resolved
8332-OSJDW,Male  ,0,Yes    ,Yes       ,12,Yes         ,Yes             ,No             ,No internet service,No internet service,No internet service,One year      ,No              ,Mailed check             ,26.4,California,Los Angeles           ,34.088017,-118.327168,54,Yes    ,Yes              ,5,None   ,0,No             ,No            ,0.0,0,541.8,856.75,High,6,0,6,Resolved
8943-URTMR,Female,0,No     ,No        ,2,Yes         ,No              ,Fiber optic    ,No                 ,Yes                ,No                 ,Month-to-month,Yes             ,Mailed check             ,79.65,California,Lawndale              ,33.88856,-118.351813,56,No     ,No               ,0,Offer E,21,No             ,Yes           ,0.0,0,58.08,210.78,Low,10,0,10,Resolved
4439-YRNVD,Female,0,No     ,No        ,10,No          ,No phone service,DSL            ,Yes                ,No                 ,No                 ,Month-to-month,No              ,Electronic check         ,36.25,California,Selma                 ,36.545322,-119.642281,33,No     ,No               ,0,None   ,23,No             ,Yes           ,0.0,0,0.0,374.0,Medium,0,3,3,Resolved
2141-RRYGO,Female,0,No     ,No        ,4,Yes         ,No              ,DSL            ,No                 ,Yes                ,Yes                ,Month-to-month,Yes             ,Bank transfer (automatic),68.65,California,Camino                ,38.748316,-120.675512,51,No     ,No               ,0,Offer E,23,Yes            ,Yes           ,0.0,0,42.56,303.81,Medium,7,0,7,Resolved
0378-NHQXU,Female,0,Yes    ,Yes       ,17,Yes         ,Yes             ,Fiber optic    ,No                 ,Yes                ,No                 ,Month-to-month,No              ,Electronic check         ,88.25,California,South San Francisco   ,37.654436,-122.426468,31,Yes    ,Yes              ,7,None   ,9,No             ,Yes           ,0.0,0,304.47,1765.12,Low,6,0,6,Resolved
0716-BQNDX,Male  ,1,No     ,No        ,57,Yes         ,Yes             ,Fiber optic    ,Yes                ,No                 ,Yes                ,Two year      ,No              ,Electronic check         ,93.75,California,Madera                ,36.902954,-120.194274,77,No     ,No               ,0,None   ,11,Yes            ,Yes           ,0.0,0,125.97,5751.52,Medium,7,1,8,NotResolved
1248-DYXUB,Male  ,0,Yes    ,Yes       ,52,Yes         ,Yes             ,No             ,No internet service,No internet service,No internet service,Two year      ,No              ,Mailed check             ,24.8,California,Lemon Grove           ,32.733564,-117.033713,42,Yes    ,Yes              ,1,Offer B,0,No             ,No            ,0.0,0,2097.16,3326.26,High,7,0,7,Resolved
8200-LGKSR,Male  ,0,Yes    ,No        ,71,Yes         ,Yes             ,DSL            ,Yes                ,Yes                ,Yes                ,Two year      ,No              ,Electronic check         ,83.2,California,Azusa                 ,34.174493,-117.87068,47,Yes    ,Yes              ,6,None   ,12,Yes            ,Yes           ,0.0,0,2491.3900000000003,8617.490000000002,Medium,7,0,7,Resolved
7993-NQLJE,Male  ,0,Yes    ,Yes       ,15,Yes         ,No              ,Fiber optic    ,No                 ,No                 ,No                 ,Month-to-month,No              ,Mailed check             ,75.1,California,Glenn                 ,39.597975,-122.032248,39,Yes    ,Yes              ,7,None   ,17,No             ,Yes           ,0.0,0,490.94999999999993,1642.5,High,6,0,6,Resolved
3295-YVUSR,Male  ,1,No     ,No        ,2,Yes         ,Yes             ,Fiber optic    ,No                 ,No                 ,No                 ,Month-to-month,Yes             ,Mailed check             ,72.6,California,Glendale              ,34.167926,-118.267539,73,No     ,No               ,0,None   ,30,No             ,Yes           ,0.0,0,30.38,184.68,Medium,0,5,5,Resolved
6485-QXWWE,Female,0,No     ,Yes       ,62,Yes         ,Yes             ,No             ,No internet service,No internet service,No internet service,Two year      ,No              ,Bank transfer (automatic),26.0,California,Old Station           ,40.656287,-121.428965,51,No     ,No               ,0,Offer B,0,No             ,No            ,0.0,0,175.46,1814.16,Medium,1,5,6,Resolved
9863-JZAIC,Male  ,0,No     ,No        ,35,Yes         ,No              ,DSL            ,No                 ,Yes                ,No                 ,Month-to-month,No              ,Mailed check             ,55.0,California,Long Beach            ,33.830099,-118.182239,60,No     ,No               ,0,None   ,14,No             ,Yes           ,0.0,0,1712.55,3723.1,Low,10,0,10,Resolved
9840-DVNDC,Male  ,0,No     ,No        ,6,Yes         ,No              ,Fiber optic    ,No                 ,Yes                ,No                 ,Month-to-month,Yes             ,Credit card (automatic)  ,80.5,California,Lancaster             ,34.741406,-118.38111,45,No     ,No               ,0,None   ,26,No             ,No            ,0.0,10,38.400000000000006,511.4500000000001,Low,9,1,10,NotResolved
9576-ANLXO,Female,0,No     ,No        ,3,Yes         ,No              ,Fiber optic    ,No                 ,No                 ,No                 ,Month-to-month,Yes             ,Bank transfer (automatic),69.55,California,Earlimart             ,35.858054,-119.305858,30,No     ,No               ,0,None   ,30,No             ,Yes           ,0.0,0,78.78,301.08000000000004,Low,8,1,9,Resolved
4612-THJBS,Female,1,No     ,No        ,56,Yes         ,Yes             ,Fiber optic    ,No                 ,Yes                ,Yes                ,One year      ,Yes             ,Bank transfer (automatic),104.75,California,Terra Bella           ,35.939068,-119.043666,68,No     ,No               ,0,None   ,4,No             ,Yes           ,0.0,0,1936.48,7447.129999999999,Medium,9,1,10,Resolved
4808-YNLEU,Female,0,Yes    ,No        ,35,Yes         ,No              ,DSL            ,No                 ,Yes                ,No                 ,One year      ,Yes             ,Bank transfer (automatic),62.15,California,Maywood               ,33.988572,-118.186565,51,Yes    ,Yes              ,1,Offer C,30,No             ,Yes           ,0.0,0,858.5500000000001,3074.0,High,1,4,5,Resolved
9061-TIHDA,Male  ,1,Yes    ,No        ,13,Yes         ,Yes             ,Fiber optic    ,No                 ,Yes                ,Yes                ,Month-to-month,Yes             ,Electronic check         ,95.25,California,Murrieta              ,33.581045,-117.14719,67,Yes    ,Yes              ,1,None   ,6,Yes            ,Yes           ,48.09,0,412.1,1597.66,Low,9,0,9,Resolved
6993-OHLXR,Female,0,No     ,No        ,2,Yes         ,No              ,Fiber optic    ,No                 ,No                 ,No                 ,Month-to-month,No              ,Electronic check         ,68.95,California,Walnut Creek          ,37.900662,-122.052782,26,No     ,No               ,0,None   ,39,Yes            ,Yes           ,0.0,0,61.46,181.21,Low,8,0,8,NotResolved
9242-TKFSV,Male  ,0,Yes    ,Yes       ,72,No          ,No phone service,DSL            ,Yes                ,Yes                ,Yes                ,Two year      ,Yes             ,Credit card (automatic)  ,65.1,California,Browns Valley         ,39.292334,-121.320597,53,Yes    ,Yes              ,7,Offer A,15,Yes            ,Yes           ,0.0,0,0.0,4754.3,High,0,4,4,NotResolved
4510-PYUSH,Female,1,No     ,No        ,38,Yes         ,No              ,DSL            ,No                 ,No                 ,No                 ,Month-to-month,Yes             ,Credit card (automatic)  ,57.15,California,Sylmar                ,34.321621,-118.399841,67,No     ,No               ,0,None   ,27,No             ,Yes           ,0.0,0,991.8,3242.4500000000003,Low,7,0,7,NotResolved
4001-TSBTV,Female,0,Yes    ,Yes       ,58,Yes         ,No              ,Fiber optic    ,No                 ,Yes                ,No                 ,Month-to-month,Yes             ,Electronic check         ,91.55,California,Sacramento            ,38.549185,-121.328386,49,Yes    ,Yes              ,5,Offer B,17,No             ,Yes           ,0.0,0,2362.92,7874.57,Medium,1,5,6,Resolved
3078-ZKNTS,Female,0,Yes    ,Yes       ,13,Yes         ,No              ,No             ,No internet service,No internet service,No internet service,Two year      ,Yes             ,Bank transfer (automatic),19.75,California,Rancho Santa Fe       ,32.99356,-117.207121,45,Yes    ,Yes              ,7,None   ,0,No             ,No            ,0.0,0,72.54,319.24,Medium,0,3,3,Resolved
1950-KSVVJ,Female,0,Yes    ,No        ,45,Yes         ,Yes             ,Fiber optic    ,Yes                ,Yes                ,Yes                ,One year      ,No              ,Mailed check             ,113.3,California,Monterey Park         ,34.050322,-118.147037,57,Yes    ,Yes              ,1,Offer B,4,Yes            ,Yes           ,0.0,0,1509.3,6541.55,Medium,6,0,6,Resolved
5879-HMFFH,Female,0,Yes    ,No        ,72,Yes         ,Yes             ,DSL            ,Yes                ,Yes                ,Yes                ,Two year      ,No              ,Bank transfer (automatic),88.05,California,Cassel                ,40.936285,-121.572692,49,Yes    ,Yes              ,1,None   ,24,Yes            ,Yes           ,29.11,0,2756.16,9247.85,High,0,5,5,Resolved
2669-OIDSD,Female,0,Yes    ,No        ,48,Yes         ,No              ,Fiber optic    ,Yes                ,Yes                ,Yes                ,Month-to-month,Yes             ,Credit card (automatic)  ,100.05,California,Long Beach            ,33.819814,-118.222416,58,Yes    ,Yes              ,3,Offer B,2,Yes            ,Yes           ,37.45,0,48.96,4845.51,High,0,4,4,Resolved
5294-CDGWY,Male  ,0,Yes    ,Yes       ,51,No          ,No phone service,DSL            ,No                 ,Yes                ,Yes                ,One year      ,No              ,Electronic check         ,59.3,California,Long Beach            ,33.752524,-118.210737,51,Yes    ,Yes              ,1,None   ,2,Yes            ,Yes           ,0.0,0,0.0,3014.65,Low,9,1,10,Resolved
1465-VINDH,Female,0,Yes    ,Yes       ,10,Yes         ,Yes             ,Fiber optic    ,No                 ,Yes                ,Yes                ,Month-to-month,Yes             ,Credit card (automatic)  ,102.1,California,Los Angeles           ,34.099869,-118.326843,31,Yes    ,Yes              ,1,None   ,22,Yes            ,Yes           ,0.0,0,320.7,1389.55,Medium,7,0,7,Resolved
9919-YLNNG,Female,0,No     ,No        ,42,Yes         ,No              ,Fiber optic    ,Yes                ,Yes                ,Yes                ,Month-to-month,Yes             ,Bank transfer (automatic),103.8,California,Malibu                ,34.037037,-118.705803,38,No     ,No               ,0,Offer B,28,Yes            ,No            ,0.0,110,1686.3,6123.8,High,1,4,5,Resolved
3640-PHQXK,Female,0,No     ,No        ,31,Yes         ,Yes             ,Fiber optic    ,No                 ,No                 ,Yes                ,Month-to-month,Yes             ,Electronic check         ,89.9,California,Union City            ,37.59485,-122.051521,54,No     ,No               ,0,None   ,11,Yes            ,Yes           ,41.18,0,196.23,2961.9500000000003,Low,8,1,9,Resolved
1334-PDUKM,Female,0,Yes    ,No        ,68,Yes         ,Yes             ,Fiber optic    ,No                 ,No                 ,No                 ,One year      ,No              ,Credit card (automatic)  ,86.45,California,Palomar Mountain      ,33.309852,-116.823091,48,Yes    ,Yes              ,5,Offer A,15,No             ,No            ,0.0,150,663.68,6576.63,High,1,4,5,Resolved
5685-IIXLY,Female,0,Yes    ,Yes       ,5,Yes         ,No              ,Fiber optic    ,No                 ,No                 ,Yes                ,Month-to-month,Yes             ,Electronic check         ,83.6,California,Novato                ,38.135897,-122.563683,54,Yes    ,Yes              ,1,None   ,23,Yes            ,Yes           ,24.44,0,35.0,414.76,Medium,9,0,9,Resolved
9169-BSVIN,Male  ,0,No     ,No        ,12,Yes         ,Yes             ,DSL            ,No                 ,Yes                ,Yes                ,Month-to-month,No              ,Bank transfer (automatic),74.75,California,Winchester            ,33.657433,-117.04254,21,No     ,No               ,0,None   ,53,Yes            ,Yes           ,0.0,0,222.24,1049.29,High,0,5,5,Resolved
0248-IPDFW,Female,0,No     ,No        ,1,Yes         ,Yes             ,DSL            ,No                 ,No                 ,No                 ,Month-to-month,Yes             ,Electronic check         ,50.1,California,Lake Elsinore         ,33.655421,-117.391751,19,No     ,No               ,0,None   ,51,No             ,Yes           ,0.0,0,29.13,79.23,High,0,6,6,Resolved
9881-VCZEP,Female,0,Yes    ,No        ,25,Yes         ,Yes             ,DSL            ,No                 ,No                 ,No                 ,Month-to-month,No              ,Electronic check         ,54.1,California,San Jose              ,37.327069,-121.916819,29,Yes    ,Yes              ,8,None   ,59,No             ,No            ,0.0,110,303.0,1786.0,Medium,6,0,6,Resolved
5028-HTLJB,Male  ,1,No     ,No        ,1,Yes         ,No              ,No             ,No internet service,No internet service,No internet service,Month-to-month,No              ,Mailed check             ,20.05,California,New Cuyama            ,34.956577,-119.750142,69,No     ,No               ,0,Offer E,0,No             ,No            ,0.0,0,19.87,39.92,Low,9,0,9,Resolved
4079-WWQQQ,Male  ,0,No     ,No        ,72,No          ,No phone service,DSL            ,Yes                ,Yes                ,Yes                ,Two year      ,Yes             ,Bank transfer (automatic),65.55,California,San Francisco         ,37.74441,-122.486764,45,No     ,No               ,0,None   ,10,Yes            ,Yes           ,0.0,0,0.0,4807.45,High,0,3,3,Resolved
6972-SNKKW,Female,0,No     ,No        ,6,Yes         ,No              ,No             ,No internet service,No internet service,No internet service,Month-to-month,No              ,Mailed check             ,20.0,California,Chester               ,40.243494,-121.154733,60,No     ,No               ,0,None   ,0,No             ,No            ,0.0,0,284.76,393.96,Medium,1,6,7,NotResolved
3413-BMNZE,Male  ,1,No     ,No        ,1,Yes         ,No              ,DSL            ,No                 ,No                 ,No                 ,Month-to-month,No              ,Bank transfer (automatic),45.25,California,Los Angeles           ,34.002642,-118.287596,71,No     ,No               ,0,Offer E,12,No             ,Yes           ,0.0,0,11.89,57.14,Medium,0,5,5,Resolved
0406-BPDVR,Female,1,Yes    ,No        ,54,Yes         ,Yes             ,Fiber optic    ,No                 ,Yes                ,Yes                ,One year      ,Yes             ,Credit card (automatic)  ,101.5,California,Visalia               ,36.303793,-119.375646,75,Yes    ,No               ,0,Offer B,8,Yes            ,Yes           ,0.0,0,1808.46,7181.56,Low,6,0,6,Resolved
6424-ELEYH,Female,0,Yes    ,No        ,3,Yes         ,Yes             ,Fiber optic    ,No                 ,No                 ,No                 ,Month-to-month,Yes             ,Credit card (automatic)  ,74.75,California,Lebec                 ,34.845861,-118.885163,39,Yes    ,Yes              ,1,Offer E,13,No             ,Yes           ,0.0,0,105.54,335.04,Low,6,1,7,Resolved
1539-LNKHM,Female,0,No     ,No        ,12,Yes         ,No              ,No             ,No internet service,No internet service,No internet service,Month-to-month,No              ,Mailed check             ,20.4,California,Orange Cove           ,36.633498,-119.298895,53,No     ,No               ,0,Offer D,0,No             ,No            ,0.0,0,278.4,545.0,High,6,0,6,NotResolved
1022-RKXDR,Female,0,No     ,No        ,41,Yes         ,Yes             ,No             ,No internet service,No internet service,No internet service,One year      ,Yes             ,Mailed check             ,24.85,California,South El Monte        ,34.04622,-118.053753,38,No     ,No               ,0,None   ,0,No             ,No            ,0.0,0,1339.06,2301.31,Medium,1,5,6,Resolved
5743-KHMNA,Male  ,0,No     ,No        ,71,Yes         ,Yes             ,No             ,No internet service,No internet service,No internet service,Two year      ,No              ,Bank transfer (automatic),25.55,California,Berkeley              ,37.858898,-122.240512,43,No     ,No               ,0,None   ,0,No             ,No            ,0.0,0,2774.68,4672.78,High,0,3,3,Resolved
5993-JSUWV,Female,0,No     ,No        ,66,Yes         ,No              ,DSL            ,No                 ,No                 ,No                 ,Two year      ,Yes             ,Bank transfer (automatic),61.15,California,Columbia              ,38.085839,-120.37855,25,No     ,No               ,0,None   ,30,No             ,Yes           ,0.0,0,1410.42,5427.87,Medium,6,0,6,Resolved
4695-WJZUE,Female,1,No     ,No        ,2,Yes         ,Yes             ,Fiber optic    ,No                 ,No                 ,Yes                ,Month-to-month,Yes             ,Electronic check         ,88.55,California,Irvine                ,33.703976,-117.824172,68,No     ,No               ,0,None   ,28,Yes            ,Yes           ,0.0,0,43.14,222.39,Low,8,1,9,Resolved
1025-FALIX,Female,0,No     ,No        ,26,Yes         ,No              ,Fiber optic    ,No                 ,No                 ,No                 ,Month-to-month,Yes             ,Credit card (automatic)  ,69.05,California,Nicolaus              ,38.788898,-121.608624,49,No     ,No               ,0,None   ,30,No             ,Yes           ,0.0,0,975.26,2790.91,Medium,1,3,4,NotResolved
4718-DHSMV,Female,0,No     ,No        ,11,No          ,No phone service,DSL            ,No                 ,Yes                ,No                 ,Month-to-month,Yes             ,Mailed check             ,35.8,California,Llano                 ,34.500091,-117.765862,22,No     ,No               ,0,Offer D,52,No             ,Yes           ,0.0,0,0.0,363.15,High,0,5,5,Resolved
0409-WTMPL,Female,0,Yes    ,No        ,58,Yes         ,Yes             ,Fiber optic    ,No                 ,Yes                ,Yes                ,One year      ,Yes             ,Credit card (automatic)  ,110.65,California,Whittier              ,33.972119,-118.020188,35,Yes    ,Yes              ,8,Offer B,18,Yes            ,Yes           ,0.0,0,2201.1000000000004,8727.75,Medium,0,6,6,Resolved
4735-ASGMA,Male  ,0,No     ,No        ,26,Yes         ,Yes             ,Fiber optic    ,No                 ,Yes                ,Yes                ,Month-to-month,Yes             ,Electronic check         ,98.35,California,Carnelian Bay         ,39.227434,-120.091806,55,No     ,No               ,0,None   ,27,Yes            ,Yes           ,0.0,0,1044.42,3559.7200000000003,Low,9,0,9,Resolved
4324-AHJKS,Female,0,No     ,No        ,5,Yes         ,No              ,DSL            ,No                 ,No                 ,No                 ,Month-to-month,No              ,Credit card (automatic)  ,55.8,California,Buttonwillow          ,35.451402,-119.488413,42,No     ,No               ,0,None   ,26,No             ,Yes           ,0.0,0,124.15,424.55,High,1,3,4,Resolved
7639-SUPCW,Female,0,No     ,No        ,22,Yes         ,No              ,DSL            ,No                 ,No                 ,No                 ,Month-to-month,Yes             ,Credit card (automatic)  ,48.8,California,Glen Ellen            ,38.368744,-122.522642,32,No     ,No               ,0,None   ,30,No             ,No            ,0.0,20,86.9,1161.5,Low,10,0,10,Resolved
9254-RBFON,Female,0,Yes    ,Yes       ,17,Yes         ,No              ,Fiber optic    ,Yes                ,Yes                ,Yes                ,One year      ,No              ,Bank transfer (automatic),98.6,California,Klamath River         ,41.816595,-122.948287,38,Yes    ,Yes              ,1,Offer D,8,Yes            ,Yes           ,0.0,0,91.8,1796.75,Low,9,1,10,NotResolved
1685-BQULA,Female,0,No     ,No        ,40,Yes         ,Yes             ,Fiber optic    ,No                 ,Yes                ,No                 ,Month-to-month,Yes             ,Bank transfer (automatic),93.4,California,La Quinta             ,33.695532,-116.310571,54,No     ,No               ,0,Offer B,22,No             ,Yes           ,4.18,0,113.2,3865.42,Medium,1,6,7,Resolved
5293-WXJAK,Female,1,Yes    ,No        ,11,Yes         ,Yes             ,Fiber optic    ,Yes                ,Yes                ,Yes                ,Month-to-month,Yes             ,Bank transfer (automatic),104.05,California,San Jose              ,37.28682,-121.723877,73,Yes    ,Yes              ,5,None   ,27,No             ,Yes           ,0.0,0,189.75,1323.4,Medium,8,0,8,NotResolved
7854-EDSSA,Male  ,0,No     ,No        ,22,Yes         ,Yes             ,DSL            ,No                 ,No                 ,No                 ,Month-to-month,No              ,Electronic check         ,59.0,California,Santa Rosa            ,38.526941,-122.709096,46,No     ,No               ,0,Offer D,17,No             ,Yes           ,0.0,0,1087.46,2342.16,Medium,7,1,8,Resolved
0133-BMFZO,Female,0,No     ,No        ,2,Yes         ,No              ,Fiber optic    ,Yes                ,No                 ,No                 ,Month-to-month,Yes             ,Electronic check         ,86.25,California,Alhambra              ,34.074736,-118.145959,40,No     ,No               ,0,None   ,16,No             ,Yes           ,0.0,0,73.62,255.27,Low,9,0,9,Resolved
8042-JVNFH,Male  ,0,No     ,No        ,1,Yes         ,No              ,Fiber optic    ,No                 ,No                 ,No                 ,Month-to-month,Yes             ,Mailed check             ,71.35,California,Olancha               ,36.296851,-117.865469,23,No     ,No               ,0,None   ,51,Yes            ,Yes           ,0.0,0,35.28,106.63,Medium,9,1,10,Resolved
3714-JTVOV,Female,1,Yes    ,No        ,42,Yes         ,No              ,Fiber optic    ,No                 ,No                 ,No                 ,Month-to-month,Yes             ,Credit card (automatic)  ,74.15,California,Crows Landing         ,37.435664,-121.049056,76,Yes    ,Yes              ,1,Offer B,21,No             ,Yes           ,0.0,0,121.8,3351.2000000000003,Low,9,0,9,Resolved
6586-MYGKD,Male  ,0,Yes    ,No        ,70,Yes         ,Yes             ,DSL            ,Yes                ,Yes                ,Yes                ,Two year      ,Yes             ,Credit card (automatic)  ,76.95,California,Newport Beach         ,33.606336,-117.893042,46,Yes    ,Yes              ,1,Offer A,18,Yes            ,Yes           ,0.0,0,1278.2,6568.0,Medium,1,5,6,Resolved
3755-JBMNH,Male  ,1,Yes    ,No        ,16,Yes         ,No              ,Fiber optic    ,No                 ,No                 ,No                 ,Month-to-month,Yes             ,Bank transfer (automatic),71.8,California,Huntington Beach      ,33.679659,-118.016195,78,Yes    ,Yes              ,1,None   ,5,No             ,Yes           ,0.0,0,734.4,1902.2,Low,8,1,9,Resolved
5669-SRAIP,Female,0,No     ,No        ,5,No          ,No phone service,DSL            ,No                 ,No                 ,Yes                ,Month-to-month,No              ,Electronic check         ,39.5,California,Larkspur              ,37.937082,-122.532369,55,No     ,No               ,0,Offer E,2,Yes            ,Yes           ,39.27,0,0.0,171.48,Low,9,1,10,NotResolved
4896-CPRPF,Male  ,0,Yes    ,Yes       ,35,Yes         ,Yes             ,No             ,No internet service,No internet service,No internet service,Two year      ,No              ,Bank transfer (automatic),25.45,California,Valley Ford           ,38.339996,-122.935056,38,Yes    ,Yes              ,1,None   ,0,No             ,No            ,0.0,0,478.45,1287.7,High,0,4,4,Resolved
4160-AMJTL,Female,1,No     ,No        ,8,Yes         ,No              ,No             ,No internet service,No internet service,No internet service,Month-to-month,No              ,Electronic check         ,19.65,California,Fellows               ,35.215731,-119.57013,74,No     ,No               ,0,None   ,0,No             ,No            ,0.0,0,223.6,387.9,Low,8,0,8,Resolved
4942-VZZOM,Male  ,0,Yes    ,No        ,64,Yes         ,Yes             ,DSL            ,No                 ,Yes                ,No                 ,One year      ,Yes             ,Credit card (automatic)  ,66.15,California,Tupman                ,35.316263,-119.402559,40,Yes    ,Yes              ,3,Offer B,2,No             ,Yes           ,0.0,0,2397.44,6789.9400000000005,Medium,0,3,3,NotResolved
3415-TAILE,Female,0,Yes    ,Yes       ,2,Yes         ,No              ,DSL            ,No                 ,Yes                ,Yes                ,Month-to-month,No              ,Mailed check             ,65.7,California,Johannesburg          ,35.363339,-117.637641,21,Yes    ,Yes              ,1,None   ,51,Yes            ,Yes           ,0.0,0,54.54,188.89,Low,9,0,9,Resolved
9795-VOWON,Male  ,0,No     ,No        ,7,No          ,No phone service,DSL            ,No                 ,No                 ,No                 ,One year      ,Yes             ,Credit card (automatic)  ,24.35,California,Los Angeles           ,34.028331,-118.354338,23,No     ,No               ,0,Offer E,48,No             ,Yes           ,0.0,0,0.0,150.85,High,1,3,4,Resolved
1996-DBMUS,Female,1,Yes    ,No        ,48,Yes         ,No              ,Fiber optic    ,No                 ,No                 ,No                 ,Month-to-month,Yes             ,Bank transfer (automatic),70.65,California,Palo Verde            ,33.3249,-114.758334,72,Yes    ,Yes              ,10,None   ,21,No             ,Yes           ,0.0,0,604.8,4149.85,Medium,7,1,8,Resolved
9964-WBQDJ,Female,0,Yes    ,No        ,71,Yes         ,Yes             ,No             ,No internet service,No internet service,No internet service,Two year      ,Yes             ,Credit card (automatic)  ,24.4,California,West Hollywood        ,34.093781,-118.381061,19,Yes    ,Yes              ,1,Offer A,0,No             ,No            ,0.0,0,1755.12,3480.52,High,1,6,7,Resolved
8174-LNWMW,Female,0,No     ,No        ,31,Yes         ,No              ,No             ,No internet service,No internet service,No internet service,Two year      ,No              ,Credit card (automatic)  ,20.9,California,Tustin                ,33.738543,-117.785046,52,No     ,No               ,0,None   ,0,No             ,No            ,0.0,0,810.96,1500.31,High,1,5,6,Resolved
6778-YSNIH,Female,0,No     ,No        ,2,Yes         ,No              ,DSL            ,No                 ,Yes                ,No                 ,Month-to-month,Yes             ,Electronic check         ,59.0,California,Riverside             ,33.994676,-117.372498,63,No     ,No               ,0,None   ,26,No             ,Yes           ,0.0,0,54.04,168.19,High,1,4,5,Resolved
0458-HEUZG,Female,0,No     ,No        ,13,No          ,No phone service,DSL            ,Yes                ,No                 ,No                 ,Two year      ,No              ,Mailed check             ,35.4,California,Alderpoint            ,40.166028,-123.584144,58,No     ,No               ,0,Offer D,13,No             ,No            ,0.0,100,0.0,550.4,Medium,6,1,7,Resolved
2862-PFNIK,Male  ,0,No     ,Yes       ,1,No          ,No phone service,DSL            ,No                 ,No                 ,No                 ,Month-to-month,Yes             ,Electronic check         ,24.7,California,San Leandro           ,37.704384,-122.126703,47,No     ,No               ,0,None   ,21,No             ,No            ,0.0,0,0.0,24.7,High,1,3,4,Resolved
9430-FRQOC,Female,0,No     ,Yes       ,4,Yes         ,Yes             ,Fiber optic    ,Yes                ,No                 ,No                 ,Month-to-month,Yes             ,Mailed check             ,87.1,California,San Diego             ,32.71346,-117.236378,33,No     ,No               ,0,None   ,3,No             ,Yes           ,0.0,0,129.84,471.29,Low,8,1,9,Resolved
1480-IVEVR,Male  ,1,Yes    ,No        ,35,Yes         ,Yes             ,Fiber optic    ,No                 ,No                 ,No                 ,One year      ,Yes             ,Bank transfer (automatic),81.6,California,Montara               ,37.540582,-122.509594,76,Yes    ,Yes              ,2,None   ,28,No             ,Yes           ,0.0,0,145.6,2960.85,Medium,6,1,7,Resolved
