customer_id,gender,senior_citizen,partner,dependents,tenure_months,phone_service,multiple_lines,internet_service,tech_support,streaming_tv,streaming_movies,contract_type,paperless_billing,payment_method,monthly_charges,state,city,latitude,longitude,age,married,referred_a_friend,number_of_referrals,offer,avg_monthly_gb_download,streaming_music,unlimited_data,total_refunds,total_extra_data_charges,total_long_distance_charges,total_revenue,satisfaction_level,open_issue_count,close_issue_count,support_interaction_count,resolution_status_open_closed
8395-ETZKQ,Male  ,1,Yes    ,Yes       ,68,Yes         ,No              ,No             ,No internet service,No internet service,No internet service,One year      ,No              ,Bank transfer (automatic),19.5,California,Sacramento            ,38.660442,-121.346321,73,Yes    ,Yes              ,8,None   ,0,No             ,No            ,0.0,0,2389.52,3583.07,Medium,1,6,7,Resolved
7811-JIVPF,Female,0,No     ,No        ,23,Yes         ,No              ,DSL            ,No                 ,No                 ,No                 ,Month-to-month,No              ,Credit card (automatic)  ,49.7,California,Long Beach            ,33.864622,-118.179626,44,No     ,No               ,0,None   ,2,No             ,No            ,0.0,150,971.98,2203.23,High,0,5,5,NotResolved
8280-MQRQN,Female,0,No     ,No        ,1,Yes         ,No              ,DSL            ,No                 ,No                 ,No                 ,Month-to-month,Yes             ,Mailed check             ,50.45,California,Arnold                ,38.32153,-120.236358,39,No     ,No               ,0,Offer E,17,No             ,Yes           ,0.0,0,23.7,74.15,Medium,6,1,7,Resolved
4257-GAESD,Female,0,No     ,No        ,6,No          ,No phone service,DSL            ,No                 ,Yes                ,Yes                ,Month-to-month,No              ,Credit card (automatic)  ,45.0,California,Dinuba                ,36.523619,-119.386868,25,No     ,No               ,0,Offer E,52,Yes            ,Yes           ,0.0,0,0.0,298.7,High,7,1,8,Resolved
9274-CNFMO,Male  ,1,Yes    ,No        ,4,Yes         ,Yes             ,Fiber optic    ,No                 ,No                 ,No                 ,Month-to-month,No              ,Electronic check         ,74.95,California,Pacoima               ,34.255442,-118.421314,76,Yes    ,Yes              ,1,None   ,27,No             ,Yes           ,0.0,0,112.44,421.14,Low,6,1,7,Resolved
2316-ESMLS,Female,0,Yes    ,Yes       ,12,No          ,No phone service,DSL            ,Yes                ,No                 ,No                 ,One year      ,No              ,Credit card (automatic)  ,33.15,California,Fresno                ,36.793601,-119.761131,54,Yes    ,Yes              ,7,None   ,27,No             ,Yes           ,0.0,0,0.0,444.75,Medium,7,0,7,Resolved
2842-JTCCU,Male  ,0,No     ,No        ,2,Yes         ,No              ,DSL            ,No                 ,No                 ,No                 ,Month-to-month,No              ,Bank transfer (automatic),46.05,California,Hopland               ,38.93706,-123.118111,27,No     ,No               ,0,Offer E,52,Yes            ,No            ,0.0,10,59.38,149.73,Medium,7,0,7,NotResolved
0836-SEYLU,Male  ,0,Yes    ,No        ,9,No          ,No phone service,DSL            ,Yes                ,Yes                ,No                 ,Month-to-month,No              ,Mailed check             ,40.65,California,San Diego             ,33.000269,-117.072093,64,Yes    ,Yes              ,2,Offer E,26,No             ,Yes           ,0.0,0,0.0,328.95,Low,9,1,10,NotResolved
3195-TQDZX,Male  ,0,No     ,No        ,3,Yes         ,No              ,No             ,No internet service,No internet service,No internet service,Month-to-month,Yes             ,Electronic check         ,20.25,California,Elk Creek             ,39.53222,-122.594879,19,No     ,No               ,0,None   ,0,No             ,No            ,0.0,0,4.71,66.16,High,0,5,5,Resolved
4062-HBMOS,Male  ,0,No     ,No        ,52,Yes         ,Yes             ,Fiber optic    ,No                 ,Yes                ,Yes                ,Month-to-month,Yes             ,Electronic check         ,103.05,California,Redding               ,40.677649,-122.29467,33,No     ,No               ,0,Offer B,22,Yes            ,Yes           ,46.67,0,281.84,5599.97,High,8,1,9,Resolved
3723-BFBGR,Male  ,1,No     ,No        ,24,Yes         ,Yes             ,DSL            ,No                 ,No                 ,No                 ,Month-to-month,No              ,Credit card (automatic)  ,54.8,California,Borrego Springs       ,33.200369,-116.192313,74,No     ,No               ,0,None   ,27,No             ,No            ,0.0,110,207.84,1609.14,High,1,3,4,Resolved
8854-CCVSQ,Male  ,0,No     ,No        ,18,Yes         ,Yes             ,Fiber optic    ,No                 ,No                 ,No                 ,Month-to-month,Yes             ,Electronic check         ,80.65,California,Browns Valley         ,39.292334,-121.320597,58,No     ,No               ,0,None   ,7,No             ,No            ,0.0,30,699.66,2181.56,Low,9,1,10,Resolved
3207-OYBWH,Male  ,1,Yes    ,No        ,57,Yes         ,Yes             ,Fiber optic    ,No                 ,No                 ,Yes                ,Month-to-month,Yes             ,Bank transfer (automatic),95.25,California,Newport Beach         ,33.601309,-117.902304,74,Yes    ,Yes              ,1,None   ,21,No             ,Yes           ,12.59,0,2844.87,8259.33,Low,8,0,8,Resolved
7137-RYLPP,Male  ,1,Yes    ,No        ,37,Yes         ,Yes             ,Fiber optic    ,No                 ,Yes                ,No                 ,Month-to-month,Yes             ,Electronic check         ,85.7,California,Paskenta              ,39.884395,-122.587513,75,Yes    ,Yes              ,1,Offer C,26,No             ,Yes           ,0.0,0,1724.57,4895.72,Low,8,1,9,Resolved
7241-AJHFS,Male  ,0,No     ,No        ,32,Yes         ,Yes             ,Fiber optic    ,Yes                ,No                 ,No                 ,Month-to-month,No              ,Bank transfer (automatic),87.65,California,Hollister             ,36.875409,-121.279679,53,No     ,No               ,0,None   ,25,No             ,No            ,47.87,150,198.4,3066.9300000000003,Medium,6,1,7,Resolved
9488-FVZCC,Female,0,Yes    ,Yes       ,72,Yes         ,Yes             ,DSL            ,Yes                ,No                 ,Yes                ,Two year      ,Yes             ,Bank transfer (automatic),79.5,California,Rialto                ,34.109775,-117.378904,35,Yes    ,Yes              ,5,Offer A,14,Yes            ,Yes           ,0.0,0,2346.4800000000005,8008.18,Medium,7,0,7,Resolved
2868-MZAGQ,Male  ,0,No     ,No        ,1,Yes         ,No              ,Fiber optic    ,No                 ,No                 ,Yes                ,Month-to-month,Yes             ,Electronic check         ,79.25,California,Modesto               ,37.639029,-120.964772,49,No     ,No               ,0,Offer E,5,Yes            ,Yes           ,0.0,0,19.98,99.23,Low,8,0,8,Resolved
3889-VWBID,Male  ,0,Yes    ,Yes       ,68,Yes         ,No              ,DSL            ,Yes                ,Yes                ,Yes                ,Two year      ,No              ,Bank transfer (automatic),82.85,California,Antelope              ,38.715498,-121.363411,52,Yes    ,Yes              ,1,None   ,27,Yes            ,Yes           ,0.0,0,1876.12,7652.57,High,1,5,6,NotResolved
0464-WJTKO,Female,0,Yes    ,Yes       ,72,Yes         ,No              ,No             ,No internet service,No internet service,No internet service,Two year      ,No              ,Bank transfer (automatic),20.1,California,Cedarville            ,41.505916,-120.152505,39,Yes    ,Yes              ,10,None   ,0,No             ,No            ,0.0,0,1020.24,2481.09,High,0,4,4,Resolved
8016-NCFVO,Male  ,1,No     ,No        ,55,Yes         ,Yes             ,Fiber optic    ,Yes                ,Yes                ,Yes                ,Month-to-month,Yes             ,Electronic check         ,116.5,California,Glendale              ,34.153338,-118.262974,70,No     ,No               ,0,None   ,10,No             ,Yes           ,0.0,0,1611.5,7994.05,High,0,6,6,Resolved
0402-CQAJN,Female,0,No     ,No        ,37,Yes         ,Yes             ,Fiber optic    ,No                 ,Yes                ,Yes                ,Month-to-month,Yes             ,Bank transfer (automatic),101.9,California,El Monte              ,34.074492,-118.01462,22,No     ,No               ,0,None   ,59,Yes            ,Yes           ,0.0,0,889.48,4434.83,Medium,8,1,9,NotResolved
7722-VJRQD,Male  ,0,Yes    ,Yes       ,72,No          ,No phone service,DSL            ,Yes                ,Yes                ,Yes                ,Two year      ,No              ,Bank transfer (automatic),60.95,California,Brooks                ,38.809804,-122.241383,38,Yes    ,Yes              ,8,None   ,15,Yes            ,Yes           ,0.0,0,0.0,4549.05,High,0,3,3,Resolved
3523-BRGUW,Male  ,1,No     ,No        ,26,Yes         ,No              ,No             ,No internet service,No internet service,No internet service,One year      ,No              ,Credit card (automatic)  ,19.3,California,Los Altos             ,37.349546,-122.134356,65,No     ,No               ,0,Offer C,0,No             ,No            ,9.49,0,776.88,1271.59,High,6,0,6,Resolved
8155-IBNHG,Female,0,Yes    ,No        ,24,Yes         ,Yes             ,Fiber optic    ,No                 ,No                 ,No                 ,Month-to-month,Yes             ,Credit card (automatic)  ,75.4,California,San Diego             ,32.747484,-117.166877,55,Yes    ,Yes              ,1,None   ,29,No             ,Yes           ,0.0,0,425.52,2173.37,Medium,7,0,7,Resolved
0479-HMSWA,Female,0,No     ,Yes       ,26,Yes         ,No              ,Fiber optic    ,Yes                ,Yes                ,Yes                ,Two year      ,Yes             ,Electronic check         ,105.45,California,San Clemente          ,33.429488,-117.609432,63,No     ,No               ,0,Offer C,19,Yes            ,Yes           ,0.0,0,64.48,2779.78,High,6,1,7,Resolved
0880-FVFWF,Male  ,0,No     ,No        ,56,Yes         ,Yes             ,Fiber optic    ,No                 ,No                 ,No                 ,Month-to-month,Yes             ,Electronic check         ,86.4,California,Livermore             ,37.571748,-121.659562,32,No     ,No               ,0,Offer B,13,No             ,Yes           ,0.0,0,2080.4,7002.799999999999,High,6,0,6,Resolved
7196-LIWRH,Female,0,No     ,No        ,6,Yes         ,No              ,No             ,No internet service,No internet service,No internet service,Two year      ,No              ,Mailed check             ,19.55,California,Oroville              ,39.624561,-121.552866,61,No     ,No               ,0,Offer E,0,No             ,No            ,0.0,0,44.1,168.55,High,6,0,6,Resolved
4531-AUZNK,Female,0,Yes    ,Yes       ,51,Yes         ,Yes             ,Fiber optic    ,Yes                ,Yes                ,No                 ,One year      ,Yes             ,Mailed check             ,95.15,California,Oakland               ,37.808731,-122.238708,21,Yes    ,Yes              ,2,Offer B,47,Yes            ,Yes           ,0.0,0,939.42,5939.47,Medium,1,3,4,NotResolved
3165-HDOEW,Male  ,0,Yes    ,Yes       ,1,Yes         ,No              ,DSL            ,No                 ,No                 ,No                 ,Month-to-month,Yes             ,Mailed check             ,45.85,California,Salida                ,37.713152,-121.08739,47,Yes    ,Yes              ,1,None   ,6,No             ,Yes           ,0.0,0,14.9,60.75,Low,7,0,7,Resolved
4228-ZGYUW,Male  ,0,No     ,No        ,4,Yes         ,Yes             ,Fiber optic    ,No                 ,No                 ,Yes                ,Month-to-month,Yes             ,Electronic check         ,90.05,California,San Francisco         ,37.791998,-122.408653,42,No     ,No               ,0,Offer E,11,Yes            ,No            ,0.0,30,48.96,447.06,Medium,9,1,10,Resolved
4192-GORJT,Male  ,0,Yes    ,No        ,5,Yes         ,No              ,Fiber optic    ,No                 ,Yes                ,Yes                ,Month-to-month,Yes             ,Electronic check         ,94.45,California,Fremont               ,37.555473,-122.080312,43,Yes    ,Yes              ,1,None   ,24,Yes            ,Yes           ,0.0,0,196.8,694.9000000000001,Low,7,1,8,Resolved
8022-BECSI,Male  ,0,No     ,No        ,22,Yes         ,No              ,No             ,No internet service,No internet service,No internet service,One year      ,No              ,Mailed check             ,19.6,California,Santa Ysabel          ,33.174725,-116.743329,62,No     ,No               ,0,None   ,0,No             ,No            ,0.0,0,450.12,872.62,High,1,4,5,Resolved
3935-TBRZZ,Male  ,0,Yes    ,Yes       ,44,Yes         ,Yes             ,No             ,No internet service,No internet service,No internet service,One year      ,No              ,Mailed check             ,25.7,California,Twentynine Palms      ,34.457829,-116.139589,54,Yes    ,Yes              ,10,Offer B,0,No             ,No            ,0.0,0,674.52,1785.02,Medium,8,0,8,Resolved
7377-DMMRI,Male  ,0,No     ,No        ,2,Yes         ,No              ,DSL            ,No                 ,No                 ,No                 ,Month-to-month,Yes             ,Electronic check         ,47.8,California,Exeter                ,36.301689,-119.018233,35,No     ,No               ,0,Offer E,11,No             ,Yes           ,0.0,0,27.46,119.91,Low,8,0,8,Resolved
6661-HBGWL,Female,1,No     ,No        ,42,Yes         ,Yes             ,Fiber optic    ,No                 ,Yes                ,Yes                ,Month-to-month,Yes             ,Bank transfer (automatic),104.75,California,Mineral               ,40.408796,-121.579609,69,No     ,No               ,0,None   ,12,No             ,Yes           ,0.0,0,681.24,5004.69,Low,7,1,8,Resolved
8824-RWFXJ,Male  ,0,Yes    ,Yes       ,3,Yes         ,No              ,DSL            ,No                 ,No                 ,No                 ,Month-to-month,Yes             ,Mailed check             ,56.15,California,Santa Cruz            ,36.974575,-121.991149,21,Yes    ,Yes              ,1,Offer E,52,Yes            ,Yes           ,0.0,0,87.87,256.02,Low,8,1,9,Resolved
7486-KSRVI,Male  ,0,No     ,No        ,43,Yes         ,Yes             ,Fiber optic    ,Yes                ,Yes                ,Yes                ,One year      ,Yes             ,Electronic check         ,100.0,California,Folsom                ,38.672638,-121.147403,56,No     ,No               ,0,Offer B,23,Yes            ,No            ,0.0,140,1692.91,6044.46,Low,9,0,9,NotResolved
1307-ATKGB,Male  ,0,No     ,No        ,24,Yes         ,No              ,Fiber optic    ,No                 ,No                 ,Yes                ,Month-to-month,Yes             ,Electronic check         ,89.55,California,Santa Clara           ,37.393554,-121.965114,21,No     ,No               ,0,None   ,59,Yes            ,Yes           ,0.0,0,669.84,2856.99,High,0,5,5,Resolved
0880-TKATG,Male  ,0,Yes    ,Yes       ,4,Yes         ,Yes             ,Fiber optic    ,No                 ,Yes                ,Yes                ,Month-to-month,No              ,Electronic check         ,101.15,California,Lucerne Valley        ,34.508417,-116.856103,21,Yes    ,Yes              ,3,Offer E,48,Yes            ,Yes           ,0.0,0,38.24,424.14,Low,8,0,8,Resolved
2533-TIBIX,Male  ,0,Yes    ,Yes       ,15,No          ,No phone service,DSL            ,No                 ,No                 ,No                 ,Month-to-month,Yes             ,Bank transfer (automatic),30.2,California,Oak Run               ,40.689243,-122.037023,59,Yes    ,Yes              ,8,None   ,16,No             ,Yes           ,0.0,0,0.0,469.65,High,7,1,8,NotResolved
2660-EMUBI,Male  ,1,No     ,No        ,10,Yes         ,Yes             ,Fiber optic    ,No                 ,Yes                ,Yes                ,Month-to-month,Yes             ,Electronic check         ,95.35,California,Fort Jones            ,41.5837,-122.935922,71,No     ,No               ,0,Offer D,14,No             ,Yes           ,0.0,0,413.7,1312.05,Low,7,1,8,NotResolved
9947-OTFQU,Male  ,1,No     ,No        ,15,Yes         ,No              ,Fiber optic    ,No                 ,No                 ,No                 ,Month-to-month,Yes             ,Electronic check         ,74.4,California,Covina                ,34.097345,-117.906736,65,No     ,No               ,0,Offer D,29,No             ,Yes           ,0.0,0,436.65,1510.9499999999998,Low,8,0,8,Resolved
3685-YLCMQ,Male  ,0,No     ,No        ,58,Yes         ,Yes             ,Fiber optic    ,Yes                ,Yes                ,Yes                ,One year      ,Yes             ,Electronic check         ,104.65,California,Dobbins               ,39.381174,-121.21191,34,No     ,No               ,0,Offer B,25,Yes            ,No            ,0.0,40,2386.12,8645.720000000001,Low,6,1,7,NotResolved
0823-HSCDJ,Male  ,1,No     ,No        ,52,No          ,No phone service,DSL            ,No                 ,Yes                ,Yes                ,Month-to-month,Yes             ,Electronic check         ,49.15,California,Onyx                  ,35.676978,-118.101378,76,No     ,No               ,0,None   ,18,Yes            ,No            ,0.0,30,0.0,2580.9,Low,9,1,10,Resolved
0345-XMMUG,Female,0,Yes    ,No        ,46,Yes         ,Yes             ,Fiber optic    ,Yes                ,Yes                ,Yes                ,Two year      ,Yes             ,Credit card (automatic)  ,108.9,California,Ione                  ,38.33788,-120.954202,29,Yes    ,Yes              ,6,None   ,48,Yes            ,Yes           ,0.0,0,92.0,4946.3,High,1,5,6,Resolved
4903-UYAVB,Male  ,0,Yes    ,No        ,5,Yes         ,No              ,No             ,No internet service,No internet service,No internet service,Month-to-month,No              ,Mailed check             ,19.35,California,Lathrop               ,37.80821,-121.308401,53,Yes    ,No               ,0,Offer E,0,No             ,No            ,0.0,0,158.8,284.85,Low,9,0,9,Resolved
6513-EECDB,Male  ,1,Yes    ,No        ,1,Yes         ,Yes             ,Fiber optic    ,No                 ,No                 ,No                 ,Month-to-month,Yes             ,Electronic check         ,73.55,California,San Francisco         ,37.758085,-122.434801,75,Yes    ,No               ,0,None   ,6,No             ,Yes           ,0.0,0,36.92,110.47,Low,9,1,10,Resolved
7273-TEFQD,Male  ,1,No     ,No        ,3,No          ,No phone service,DSL            ,No                 ,No                 ,Yes                ,Month-to-month,Yes             ,Electronic check         ,41.15,California,La Puente             ,34.038983,-117.991372,67,No     ,No               ,0,Offer E,28,Yes            ,Yes           ,0.0,0,0.0,132.2,Low,9,0,9,Resolved
7779-ORAEL,Male  ,1,Yes    ,No        ,45,Yes         ,Yes             ,DSL            ,Yes                ,No                 ,Yes                ,Two year      ,No              ,Credit card (automatic)  ,75.15,California,Mi Wuk Village        ,38.121601,-120.133915,77,Yes    ,Yes              ,4,None   ,22,No             ,Yes           ,0.0,0,422.55,3902.9,Medium,1,6,7,Resolved
6650-VJONK,Male  ,0,No     ,No        ,1,Yes         ,No              ,DSL            ,No                 ,No                 ,No                 ,Month-to-month,Yes             ,Bank transfer (automatic),43.85,California,Carson                ,33.859171,-118.252272,54,No     ,No               ,0,None   ,27,No             ,No            ,0.0,10,15.9,69.75,High,1,4,5,NotResolved
6900-PXRMS,Male  ,1,Yes    ,Yes       ,26,Yes         ,Yes             ,Fiber optic    ,No                 ,Yes                ,Yes                ,Month-to-month,No              ,Electronic check         ,105.75,California,Spring Valley         ,32.730264,-116.950963,72,Yes    ,No               ,0,Offer C,18,Yes            ,No            ,0.0,90,32.76,2833.01,Low,10,1,11,Resolved
3520-FJGCV,Male  ,0,Yes    ,Yes       ,72,Yes         ,Yes             ,Fiber optic    ,Yes                ,Yes                ,Yes                ,Two year      ,Yes             ,Credit card (automatic)  ,112.6,California,San Diego             ,32.807867,-117.060993,47,Yes    ,Yes              ,2,None   ,14,Yes            ,Yes           ,0.0,0,1245.6,9372.25,Medium,7,1,8,Resolved
2921-XWDJH,Female,1,Yes    ,No        ,38,Yes         ,No              ,Fiber optic    ,No                 ,No                 ,Yes                ,Month-to-month,Yes             ,Electronic check         ,83.45,California,Glendale              ,34.167926,-118.267539,76,Yes    ,No               ,0,None   ,15,No             ,Yes           ,24.98,0,129.96,3252.13,Medium,1,5,6,Resolved
4547-LYTDD,Female,0,No     ,No        ,16,Yes         ,Yes             ,Fiber optic    ,No                 ,No                 ,No                 ,Month-to-month,No              ,Electronic check         ,72.65,California,North Hollywood       ,34.1692,-118.372498,35,No     ,No               ,0,Offer D,17,No             ,Yes           ,0.0,0,751.84,1946.14,Low,7,1,8,Resolved
6921-OZMFH,Male  ,0,Yes    ,Yes       ,5,Yes         ,Yes             ,DSL            ,Yes                ,No                 ,No                 ,Month-to-month,Yes             ,Mailed check             ,55.7,California,Santa Clara           ,37.348129,-121.98469,38,Yes    ,Yes              ,3,None   ,12,No             ,Yes           ,0.0,0,94.85,354.25,Medium,0,5,5,Resolved
7176-WRTNX,Male  ,0,No     ,No        ,70,Yes         ,Yes             ,Fiber optic    ,Yes                ,Yes                ,Yes                ,Two year      ,Yes             ,Bank transfer (automatic),114.95,California,Ventura               ,34.278697,-119.167798,51,No     ,No               ,0,Offer A,30,Yes            ,Yes           ,0.0,0,1024.1,8735.35,Medium,1,3,4,Resolved
4587-NUKOX,Female,0,No     ,No        ,3,Yes         ,No              ,Fiber optic    ,No                 ,No                 ,No                 ,Month-to-month,Yes             ,Electronic check         ,79.1,California,Walnut                ,34.018354,-117.85492,60,No     ,No               ,0,Offer E,2,No             ,Yes           ,0.0,0,97.29,343.79,Low,7,0,7,Resolved
3927-NLNRY,Male  ,0,Yes    ,No        ,53,Yes         ,No              ,Fiber optic    ,No                 ,Yes                ,Yes                ,One year      ,Yes             ,Bank transfer (automatic),94.25,California,Long Barn             ,38.109125,-120.078597,48,Yes    ,Yes              ,1,Offer B,9,Yes            ,Yes           ,0.0,0,835.81,5703.76,Medium,9,0,9,NotResolved
0876-WDUUZ,Female,0,No     ,No        ,5,Yes         ,No              ,Fiber optic    ,Yes                ,No                 ,Yes                ,Month-to-month,Yes             ,Credit card (automatic)  ,85.4,California,Pine Grove            ,38.400264,-120.641274,62,No     ,No               ,0,Offer E,17,Yes            ,Yes           ,0.0,0,217.55,643.4499999999999,Low,9,1,10,Resolved
7845-URHJN,Female,0,Yes    ,No        ,8,Yes         ,No              ,No             ,No internet service,No internet service,No internet service,Month-to-month,No              ,Bank transfer (automatic),20.15,California,Hacienda Heights      ,33.998471,-117.973758,24,Yes    ,Yes              ,1,None   ,0,No             ,No            ,0.0,0,90.8,247.05,Medium,9,1,10,Resolved
1299-AURJA,Female,0,Yes    ,Yes       ,70,Yes         ,Yes             ,No             ,No internet service,No internet service,No internet service,Two year      ,No              ,Bank transfer (automatic),24.7,California,Twain Harte           ,38.107441,-120.230625,43,Yes    ,Yes              ,8,None   ,0,No             ,No            ,0.0,0,2123.1,3809.0,High,1,6,7,Resolved
3627-FHKBK,Female,0,No     ,No        ,1,Yes         ,No              ,Fiber optic    ,No                 ,No                 ,No                 ,Month-to-month,No              ,Mailed check             ,75.3,California,Anaheim               ,33.83796,-117.870494,28,No     ,No               ,0,None   ,51,No             ,Yes           ,0.0,0,4.13,79.42999999999999,Low,8,0,8,Resolved
7746-QYVCO,Male  ,0,Yes    ,Yes       ,16,Yes         ,No              ,DSL            ,No                 ,No                 ,No                 ,One year      ,Yes             ,Mailed check             ,55.85,California,White Water           ,33.972293,-116.654195,57,Yes    ,Yes              ,1,Offer D,17,No             ,Yes           ,0.0,0,336.64,1194.44,Medium,1,6,7,Resolved
2446-PLQVO,Male  ,0,No     ,No        ,1,Yes         ,No              ,Fiber optic    ,No                 ,No                 ,No                 ,Month-to-month,Yes             ,Electronic check         ,70.3,California,Santa Clarita         ,34.502432,-118.41459,32,No     ,No               ,0,Offer E,7,No             ,Yes           ,0.0,0,5.67,75.97,Low,7,1,8,Resolved
5687-DKDTV,Female,0,No     ,No        ,4,Yes         ,No              ,No             ,No internet service,No internet service,No internet service,Month-to-month,No              ,Mailed check             ,20.35,California,Bellflower            ,33.887676,-118.127289,35,No     ,No               ,0,None   ,0,No             ,No            ,0.0,0,150.64,228.14,Medium,7,1,8,Resolved
0925-VYDLG,Female,0,No     ,No        ,3,Yes         ,Yes             ,Fiber optic    ,No                 ,No                 ,No                 ,Month-to-month,No              ,Electronic check         ,75.25,California,Ludlow                ,34.702766,-116.093376,40,No     ,No               ,0,None   ,25,No             ,Yes           ,0.0,0,53.61,295.61,Medium,8,1,9,Resolved
5093-FEGLU,Female,0,Yes    ,No        ,47,Yes         ,No              ,No             ,No internet service,No internet service,No internet service,Two year      ,No              ,Bank transfer (automatic),19.65,California,San Francisco         ,37.789168,-122.395009,21,Yes    ,Yes              ,1,Offer B,0,No             ,No            ,0.0,0,2157.3,3078.8499999999995,High,0,3,3,Resolved
7657-DYEPJ,Male  ,1,No     ,No        ,38,Yes         ,No              ,DSL            ,Yes                ,Yes                ,No                 ,One year      ,Yes             ,Credit card (automatic)  ,70.15,California,Los Angeles           ,34.066303,-118.435479,73,No     ,No               ,0,Offer C,30,No             ,Yes           ,0.0,0,218.5,2715.85,Medium,8,1,9,NotResolved
8647-SDTWQ,Male  ,0,Yes    ,Yes       ,57,Yes         ,Yes             ,Fiber optic    ,No                 ,No                 ,No                 ,Month-to-month,Yes             ,Electronic check         ,74.3,California,Hood                  ,38.375325,-121.507935,59,Yes    ,Yes              ,4,Offer B,22,No             ,No            ,0.0,70,2847.15,6935.5,High,6,0,6,Resolved
3315-TOTBP,Male  ,0,No     ,No        ,15,Yes         ,Yes             ,Fiber optic    ,No                 ,No                 ,No                 ,Month-to-month,Yes             ,Mailed check             ,76.0,California,Mill Creek            ,40.331975,-121.460674,29,No     ,No               ,0,Offer D,52,Yes            ,Yes           ,0.0,0,672.9,1803.75,Low,7,0,7,Resolved
6668-CNMFP,Female,0,Yes    ,Yes       ,19,Yes         ,Yes             ,Fiber optic    ,Yes                ,No                 ,Yes                ,One year      ,Yes             ,Bank transfer (automatic),89.35,California,West Hills            ,34.199787,-118.68493,24,Yes    ,Yes              ,1,None   ,52,Yes            ,Yes           ,0.0,0,701.48,2388.33,High,1,6,7,Resolved
2710-WYVXG,Female,0,No     ,No        ,3,Yes         ,No              ,DSL            ,Yes                ,No                 ,Yes                ,Two year      ,No              ,Mailed check             ,71.1,California,Sun Valley            ,34.231053,-118.338307,36,No     ,No               ,0,None   ,22,Yes            ,Yes           ,2.62,0,111.0,321.73,High,1,5,6,Resolved
5793-YOLJN,Female,0,Yes    ,Yes       ,55,Yes         ,No              ,No             ,No internet service,No internet service,No internet service,Two year      ,No              ,Mailed check             ,21.0,California,Oro Grande            ,34.647959,-117.296957,53,Yes    ,Yes              ,8,Offer B,0,No             ,No            ,0.0,0,2118.05,3328.3499999999995,Medium,1,3,4,NotResolved
5781-BKHOP,Female,0,Yes    ,No        ,72,Yes         ,Yes             ,Fiber optic    ,No                 ,Yes                ,No                 ,Two year      ,No              ,Bank transfer (automatic),100.65,California,Richmond              ,37.945288,-122.383941,48,Yes    ,Yes              ,10,Offer A,28,No             ,Yes           ,0.0,0,3000.96,10335.01,Medium,0,3,3,Resolved
5960-WPXQM,Male  ,0,No     ,No        ,1,Yes         ,No              ,Fiber optic    ,No                 ,Yes                ,No                 ,Month-to-month,Yes             ,Electronic check         ,79.05,California,Newberry Springs      ,34.89326,-116.505958,24,No     ,No               ,0,None   ,52,Yes            ,Yes           ,0.0,0,31.34,110.39,Low,8,0,8,Resolved
0742-NXBGR,Female,0,No     ,No        ,1,Yes         ,No              ,Fiber optic    ,No                 ,No                 ,No                 ,Month-to-month,Yes             ,Electronic check         ,82.3,California,Adin                  ,41.171578,-120.913161,64,No     ,No               ,0,Offer E,28,No             ,Yes           ,0.0,0,33.41,115.71,Low,7,0,7,Resolved
3258-SYSWS,Male  ,1,No     ,No        ,72,Yes         ,Yes             ,Fiber optic    ,Yes                ,Yes                ,Yes                ,Two year      ,No              ,Bank transfer (automatic),113.8,California,Lakeside              ,32.909873,-116.906774,75,No     ,No               ,0,None   ,26,No             ,Yes           ,0.0,0,1776.2400000000002,9622.04,Medium,1,6,7,NotResolved
6305-YLBMM,Male  ,0,No     ,No        ,69,Yes         ,No              ,Fiber optic    ,Yes                ,Yes                ,Yes                ,One year      ,Yes             ,Bank transfer (automatic),104.05,California,Hood                  ,38.375325,-121.507935,50,No     ,No               ,0,None   ,24,Yes            ,Yes           ,0.0,0,173.88,7435.88,Medium,10,1,11,Resolved
7422-WNBTY,Male  ,0,Yes    ,No        ,33,Yes         ,Yes             ,Fiber optic    ,No                 ,No                 ,Yes                ,Month-to-month,Yes             ,Electronic check         ,93.35,California,Green Valley Lake     ,34.244411,-117.072654,35,Yes    ,Yes              ,5,None   ,7,Yes            ,Yes           ,0.0,0,1048.0800000000002,4140.08,High,0,5,5,Resolved
2951-QOQTK,Male  ,0,No     ,Yes       ,4,Yes         ,Yes             ,Fiber optic    ,Yes                ,No                 ,No                 ,Month-to-month,No              ,Credit card (automatic)  ,80.8,California,Sacramento            ,38.608405,-121.449942,28,No     ,No               ,0,None   ,76,Yes            ,Yes           ,0.0,0,169.32,501.77,Low,7,0,7,Resolved
8990-YOZLV,Female,0,No     ,No        ,69,Yes         ,Yes             ,DSL            ,Yes                ,No                 ,No                 ,Two year      ,Yes             ,Mailed check             ,66.9,California,Hickman               ,37.605926,-120.69955,46,No     ,No               ,0,Offer A,7,No             ,Yes           ,0.0,0,959.79,5537.69,Medium,6,0,6,Resolved
7029-RPUAV,Male  ,1,Yes    ,No        ,17,Yes         ,Yes             ,Fiber optic    ,No                 ,Yes                ,Yes                ,Month-to-month,Yes             ,Credit card (automatic)  ,100.45,California,Los Gatos             ,37.222842,-121.988727,74,Yes    ,Yes              ,1,None   ,16,No             ,Yes           ,0.0,0,479.06,2101.51,Medium,8,0,8,Resolved
4441-NIHPT,Female,1,No     ,No        ,13,Yes         ,No              ,Fiber optic    ,No                 ,No                 ,No                 ,Month-to-month,Yes             ,Electronic check         ,74.3,California,Freedom               ,36.936228,-121.785559,73,No     ,No               ,0,None   ,21,No             ,Yes           ,0.0,0,524.81,1465.16,Low,9,1,10,NotResolved
1432-FPAXX,Female,0,No     ,No        ,29,No          ,No phone service,DSL            ,No                 ,No                 ,No                 ,Month-to-month,Yes             ,Electronic check         ,30.6,California,Beale Afb             ,39.125311,-121.392283,53,No     ,No               ,0,None   ,7,No             ,Yes           ,0.0,0,0.0,856.35,Low,7,1,8,Resolved
2485-ITVKB,Female,0,Yes    ,No        ,2,No          ,No phone service,DSL            ,No                 ,No                 ,Yes                ,Month-to-month,Yes             ,Electronic check         ,35.1,California,Northridge            ,34.236683,-118.517588,36,Yes    ,Yes              ,1,Offer E,12,Yes            ,No            ,0.0,10,0.0,78.75,Low,7,0,7,Resolved
2225-ZRGSG,Female,0,Yes    ,Yes       ,70,Yes         ,Yes             ,Fiber optic    ,Yes                ,No                 ,No                 ,Two year      ,No              ,Bank transfer (automatic),93.9,California,Piru                  ,34.432843,-118.730106,38,Yes    ,Yes              ,1,Offer A,14,No             ,Yes           ,0.0,0,383.6,6962.650000000001,Low,9,0,9,Resolved
1541-ETJZO,Male  ,0,No     ,No        ,1,Yes         ,Yes             ,DSL            ,Yes                ,No                 ,No                 ,Month-to-month,No              ,Mailed check             ,62.05,California,Wheatland             ,39.043387,-121.409837,58,No     ,No               ,0,Offer E,12,No             ,No            ,0.0,10,47.83,119.88,Low,8,1,9,Resolved
7547-EKNFS,Male  ,0,Yes    ,No        ,42,Yes         ,Yes             ,Fiber optic    ,No                 ,Yes                ,No                 ,Month-to-month,Yes             ,Bank transfer (automatic),95.25,California,Caspar                ,39.361283,-123.784599,37,Yes    ,Yes              ,1,Offer B,29,No             ,Yes           ,27.3,0,766.9200000000001,4698.969999999999,Low,8,0,8,Resolved
9026-LHEVG,Female,0,No     ,No        ,9,No          ,No phone service,DSL            ,No                 ,No                 ,Yes                ,Month-to-month,No              ,Electronic check         ,40.75,California,Boulevard             ,32.677097,-116.304991,45,No     ,No               ,0,Offer E,21,Yes            ,No            ,0.0,20,0.0,379.4,High,0,3,3,Resolved
0122-OAHPZ,Female,0,No     ,No        ,7,Yes         ,Yes             ,Fiber optic    ,No                 ,No                 ,No                 ,Month-to-month,Yes             ,Electronic check         ,73.85,California,Oceanside             ,33.254497,-117.285879,29,No     ,No               ,0,None   ,26,Yes            ,Yes           ,13.03,0,200.34,698.5600000000001,Medium,6,0,6,Resolved
6116-RFVHN,Female,0,Yes    ,No        ,34,Yes         ,Yes             ,Fiber optic    ,No                 ,Yes                ,Yes                ,Month-to-month,Yes             ,Electronic check         ,100.45,California,Roseville             ,38.784329,-121.373245,20,Yes    ,Yes              ,10,Offer C,47,Yes            ,Yes           ,0.0,0,1199.86,4614.51,High,1,5,6,Resolved
6664-FPDAC,Female,1,No     ,No        ,56,Yes         ,Yes             ,Fiber optic    ,Yes                ,Yes                ,Yes                ,One year      ,Yes             ,Electronic check         ,111.95,California,San Diego             ,32.762506,-117.07245,77,No     ,No               ,0,Offer B,28,No             ,Yes           ,0.0,0,1089.76,7508.66,Medium,9,0,9,Resolved
6267-DCFFZ,Female,1,Yes    ,No        ,30,Yes         ,Yes             ,Fiber optic    ,No                 ,Yes                ,No                 ,Month-to-month,Yes             ,Electronic check         ,90.05,California,Madeline              ,41.042003,-120.506086,68,Yes    ,Yes              ,8,Offer C,27,No             ,Yes           ,0.0,0,1432.5,4059.7,High,0,4,4,Resolved
7966-YOTQW,Male  ,0,No     ,No        ,10,Yes         ,Yes             ,DSL            ,No                 ,No                 ,No                 ,Month-to-month,Yes             ,Credit card (automatic)  ,54.5,California,Nubieber              ,41.082472,-121.195215,29,No     ,No               ,0,None   ,59,No             ,Yes           ,0.0,0,339.79999999999995,908.0,High,1,6,7,Resolved
0870-VEMYL,Female,0,No     ,No        ,5,Yes         ,No              ,DSL            ,Yes                ,No                 ,No                 ,Month-to-month,No              ,Credit card (automatic)  ,53.85,California,Columbia              ,38.085839,-120.37855,34,No     ,No               ,0,Offer E,22,No             ,No            ,22.96,10,121.6,368.44,Low,7,0,7,NotResolved
0396-UKGAI,Male  ,0,No     ,Yes       ,23,Yes         ,No              ,DSL            ,Yes                ,No                 ,No                 ,Month-to-month,Yes             ,Bank transfer (automatic),55.3,California,Encinitas             ,33.054579,-117.25665,25,No     ,No               ,0,Offer D,47,Yes            ,Yes           ,0.0,0,36.34,1320.54,High,6,0,6,Resolved
4671-VJLCL,Female,0,No     ,No        ,63,Yes         ,Yes             ,DSL            ,Yes                ,Yes                ,No                 ,Two year      ,Yes             ,Credit card (automatic)  ,79.85,California,Los Angeles           ,34.108455,-118.362081,36,No     ,No               ,0,Offer B,17,No             ,Yes           ,0.0,0,807.66,5669.11,Medium,7,1,8,Resolved
0601-WZHJF,Male  ,0,Yes    ,No        ,14,No          ,No phone service,DSL            ,No                 ,Yes                ,Yes                ,Month-to-month,No              ,Electronic check         ,46.35,California,Shafter               ,35.490705,-119.286833,53,Yes    ,Yes              ,1,Offer D,12,Yes            ,Yes           ,0.0,0,0.0,667.7,Medium,7,0,7,Resolved
1635-HDGFT,Female,0,No     ,Yes       ,19,Yes         ,No              ,No             ,No internet service,No internet service,No internet service,Two year      ,No              ,Mailed check             ,20.5,California,Manton                ,40.426679,-121.850421,29,No     ,No               ,0,Offer D,0,No             ,No            ,24.07,0,673.5500000000001,1048.0300000000002,High,6,0,6,NotResolved
3838-OZURD,Male  ,0,Yes    ,No        ,66,Yes         ,Yes             ,Fiber optic    ,No                 ,Yes                ,Yes                ,Month-to-month,Yes             ,Credit card (automatic)  ,105.0,California,Somes Bar             ,41.444606,-123.471895,28,Yes    ,No               ,0,Offer A,51,Yes            ,Yes           ,0.0,0,480.48,7613.73,Low,9,1,10,Resolved
4355-HBJHH,Male  ,0,Yes    ,Yes       ,67,Yes         ,Yes             ,DSL            ,No                 ,Yes                ,Yes                ,Two year      ,Yes             ,Electronic check         ,79.7,California,Waterford             ,37.669516,-120.626964,49,Yes    ,No               ,0,None   ,3,Yes            ,Yes           ,0.0,0,2865.59,8158.99,Low,7,0,7,Resolved
8327-WKMIE,Male  ,0,No     ,No        ,37,Yes         ,No              ,No             ,No internet service,No internet service,No internet service,One year      ,No              ,Credit card (automatic)  ,20.15,California,Le Grand              ,37.249377,-120.249581,36,No     ,No               ,0,None   ,0,No             ,No            ,0.0,0,1271.6899999999998,2057.44,High,6,1,7,Resolved
2675-OTVVJ,Male  ,1,Yes    ,No        ,31,Yes         ,Yes             ,Fiber optic    ,No                 ,Yes                ,No                 ,Month-to-month,No              ,Electronic check         ,89.45,California,Novato                ,38.135897,-122.563683,76,Yes    ,Yes              ,5,Offer C,18,No             ,Yes           ,31.58,0,1427.86,4203.93,High,6,1,7,NotResolved
5550-VFRLC,Female,1,No     ,No        ,1,Yes         ,No              ,Fiber optic    ,No                 ,No                 ,No                 ,Month-to-month,Yes             ,Electronic check         ,69.85,California,Moorpark              ,34.312945,-118.858169,70,No     ,No               ,0,None   ,30,No             ,No            ,0.0,40,43.45,153.3,Low,6,0,6,Resolved
8166-ZZTFS,Female,1,Yes    ,No        ,66,Yes         ,Yes             ,DSL            ,No                 ,Yes                ,Yes                ,Two year      ,Yes             ,Bank transfer (automatic),80.55,California,Roseville             ,38.736685,-121.251984,74,Yes    ,Yes              ,1,None   ,3,No             ,Yes           ,0.0,0,1432.2,6697.3,Medium,9,1,10,Resolved
7134-HBPBS,Female,1,No     ,No        ,72,Yes         ,Yes             ,Fiber optic    ,Yes                ,Yes                ,Yes                ,Two year      ,Yes             ,Bank transfer (automatic),108.1,California,Adelanto              ,34.667815,-117.536183,65,No     ,No               ,0,Offer A,20,Yes            ,Yes           ,0.0,0,1934.64,9708.69,High,7,1,8,Resolved
6807-SIWJI,Male  ,0,No     ,No        ,38,Yes         ,Yes             ,Fiber optic    ,No                 ,Yes                ,Yes                ,One year      ,Yes             ,Electronic check         ,104.85,California,Groveland             ,37.902968,-119.667544,47,No     ,No               ,0,Offer C,26,Yes            ,Yes           ,0.0,0,164.92,4052.17,High,0,4,4,Resolved
5261-QSHQM,Female,0,No     ,No        ,4,No          ,No phone service,DSL            ,No                 ,No                 ,No                 ,Month-to-month,Yes             ,Electronic check         ,24.45,California,Maricopa              ,34.737031,-119.460557,31,No     ,No               ,0,Offer E,9,No             ,Yes           ,0.0,0,0.0,86.6,Low,7,0,7,Resolved
8118-LSUEL,Male  ,1,No     ,No        ,23,Yes         ,Yes             ,Fiber optic    ,No                 ,Yes                ,Yes                ,Month-to-month,Yes             ,Electronic check         ,106.4,California,Roseville             ,38.759751,-121.288545,74,No     ,No               ,0,None   ,29,No             ,Yes           ,0.0,0,405.2600000000001,2888.76,Low,7,0,7,Resolved
1810-MVMAI,Male  ,0,Yes    ,Yes       ,30,Yes         ,Yes             ,DSL            ,Yes                ,No                 ,No                 ,Month-to-month,No              ,Electronic check         ,67.6,California,San Jose              ,37.333851,-121.891147,31,Yes    ,Yes              ,4,Offer C,19,No             ,Yes           ,0.0,0,1441.2,3441.4,Medium,0,4,4,Resolved
4803-LBYPN,Male  ,0,Yes    ,Yes       ,34,Yes         ,No              ,No             ,No internet service,No internet service,No internet service,Month-to-month,No              ,Mailed check             ,20.8,California,Orange                ,33.787796,-117.875928,44,Yes    ,Yes              ,1,Offer C,0,No             ,No            ,46.07,0,1514.36,2104.19,Medium,6,0,6,Resolved
5206-HPJKM,Male  ,0,No     ,No        ,17,Yes         ,No              ,DSL            ,No                 ,No                 ,No                 ,Month-to-month,Yes             ,Credit card (automatic)  ,55.5,California,Valencia              ,34.457005,-118.573726,64,No     ,No               ,0,None   ,14,No             ,Yes           ,0.0,0,572.56,1506.71,High,1,4,5,Resolved
9251-AWQGT,Female,0,Yes    ,Yes       ,48,Yes         ,No              ,No             ,No internet service,No internet service,No internet service,Two year      ,No              ,Mailed check             ,20.0,California,Palmdale              ,34.598221,-117.79593,19,Yes    ,Yes              ,2,None   ,0,No             ,No            ,0.0,0,468.96,1404.86,High,1,6,7,NotResolved
3551-HUAZH,Male  ,1,No     ,No        ,1,Yes         ,Yes             ,Fiber optic    ,No                 ,No                 ,No                 ,Month-to-month,Yes             ,Electronic check         ,74.4,California,Brownsville           ,39.440687,-121.263583,68,No     ,No               ,0,Offer E,12,No             ,Yes           ,0.0,0,11.08,85.48,Low,8,1,9,NotResolved
6924-TDGMT,Male  ,0,Yes    ,No        ,11,Yes         ,No              ,No             ,No internet service,No internet service,No internet service,One year      ,Yes             ,Mailed check             ,20.55,California,Platina               ,40.367964,-122.937379,34,Yes    ,Yes              ,6,None   ,0,No             ,No            ,0.0,0,287.21,472.16,High,0,3,3,Resolved
6521-YYTYI,Male  ,0,No     ,Yes       ,1,Yes         ,Yes             ,Fiber optic    ,No                 ,Yes                ,Yes                ,Month-to-month,Yes             ,Electronic check         ,93.3,California,Navarro               ,39.182916,-123.552571,59,No     ,No               ,0,Offer E,30,Yes            ,Yes           ,0.0,0,7.99,101.29,Medium,6,1,7,NotResolved
4199-QHJNM,Male  ,1,Yes    ,No        ,67,Yes         ,Yes             ,Fiber optic    ,Yes                ,Yes                ,Yes                ,Two year      ,No              ,Bank transfer (automatic),102.9,California,Bass Lake             ,37.458367,-119.345011,72,Yes    ,Yes              ,9,Offer A,17,Yes            ,Yes           ,0.0,0,3261.56,10251.26,Medium,0,6,6,Resolved
4315-MURBD,Female,0,No     ,No        ,12,Yes         ,No              ,Fiber optic    ,Yes                ,Yes                ,Yes                ,Month-to-month,Yes             ,Bank transfer (automatic),98.9,California,San Bruno             ,37.624436,-122.430661,64,No     ,No               ,0,None   ,23,Yes            ,Yes           ,0.0,0,419.04,1539.99,Low,7,0,7,Resolved
2252-ISRNH,Male  ,0,Yes    ,Yes       ,9,Yes         ,Yes             ,Fiber optic    ,No                 ,Yes                ,No                 ,One year      ,Yes             ,Electronic check         ,90.35,California,Covelo                ,39.83307,-123.178765,22,Yes    ,Yes              ,9,Offer E,82,No             ,Yes           ,0.0,0,274.14,1042.04,Medium,1,3,4,Resolved
0851-DFJKB,Female,0,No     ,No        ,15,Yes         ,No              ,DSL            ,Yes                ,No                 ,No                 ,Month-to-month,No              ,Electronic check         ,58.95,California,Concord               ,37.950248,-122.022455,57,No     ,No               ,0,None   ,11,No             ,Yes           ,0.0,0,458.1,1413.25,High,0,6,6,Resolved
4770-QAZXN,Female,0,No     ,No        ,13,Yes         ,No              ,No             ,No internet service,No internet service,No internet service,Month-to-month,No              ,Credit card (automatic)  ,19.45,California,Tomales               ,38.240769,-122.901041,42,No     ,No               ,0,Offer D,0,No             ,No            ,0.0,0,601.9,834.0,High,0,6,6,Resolved
5896-NPFWW,Male  ,0,Yes    ,Yes       ,3,Yes         ,No              ,DSL            ,No                 ,No                 ,No                 ,Month-to-month,Yes             ,Electronic check         ,50.15,California,Visalia               ,36.37559,-119.211689,23,Yes    ,Yes              ,1,None   ,51,No             ,Yes           ,0.0,0,40.62,208.77,Low,8,0,8,Resolved
9639-BUJXT,Male  ,0,No     ,No        ,63,Yes         ,No              ,No             ,No internet service,No internet service,No internet service,One year      ,No              ,Mailed check             ,20.5,California,Santee                ,32.847336,-116.997605,50,No     ,No               ,0,None   ,0,No             ,No            ,15.62,0,2227.05,3539.5800000000004,High,0,3,3,Resolved
1644-IRKSF,Female,0,Yes    ,Yes       ,33,Yes         ,No              ,Fiber optic    ,No                 ,Yes                ,Yes                ,One year      ,Yes             ,Electronic check         ,93.8,California,La Palma              ,33.850504,-118.039892,48,Yes    ,Yes              ,5,None   ,27,Yes            ,Yes           ,0.0,0,660.66,3785.16,Medium,7,1,8,Resolved
7493-TPUWZ,Male  ,0,No     ,No        ,1,Yes         ,Yes             ,Fiber optic    ,No                 ,No                 ,No                 ,Month-to-month,Yes             ,Electronic check         ,79.15,California,Diamond Springs       ,38.683605,-120.811852,64,No     ,No               ,0,None   ,24,No             ,Yes           ,0.0,0,24.48,103.63,Low,8,0,8,Resolved
0567-XRHCU,Female,0,Yes    ,Yes       ,69,No          ,No phone service,DSL            ,No                 ,No                 ,Yes                ,Two year      ,Yes             ,Credit card (automatic)  ,43.95,California,Los Angeles           ,34.091829,-118.491244,19,Yes    ,Yes              ,7,None   ,59,Yes            ,Yes           ,0.0,0,0.0,2960.1,Medium,7,1,8,Resolved
4184-TJFAN,Female,1,Yes    ,Yes       ,3,Yes         ,No              ,Fiber optic    ,Yes                ,Yes                ,No                 ,Month-to-month,Yes             ,Mailed check             ,88.3,California,Berkeley              ,37.897753,-122.279391,68,Yes    ,Yes              ,1,Offer E,2,No             ,Yes           ,0.0,0,77.31,351.06,Low,6,1,7,Resolved
2207-NHRJK,Male  ,0,No     ,No        ,1,Yes         ,No              ,DSL            ,No                 ,No                 ,No                 ,Month-to-month,No              ,Electronic check         ,50.8,California,Carmel                ,36.460611,-121.852507,58,No     ,No               ,0,Offer E,27,No             ,Yes           ,0.0,0,1.28,52.08,Low,8,0,8,Resolved
2626-VEEWG,Male  ,0,Yes    ,Yes       ,67,Yes         ,No              ,No             ,No internet service,No internet service,No internet service,Two year      ,Yes             ,Credit card (automatic)  ,19.4,California,Sun City              ,33.69887,-117.25071,48,Yes    ,Yes              ,6,None   ,0,No             ,No            ,0.0,0,367.16,1651.36,High,7,0,7,Resolved
3090-LETTY,Male  ,0,No     ,Yes       ,2,Yes         ,Yes             ,DSL            ,No                 ,No                 ,No                 ,Month-to-month,No              ,Bank transfer (automatic),60.95,California,San Diego             ,32.957195,-117.202542,54,No     ,No               ,0,None   ,12,No             ,Yes           ,0.0,0,29.76,164.36,High,7,0,7,Resolved
5919-VCZYM,Male  ,0,No     ,No        ,2,Yes         ,No              ,No             ,No internet service,No internet service,No internet service,Month-to-month,No              ,Mailed check             ,20.05,California,Santa Ana             ,33.714829,-117.872941,19,No     ,No               ,0,None   ,0,No             ,No            ,0.0,0,80.56,123.26,High,0,6,6,Resolved
5451-YHYPW,Female,1,Yes    ,No        ,72,Yes         ,Yes             ,Fiber optic    ,Yes                ,Yes                ,Yes                ,Two year      ,Yes             ,Credit card (automatic)  ,115.75,California,San Francisco         ,37.797526,-122.464531,75,Yes    ,Yes              ,2,Offer A,24,No             ,No            ,0.0,120,3232.08,11795.78,Medium,1,6,7,Resolved
2889-FPWRM,Male  ,0,Yes    ,No        ,72,Yes         ,Yes             ,Fiber optic    ,Yes                ,Yes                ,Yes                ,One year      ,Yes             ,Bank transfer (automatic),117.8,California,Mckinleyville         ,40.965011,-124.015255,31,Yes    ,Yes              ,1,None   ,8,Yes            ,Yes           ,0.0,0,2510.64,11195.44,Low,10,1,11,Resolved
0859-YGKFW,Male  ,0,Yes    ,Yes       ,18,Yes         ,No              ,No             ,No internet service,No internet service,No internet service,One year      ,No              ,Bank transfer (automatic),20.05,California,Olivehurst            ,39.082568,-121.55325,56,Yes    ,Yes              ,1,Offer D,0,No             ,No            ,0.0,0,505.08,850.98,High,6,1,7,NotResolved
8821-XNHVZ,Female,0,Yes    ,Yes       ,1,Yes         ,No              ,Fiber optic    ,No                 ,Yes                ,No                 ,Month-to-month,Yes             ,Mailed check             ,80.05,California,Solana Beach          ,33.001813,-117.263628,53,Yes    ,Yes              ,1,None   ,7,No             ,Yes           ,0.0,0,39.79,119.84,Medium,8,0,8,NotResolved
0895-DQHEW,Male  ,0,Yes    ,No        ,54,Yes         ,Yes             ,Fiber optic    ,No                 ,Yes                ,Yes                ,Month-to-month,Yes             ,Electronic check         ,104.3,California,Burney                ,40.946785,-121.719489,47,Yes    ,Yes              ,1,None   ,23,Yes            ,Yes           ,11.45,0,1914.84,7181.54,Low,7,0,7,Resolved
2303-PJYHN,Female,0,Yes    ,No        ,2,Yes         ,No              ,No             ,No internet service,No internet service,No internet service,Month-to-month,No              ,Bank transfer (automatic),19.85,California,Los Angeles           ,34.039224,-118.266293,27,Yes    ,Yes              ,8,Offer E,0,No             ,No            ,0.0,0,72.1,124.1,High,8,1,9,Resolved
7643-RCHXS,Female,0,Yes    ,Yes       ,63,Yes         ,No              ,No             ,No internet service,No internet service,No internet service,Two year      ,No              ,Electronic check         ,19.35,California,Montgomery Creek      ,40.877552,-121.885884,31,Yes    ,No               ,0,Offer B,0,No             ,No            ,0.0,0,2635.92,3899.77,High,0,3,3,Resolved
6285-FTQBF,Male  ,0,Yes    ,Yes       ,72,Yes         ,Yes             ,No             ,No internet service,No internet service,No internet service,Two year      ,No              ,Credit card (automatic)  ,25.55,California,Hawthorne             ,33.914775,-118.348083,53,Yes    ,Yes              ,4,Offer A,0,No             ,No            ,0.0,0,2651.04,4518.74,High,0,5,5,Resolved
0618-XWMSS,Male  ,0,No     ,Yes       ,28,Yes         ,No              ,Fiber optic    ,No                 ,No                 ,No                 ,Month-to-month,Yes             ,Bank transfer (automatic),74.9,California,Wasco                 ,35.652242,-119.4464,60,No     ,No               ,0,Offer C,5,No             ,Yes           ,0.0,0,1239.84,3308.3900000000003,Low,9,1,10,NotResolved
5515-IDEJJ,Male  ,0,Yes    ,Yes       ,1,Yes         ,No              ,No             ,No internet service,No internet service,No internet service,Month-to-month,No              ,Mailed check             ,19.9,California,Angelus Oaks          ,34.1678,-116.86433,46,Yes    ,Yes              ,4,Offer E,0,No             ,No            ,0.0,0,45.77,65.67,Low,6,0,6,Resolved
4355-CVPVS,Female,0,Yes    ,Yes       ,56,Yes         ,No              ,Fiber optic    ,No                 ,Yes                ,Yes                ,One year      ,No              ,Bank transfer (automatic),88.9,California,California Hot Springs,35.865795,-118.69759,49,Yes    ,Yes              ,4,None   ,28,Yes            ,Yes           ,0.0,0,726.32,5694.32,High,7,1,8,Resolved
7271-AJDTL,Female,0,Yes    ,No        ,55,Yes         ,Yes             ,Fiber optic    ,No                 ,Yes                ,No                 ,Month-to-month,Yes             ,Credit card (automatic)  ,94.45,California,Sacramento            ,38.574856,-121.46504,64,Yes    ,Yes              ,1,None   ,16,No             ,Yes           ,0.0,0,1903.55,6976.650000000001,High,1,6,7,Resolved
3009-JWMPU,Male  ,0,No     ,No        ,62,Yes         ,Yes             ,Fiber optic    ,No                 ,Yes                ,Yes                ,One year      ,Yes             ,Electronic check         ,96.75,California,Five Points           ,36.397745,-120.119911,58,No     ,No               ,0,Offer B,9,Yes            ,Yes           ,0.0,0,1403.68,7529.08,Low,9,1,10,NotResolved
5392-AKEMH,Female,0,No     ,No        ,12,Yes         ,No              ,DSL            ,No                 ,No                 ,No                 ,Month-to-month,Yes             ,Electronic check         ,45.05,California,Vista                 ,33.17494,-117.242761,50,No     ,No               ,0,None   ,12,No             ,Yes           ,0.0,0,374.64,897.74,High,1,4,5,Resolved
6339-RZCBJ,Male  ,0,No     ,No        ,48,Yes         ,No              ,DSL            ,Yes                ,Yes                ,Yes                ,Two year      ,No              ,Credit card (automatic)  ,78.9,California,Colton                ,34.030915,-117.273201,45,No     ,No               ,0,None   ,10,Yes            ,Yes           ,0.0,0,172.32,3943.82,High,0,5,5,Resolved
2428-HYUNX,Male  ,1,Yes    ,No        ,44,Yes         ,No              ,No             ,No internet service,No internet service,No internet service,Two year      ,Yes             ,Credit card (automatic)  ,19.35,California,San Francisco         ,37.794487,-122.42227,74,Yes    ,Yes              ,4,None   ,0,No             ,No            ,0.0,0,83.16,930.41,High,0,5,5,Resolved
1670-SVOWZ,Female,0,Yes    ,Yes       ,14,Yes         ,No              ,Fiber optic    ,Yes                ,No                 ,Yes                ,Month-to-month,Yes             ,Credit card (automatic)  ,89.65,California,Mira Loma             ,33.999992,-117.535395,57,Yes    ,Yes              ,1,Offer D,3,Yes            ,No            ,0.0,120,106.68,1435.03,Low,9,1,10,NotResolved
5627-TVBPP,Female,0,No     ,Yes       ,35,Yes         ,No              ,No             ,No internet service,No internet service,No internet service,One year      ,Yes             ,Credit card (automatic)  ,20.1,California,Big Bear Lake         ,34.242058,-116.89802,44,No     ,No               ,0,None   ,0,No             ,No            ,0.0,0,893.1999999999999,1537.6999999999998,High,7,1,8,NotResolved
8237-ULIXL,Female,0,Yes    ,No        ,72,Yes         ,Yes             ,No             ,No internet service,No internet service,No internet service,Two year      ,No              ,Credit card (automatic)  ,24.85,California,San Francisco         ,37.74441,-122.486764,21,Yes    ,Yes              ,1,Offer A,0,No             ,No            ,0.0,0,955.44,2827.29,Medium,7,1,8,Resolved
9618-LFJRU,Female,0,No     ,No        ,4,Yes         ,No              ,No             ,No internet service,No internet service,No internet service,Month-to-month,No              ,Credit card (automatic)  ,20.45,California,Inglewood             ,33.936291,-118.332639,31,No     ,No               ,0,None   ,0,No             ,No            ,0.0,0,12.2,95.05,High,0,5,5,Resolved
5382-TEMLV,Male  ,0,No     ,No        ,45,Yes         ,No              ,DSL            ,No                 ,No                 ,No                 ,Month-to-month,Yes             ,Bank transfer (automatic),50.9,California,Lindsay               ,36.205465,-119.085807,45,No     ,No               ,0,None   ,16,No             ,Yes           ,0.0,0,872.5500000000001,3171.1000000000004,Medium,7,0,7,NotResolved
6917-YACBP,Female,1,No     ,No        ,59,Yes         ,Yes             ,Fiber optic    ,No                 ,No                 ,No                 ,Month-to-month,Yes             ,Electronic check         ,89.75,California,Big Sur               ,36.092975,-121.549826,80,No     ,No               ,0,Offer B,5,No             ,Yes           ,0.0,0,1508.63,7005.53,Medium,7,0,7,Resolved
3070-FNFZQ,Female,0,Yes    ,Yes       ,23,Yes         ,No              ,No             ,No internet service,No internet service,No internet service,Two year      ,No              ,Bank transfer (automatic),20.4,California,Happy Camp            ,41.831901,-123.487478,48,Yes    ,Yes              ,1,Offer D,0,No             ,No            ,0.0,0,910.57,1389.3200000000002,High,1,4,5,Resolved
7661-CPURM,Male  ,0,No     ,No        ,19,Yes         ,No              ,Fiber optic    ,Yes                ,No                 ,Yes                ,One year      ,Yes             ,Credit card (automatic)  ,87.7,California,Alhambra              ,34.074736,-118.145959,49,No     ,No               ,0,Offer D,2,Yes            ,Yes           ,0.0,0,819.09,2545.04,Medium,7,0,7,Resolved
1621-YNCJH,Female,0,Yes    ,No        ,36,Yes         ,Yes             ,Fiber optic    ,Yes                ,No                 ,Yes                ,Two year      ,Yes             ,Credit card (automatic)  ,106.05,California,Sacramento            ,38.475465,-121.443625,54,Yes    ,Yes              ,4,None   ,18,Yes            ,No            ,0.0,50,692.64,4577.04,Medium,0,3,3,NotResolved
5442-XSDCW,Male  ,0,Yes    ,Yes       ,11,Yes         ,No              ,Fiber optic    ,No                 ,Yes                ,No                 ,Month-to-month,Yes             ,Bank transfer (automatic),79.5,California,Tahoe City            ,39.178337,-120.162806,61,Yes    ,Yes              ,1,Offer D,19,No             ,No            ,0.0,50,146.63,1065.13,Low,6,1,7,Resolved
3859-CVCET,Female,0,No     ,No        ,4,Yes         ,No              ,DSL            ,No                 ,No                 ,No                 ,Month-to-month,No              ,Mailed check             ,45.65,California,Lindsay               ,36.205465,-119.085807,47,No     ,No               ,0,None   ,27,No             ,Yes           ,0.0,0,181.6,372.65,Low,7,0,7,Resolved
3211-ILJTT,Male  ,0,Yes    ,No        ,17,Yes         ,No              ,Fiber optic    ,No                 ,No                 ,No                 ,Month-to-month,Yes             ,Bank transfer (automatic),70.4,California,Taft                  ,35.184837,-119.402525,35,Yes    ,Yes              ,1,None   ,11,No             ,Yes           ,0.0,0,232.56,1446.61,Low,6,0,6,Resolved
6304-IJFSQ,Male  ,0,No     ,No        ,3,Yes         ,No              ,DSL            ,No                 ,No                 ,No                 ,Month-to-month,Yes             ,Mailed check             ,49.9,California,Calipatria            ,33.143826,-115.497485,63,No     ,No               ,0,None   ,16,No             ,Yes           ,0.0,0,139.71,269.81,Medium,7,0,7,Resolved
6849-WLEYG,Male  ,0,No     ,Yes       ,1,Yes         ,No              ,No             ,No internet service,No internet service,No internet service,Month-to-month,No              ,Mailed check             ,19.75,California,Emeryville            ,37.83726,-122.287648,43,No     ,No               ,0,None   ,0,No             ,No            ,0.0,0,11.91,31.66,Medium,9,0,9,Resolved
3254-YRILK,Male  ,1,No     ,No        ,19,Yes         ,Yes             ,Fiber optic    ,No                 ,Yes                ,No                 ,Month-to-month,Yes             ,Electronic check         ,88.2,California,Dobbins               ,39.381174,-121.21191,74,No     ,No               ,0,Offer D,9,No             ,Yes           ,0.0,0,759.43,2535.23,Low,6,1,7,Resolved
6328-ZPBGN,Female,1,No     ,No        ,11,Yes         ,Yes             ,Fiber optic    ,No                 ,Yes                ,Yes                ,Month-to-month,Yes             ,Bank transfer (automatic),95.15,California,Riverbank             ,37.734971,-120.954271,67,No     ,No               ,0,None   ,22,Yes            ,Yes           ,0.0,0,39.82,1037.47,Low,7,0,7,NotResolved
6502-KUGLL,Female,0,Yes    ,Yes       ,14,Yes         ,No              ,DSL            ,Yes                ,No                 ,No                 ,Month-to-month,No              ,Bank transfer (automatic),59.45,California,El Monte              ,34.074492,-118.01462,29,Yes    ,Yes              ,4,Offer D,69,No             ,Yes           ,0.0,0,596.96,1377.81,Medium,0,3,3,Resolved
3882-IYOIJ,Female,0,Yes    ,Yes       ,60,Yes         ,Yes             ,Fiber optic    ,Yes                ,Yes                ,Yes                ,Two year      ,No              ,Credit card (automatic)  ,115.25,California,Yorba Linda           ,33.897253,-117.792202,41,Yes    ,Yes              ,1,Offer B,28,Yes            ,Yes           ,11.85,0,2599.8,9346.4,High,1,4,5,Resolved
0023-XUOPT,Female,0,Yes    ,No        ,13,Yes         ,Yes             ,Fiber optic    ,No                 ,Yes                ,No                 ,Month-to-month,No              ,Electronic check         ,94.1,California,Carnelian Bay         ,39.227434,-120.091806,26,Yes    ,Yes              ,1,None   ,52,No             ,Yes           ,0.0,0,566.28,1781.88,Low,7,1,8,Resolved
8677-HDZEE,Female,0,No     ,No        ,56,Yes         ,Yes             ,Fiber optic    ,Yes                ,Yes                ,Yes                ,Month-to-month,Yes             ,Bank transfer (automatic),105.45,California,Mountain Center       ,33.638645,-116.55783,42,No     ,No               ,0,Offer B,3,Yes            ,Yes           ,0.0,0,140.0,6056.95,Medium,0,6,6,Resolved
8749-TZYEC,Male  ,0,Yes    ,No        ,72,Yes         ,Yes             ,No             ,No internet service,No internet service,No internet service,Two year      ,No              ,Credit card (automatic)  ,24.8,California,Yorba Linda           ,33.884073,-117.732197,38,Yes    ,Yes              ,1,None   ,0,No             ,No            ,16.26,0,987.84,2845.88,Medium,7,1,8,Resolved
7240-ETPTR,Female,0,Yes    ,No        ,9,No          ,No phone service,DSL            ,No                 ,Yes                ,Yes                ,Month-to-month,Yes             ,Electronic check         ,48.75,California,Pope Valley           ,38.672708,-122.403219,51,Yes    ,Yes              ,1,None   ,10,Yes            ,No            ,0.0,10,0.0,452.2,Low,9,0,9,Resolved
5196-SGOAK,Female,0,No     ,No        ,1,Yes         ,No              ,Fiber optic    ,No                 ,No                 ,No                 ,Month-to-month,Yes             ,Electronic check         ,75.7,California,Caliente              ,35.358953,-118.527064,39,No     ,No               ,0,Offer E,21,No             ,Yes           ,0.0,0,9.05,84.75,Medium,9,0,9,Resolved
1732-VHUBQ,Female,1,Yes    ,Yes       ,47,Yes         ,No              ,Fiber optic    ,No                 ,No                 ,No                 ,Month-to-month,No              ,Bank transfer (automatic),70.55,California,Yosemite National Park,37.704267,-119.607001,73,Yes    ,Yes              ,1,None   ,26,No             ,Yes           ,26.99,0,1266.65,4548.91,Medium,8,1,9,Resolved
1135-LMECX,Female,0,No     ,No        ,1,Yes         ,No              ,No             ,No internet service,No internet service,No internet service,Month-to-month,No              ,Mailed check             ,19.85,California,Moreno Valley         ,33.88274,-117.224878,47,No     ,No               ,0,None   ,0,No             ,No            ,0.0,0,16.47,36.32,High,1,6,7,Resolved
5673-FSSMF,Female,0,No     ,No        ,1,Yes         ,Yes             ,DSL            ,No                 ,No                 ,Yes                ,Month-to-month,Yes             ,Electronic check         ,60.15,California,Delhi                 ,37.422961,-120.765493,19,No     ,No               ,0,Offer E,59,Yes            ,No            ,0.0,20,33.48,113.63,Medium,9,0,9,Resolved
9818-XQCUV,Female,0,No     ,No        ,2,Yes         ,No              ,No             ,No internet service,No internet service,No internet service,Month-to-month,No              ,Mailed check             ,20.35,California,Dunsmuir              ,41.212695,-122.392067,52,No     ,No               ,0,None   ,0,No             ,No            ,0.0,0,51.84,97.14,Medium,6,0,6,NotResolved
7218-HKQFK,Male  ,0,Yes    ,No        ,2,Yes         ,No              ,Fiber optic    ,Yes                ,Yes                ,Yes                ,Month-to-month,Yes             ,Electronic check         ,94.2,California,Homeland              ,33.761894,-117.120868,49,Yes    ,Yes              ,4,None   ,19,Yes            ,Yes           ,0.0,0,37.58,205.08,Low,7,1,8,Resolved
3612-YVGSJ,Female,0,Yes    ,No        ,71,Yes         ,Yes             ,No             ,No internet service,No internet service,No internet service,Two year      ,Yes             ,Credit card (automatic)  ,24.45,California,La Honda              ,37.285677,-122.224165,59,Yes    ,Yes              ,10,None   ,0,No             ,No            ,0.0,0,2343.0,4024.6,High,7,1,8,Resolved
9681-OXGVC,Female,0,No     ,No        ,5,Yes         ,Yes             ,Fiber optic    ,No                 ,Yes                ,Yes                ,Month-to-month,Yes             ,Electronic check         ,100.5,California,Laytonville           ,39.806141,-123.531098,54,No     ,No               ,0,None   ,29,Yes            ,Yes           ,0.0,0,141.0,655.0,Medium,8,1,9,NotResolved
5995-OIGLP,Male  ,0,No     ,No        ,12,Yes         ,No              ,DSL            ,Yes                ,No                 ,No                 ,Month-to-month,No              ,Mailed check             ,56.65,California,Port Costa            ,38.035707,-122.196821,42,No     ,No               ,0,None   ,10,No             ,Yes           ,0.0,0,95.64,750.49,Low,9,0,9,Resolved
3074-GQWYX,Male  ,0,No     ,No        ,5,Yes         ,Yes             ,Fiber optic    ,No                 ,No                 ,No                 ,Month-to-month,Yes             ,Bank transfer (automatic),75.9,California,San Diego             ,32.774046,-117.142454,30,No     ,No               ,0,None   ,59,No             ,Yes           ,0.0,0,234.4,592.15,Low,8,0,8,Resolved
8051-HJRLT,Female,1,No     ,No        ,1,Yes         ,No              ,Fiber optic    ,No                 ,No                 ,No                 ,Month-to-month,Yes             ,Electronic check         ,70.55,California,Wrightwood            ,34.358321,-117.618263,72,No     ,No               ,0,Offer E,13,No             ,Yes           ,0.0,0,18.2,88.75,Medium,8,1,9,Resolved
3658-KIBGF,Female,0,No     ,No        ,1,Yes         ,No              ,DSL            ,No                 ,No                 ,No                 ,Month-to-month,Yes             ,Electronic check         ,54.9,California,Los Angeles           ,34.137411,-118.328915,19,No     ,No               ,0,None   ,58,Yes            ,Yes           ,0.0,0,44.36,99.26,Low,8,1,9,Resolved
0436-TWFFZ,Female,0,No     ,No        ,67,Yes         ,Yes             ,DSL            ,Yes                ,Yes                ,Yes                ,Two year      ,Yes             ,Mailed check             ,85.25,California,Long Beach            ,33.864622,-118.179626,21,No     ,No               ,0,Offer A,41,Yes            ,Yes           ,1.31,0,583.57,6296.459999999999,High,6,0,6,Resolved
8740-XLHDR,Male  ,0,No     ,No        ,5,No          ,No phone service,DSL            ,Yes                ,No                 ,No                 ,Month-to-month,Yes             ,Mailed check             ,43.25,California,Greenwood             ,38.921333,-120.897718,30,No     ,No               ,0,None   ,59,No             ,Yes           ,0.0,0,0.0,219.0,Low,6,1,7,Resolved
2379-GYFLQ,Male  ,0,No     ,No        ,46,Yes         ,Yes             ,Fiber optic    ,No                 ,Yes                ,No                 ,One year      ,Yes             ,Credit card (automatic)  ,94.9,California,Oceanside             ,33.194742,-117.29032,31,No     ,No               ,0,None   ,22,No             ,Yes           ,24.08,0,1017.98,5416.849999999999,High,0,6,6,Resolved
4795-WRNVT,Female,0,No     ,No        ,40,Yes         ,No              ,DSL            ,No                 ,Yes                ,No                 ,Month-to-month,No              ,Mailed check             ,65.1,California,Pomona                ,34.067932,-117.785168,32,No     ,No               ,0,None   ,26,No             ,Yes           ,0.0,0,462.4,3048.4,Medium,1,6,7,Resolved
1066-JKSGK,Male  ,0,No     ,No        ,1,Yes         ,No              ,No             ,No internet service,No internet service,No internet service,Month-to-month,No              ,Mailed check             ,20.15,California,Los Angeles           ,34.066303,-118.435479,29,No     ,No               ,0,None   ,0,No             ,No            ,0.0,0,33.58,53.73,Low,9,1,10,Resolved
6641-XRPSU,Female,0,No     ,No        ,34,Yes         ,No              ,Fiber optic    ,No                 ,No                 ,No                 ,Month-to-month,Yes             ,Credit card (automatic)  ,70.0,California,San Lorenzo           ,37.676249,-122.132415,61,No     ,No               ,0,Offer C,21,No             ,Yes           ,11.0,0,158.44,2563.54,Low,9,0,9,Resolved
1746-TGTWV,Male  ,0,Yes    ,No        ,1,Yes         ,No              ,Fiber optic    ,No                 ,No                 ,No                 ,Month-to-month,No              ,Credit card (automatic)  ,75.35,California,Whittier              ,33.929704,-118.01208,32,Yes    ,Yes              ,1,Offer E,9,No             ,Yes           ,0.0,0,38.89,114.24,High,7,0,7,NotResolved
8043-PNYSD,Male  ,0,Yes    ,Yes       ,63,Yes         ,No              ,No             ,No internet service,No internet service,No internet service,Two year      ,No              ,Mailed check             ,19.55,California,Lakehead              ,40.883853,-122.418258,48,Yes    ,Yes              ,4,Offer B,0,No             ,No            ,0.0,0,672.21,1917.81,High,0,4,4,Resolved
8695-WDYEA,Male  ,0,No     ,No        ,1,Yes         ,No              ,DSL            ,No                 ,No                 ,No                 ,Month-to-month,No              ,Mailed check             ,51.25,California,Chico                 ,39.681488,-121.83721,32,No     ,No               ,0,None   ,26,No             ,Yes           ,0.0,0,39.3,90.55,High,1,6,7,NotResolved
4750-ZRXIU,Female,1,No     ,No        ,4,Yes         ,Yes             ,Fiber optic    ,No                 ,No                 ,Yes                ,Month-to-month,Yes             ,Electronic check         ,84.6,California,Palo Alto             ,37.386978,-122.177746,68,No     ,No               ,0,None   ,17,No             ,Yes           ,0.0,0,26.72,386.8200000000001,Low,8,1,9,Resolved
9777-WJJPR,Male  ,0,Yes    ,No        ,31,Yes         ,Yes             ,Fiber optic    ,No                 ,Yes                ,No                 ,Month-to-month,No              ,Credit card (automatic)  ,88.65,California,Sacramento            ,38.687367,-121.34848,46,Yes    ,Yes              ,9,None   ,12,No             ,Yes           ,0.0,0,922.87,3606.07,High,1,5,6,Resolved
9558-IHEZX,Female,0,No     ,No        ,71,Yes         ,Yes             ,Fiber optic    ,No                 ,Yes                ,Yes                ,Two year      ,Yes             ,Credit card (automatic)  ,106.75,California,Litchfield            ,40.507272,-120.338228,57,No     ,No               ,0,Offer A,10,Yes            ,Yes           ,0.0,0,208.03,7491.28,Medium,0,4,4,Resolved
8614-VGMMV,Female,0,No     ,No        ,15,Yes         ,Yes             ,DSL            ,No                 ,No                 ,No                 ,Month-to-month,Yes             ,Electronic check         ,49.1,California,Riverside             ,33.890046,-117.455583,33,No     ,No               ,0,None   ,26,No             ,Yes           ,0.0,0,145.65,825.1999999999999,Low,8,0,8,Resolved
9272-LSVYH,Male  ,0,No     ,No        ,10,Yes         ,No              ,Fiber optic    ,No                 ,No                 ,No                 ,Month-to-month,No              ,Mailed check             ,70.15,California,Courtland             ,38.311609,-121.554034,23,No     ,No               ,0,None   ,85,No             ,Yes           ,0.0,0,42.9,778.4,Medium,7,1,8,Resolved
8849-GYOKR,Female,0,Yes    ,No        ,54,Yes         ,Yes             ,Fiber optic    ,No                 ,Yes                ,Yes                ,One year      ,No              ,Bank transfer (automatic),106.55,California,Mineral               ,40.408796,-121.579609,59,Yes    ,Yes              ,2,None   ,21,Yes            ,Yes           ,0.0,0,476.82,6240.12,Low,9,0,9,Resolved
5995-LFTLE,Male  ,0,No     ,No        ,58,Yes         ,Yes             ,No             ,No internet service,No internet service,No internet service,Two year      ,Yes             ,Credit card (automatic)  ,25.3,California,Lower Lake            ,38.925545,-122.549083,39,No     ,No               ,0,None   ,0,No             ,No            ,0.0,0,2829.24,4303.59,High,0,4,4,Resolved
8887-IPQNC,Female,0,Yes    ,No        ,7,Yes         ,No              ,DSL            ,No                 ,No                 ,No                 ,Month-to-month,Yes             ,Mailed check             ,44.25,California,Manhattan Beach       ,33.889632,-118.39737,61,Yes    ,Yes              ,4,None   ,24,No             ,No            ,0.0,0,220.01,533.46,High,1,6,7,Resolved
8738-JOKAR,Female,0,No     ,No        ,42,Yes         ,No              ,DSL            ,Yes                ,No                 ,Yes                ,One year      ,Yes             ,Mailed check             ,67.7,California,Covina                ,34.097345,-117.906736,55,No     ,No               ,0,None   ,20,Yes            ,Yes           ,0.0,0,1651.44,4533.6900000000005,High,0,4,4,Resolved
7854-FOKSF,Male  ,0,No     ,No        ,1,No          ,No phone service,DSL            ,No                 ,No                 ,Yes                ,Month-to-month,No              ,Electronic check         ,35.9,California,Rosamond              ,34.903052,-118.411251,54,No     ,No               ,0,Offer E,29,Yes            ,Yes           ,0.0,0,0.0,35.9,Low,9,0,9,Resolved
5855-EIBDE,Female,0,Yes    ,No        ,49,Yes         ,Yes             ,Fiber optic    ,Yes                ,No                 ,Yes                ,Two year      ,No              ,Credit card (automatic)  ,106.65,California,Orangevale            ,38.689174,-121.218435,35,Yes    ,Yes              ,10,None   ,12,Yes            ,Yes           ,0.0,0,1992.83,7167.18,High,0,6,6,Resolved
2027-OAQQC,Female,0,No     ,No        ,43,No          ,No phone service,DSL            ,No                 ,Yes                ,Yes                ,Month-to-month,Yes             ,Bank transfer (automatic),49.05,California,Aptos                 ,37.013471,-121.877877,64,No     ,No               ,0,Offer B,12,Yes            ,Yes           ,20.29,0,0.0,2055.91,Low,9,0,9,Resolved
5118-MUEYH,Female,0,Yes    ,No        ,48,Yes         ,Yes             ,Fiber optic    ,Yes                ,Yes                ,Yes                ,Month-to-month,Yes             ,Credit card (automatic)  ,105.1,California,Grand Terrace         ,34.029175,-117.307211,22,Yes    ,Yes              ,4,Offer B,51,Yes            ,Yes           ,0.0,0,1884.0,6967.55,Medium,0,5,5,NotResolved
5287-QWLKY,Male  ,1,Yes    ,Yes       ,71,Yes         ,Yes             ,Fiber optic    ,No                 ,Yes                ,Yes                ,Month-to-month,Yes             ,Credit card (automatic)  ,105.1,California,Big Pine              ,37.245505,-118.062943,79,Yes    ,Yes              ,1,None   ,8,Yes            ,Yes           ,0.0,0,3170.86,10718.96,Low,6,0,6,NotResolved
6161-UUUTA,Male  ,1,No     ,No        ,3,Yes         ,No              ,Fiber optic    ,No                 ,Yes                ,No                 ,Month-to-month,Yes             ,Electronic check         ,79.9,California,Stockton              ,37.902422,-121.440029,77,No     ,No               ,0,None   ,3,No             ,Yes           ,0.0,0,8.94,269.84,Low,9,0,9,Resolved
3096-IZETN,Female,0,No     ,No        ,12,Yes         ,No              ,Fiber optic    ,No                 ,No                 ,Yes                ,Month-to-month,No              ,Bank transfer (automatic),78.1,California,Lomita                ,33.794209,-118.317354,32,No     ,No               ,0,Offer D,18,Yes            ,Yes           ,0.0,0,510.6,1457.9,Medium,8,1,9,Resolved
6885-PKOAM,Female,0,Yes    ,No        ,71,Yes         ,Yes             ,DSL            ,Yes                ,Yes                ,Yes                ,Two year      ,No              ,Credit card (automatic)  ,85.75,California,San Marcos            ,33.162624,-117.170863,59,Yes    ,Yes              ,3,None   ,18,Yes            ,Yes           ,4.6,0,2178.28,8397.48,Medium,1,6,7,Resolved
3146-MSEGF,Female,1,Yes    ,Yes       ,72,Yes         ,Yes             ,DSL            ,Yes                ,Yes                ,Yes                ,Two year      ,Yes             ,Credit card (automatic)  ,88.05,California,Paramount             ,33.897122,-118.164432,71,Yes    ,Yes              ,1,Offer A,6,Yes            ,Yes           ,0.0,0,1474.56,7900.209999999999,Medium,1,1,2,Resolved
6131-FOYAS,Male  ,0,No     ,No        ,35,Yes         ,Yes             ,DSL            ,No                 ,No                 ,No                 ,Month-to-month,Yes             ,Electronic check         ,59.6,California,San Lorenzo           ,37.676249,-122.132415,48,No     ,No               ,0,None   ,16,No             ,Yes           ,0.0,0,721.35,2816.25,Medium,0,3,3,Resolved
5980-BDHPY,Male  ,0,Yes    ,No        ,72,Yes         ,Yes             ,DSL            ,Yes                ,Yes                ,Yes                ,Two year      ,Yes             ,Bank transfer (automatic),87.1,California,Wendel                ,40.345949,-120.081187,48,Yes    ,Yes              ,5,None   ,26,Yes            ,Yes           ,0.0,0,865.4399999999999,7095.54,Medium,7,0,7,Resolved
1043-UXOVO,Female,0,No     ,No        ,71,Yes         ,Yes             ,Fiber optic    ,Yes                ,Yes                ,Yes                ,Two year      ,Yes             ,Credit card (automatic)  ,113.15,California,Sacramento            ,38.490508,-121.284171,25,No     ,No               ,0,Offer A,76,Yes            ,Yes           ,0.0,0,2016.4,10009.7,Medium,1,4,5,Resolved
3719-TDVQB,Female,1,Yes    ,No        ,54,Yes         ,No              ,No             ,No internet service,No internet service,No internet service,Two year      ,Yes             ,Mailed check             ,18.95,California,Ripon                 ,37.750778,-121.13238,68,Yes    ,Yes              ,3,None   ,0,No             ,No            ,0.0,0,1292.76,2323.86,High,1,3,4,Resolved
4640-UHDOS,Female,0,Yes    ,Yes       ,13,Yes         ,No              ,DSL            ,No                 ,No                 ,Yes                ,Month-to-month,No              ,Electronic check         ,55.95,California,Phelan                ,34.441123,-117.537886,60,Yes    ,Yes              ,3,Offer D,27,Yes            ,Yes           ,0.0,0,247.65,982.0,Low,9,1,10,Resolved
7055-JCGNI,Female,0,No     ,No        ,70,Yes         ,Yes             ,Fiber optic    ,Yes                ,Yes                ,Yes                ,Two year      ,Yes             ,Credit card (automatic)  ,111.95,California,Moss Beach            ,37.515556,-122.502311,60,No     ,No               ,0,Offer A,26,Yes            ,Yes           ,0.0,0,3119.9,10915.85,High,1,3,4,Resolved
5840-NVDCG,Female,0,Yes    ,Yes       ,16,Yes         ,No              ,DSL            ,Yes                ,No                 ,Yes                ,Two year      ,No              ,Bank transfer (automatic),68.25,California,Pacoima               ,34.255442,-118.421314,32,Yes    ,Yes              ,10,None   ,30,Yes            ,Yes           ,0.0,0,321.92,1436.77,Medium,1,5,6,NotResolved
5788-YPOEG,Female,0,Yes    ,Yes       ,34,Yes         ,No              ,DSL            ,Yes                ,Yes                ,Yes                ,Two year      ,No              ,Mailed check             ,84.75,California,Pebble Beach          ,36.587497,-121.944815,41,Yes    ,Yes              ,9,Offer C,16,Yes            ,Yes           ,0.0,0,309.06,3148.51,Medium,0,6,6,Resolved
8761-NSOBC,Male  ,0,No     ,No        ,44,Yes         ,No              ,Fiber optic    ,Yes                ,Yes                ,Yes                ,Month-to-month,No              ,Electronic check         ,100.55,California,Gridley               ,39.346898,-121.759537,41,No     ,No               ,0,None   ,23,Yes            ,Yes           ,0.0,0,1888.48,6286.629999999999,Low,8,0,8,Resolved
1502-XFCVR,Female,0,No     ,No        ,58,Yes         ,No              ,Fiber optic    ,No                 ,Yes                ,Yes                ,One year      ,Yes             ,Electronic check         ,106.45,California,Los Angeles           ,34.088017,-118.327168,57,No     ,No               ,0,Offer B,12,Yes            ,Yes           ,0.0,0,869.42,7015.27,Low,8,1,9,Resolved
1934-SJVJK,Male  ,0,No     ,No        ,1,Yes         ,No              ,No             ,No internet service,No internet service,No internet service,Month-to-month,No              ,Mailed check             ,20.15,California,Smith River           ,41.950683,-124.097094,35,No     ,No               ,0,Offer E,0,No             ,No            ,0.0,0,40.51,60.66,Low,7,0,7,Resolved
5130-IEKQT,Male  ,1,No     ,No        ,25,Yes         ,Yes             ,Fiber optic    ,No                 ,Yes                ,Yes                ,Month-to-month,No              ,Mailed check             ,105.95,California,San Francisco         ,37.794487,-122.42227,73,No     ,No               ,0,Offer C,22,No             ,Yes           ,0.0,0,1158.5,3813.75,Low,10,0,10,Resolved
8999-XXGNS,Female,1,Yes    ,No        ,72,Yes         ,Yes             ,Fiber optic    ,No                 ,Yes                ,Yes                ,One year      ,Yes             ,Credit card (automatic)  ,105.75,California,Healdsburg            ,38.618347,-122.908422,70,Yes    ,Yes              ,7,Offer A,16,Yes            ,No            ,0.0,80,1306.8,9016.65,High,1,6,7,Resolved
2789-CZANW,Female,0,Yes    ,Yes       ,64,Yes         ,Yes             ,Fiber optic    ,Yes                ,Yes                ,Yes                ,Two year      ,No              ,Bank transfer (automatic),110.3,California,Dublin                ,37.713926,-121.928425,49,Yes    ,Yes              ,7,Offer B,23,Yes            ,Yes           ,0.0,0,1354.24,8351.54,Medium,0,5,5,Resolved
7560-QRBXH,Female,0,No     ,Yes       ,48,Yes         ,No              ,No             ,No internet service,No internet service,No internet service,One year      ,No              ,Mailed check             ,19.95,California,Woodland              ,38.71967,-121.862416,32,No     ,No               ,0,None   ,0,No             ,No            ,0.0,0,441.12,1377.8200000000002,Medium,0,3,3,Resolved
9039-RBEEE,Male  ,0,No     ,No        ,39,No          ,No phone service,DSL            ,Yes                ,Yes                ,No                 ,Month-to-month,Yes             ,Credit card (automatic)  ,48.95,California,Santa Clara           ,37.351214,-121.952417,27,No     ,No               ,0,None   ,48,No             ,Yes           ,0.0,0,0.0,1880.85,Low,8,1,9,Resolved
4139-DETXS,Female,0,Yes    ,Yes       ,72,No          ,No phone service,DSL            ,Yes                ,Yes                ,Yes                ,Two year      ,No              ,Bank transfer (automatic),64.45,California,Needles               ,34.711224,-114.702256,53,Yes    ,No               ,0,Offer A,6,Yes            ,Yes           ,0.0,0,0.0,4528.0,High,0,5,5,Resolved
6646-QVXLR,Male  ,1,Yes    ,No        ,62,Yes         ,Yes             ,Fiber optic    ,No                 ,Yes                ,Yes                ,One year      ,Yes             ,Electronic check         ,103.75,California,Napa                  ,38.489789,-122.27011,77,Yes    ,Yes              ,1,None   ,16,Yes            ,Yes           ,0.0,0,440.82,6824.17,Low,9,0,9,Resolved
8058-INTPH,Female,0,No     ,No        ,1,Yes         ,No              ,Fiber optic    ,No                 ,Yes                ,No                 ,Month-to-month,Yes             ,Electronic check         ,79.65,California,Oceanside             ,33.194742,-117.29032,57,No     ,No               ,0,None   ,5,No             ,Yes           ,0.0,0,22.48,102.13,Medium,7,1,8,Resolved
0680-DFNNY,Male  ,0,Yes    ,No        ,15,Yes         ,Yes             ,Fiber optic    ,No                 ,Yes                ,Yes                ,Month-to-month,Yes             ,Electronic check         ,101.1,California,Winters               ,38.578604,-122.024579,62,Yes    ,Yes              ,1,None   ,29,Yes            ,Yes           ,0.0,0,610.5,2114.55,Low,9,0,9,NotResolved
0265-EDXBD,Male  ,1,Yes    ,No        ,32,Yes         ,Yes             ,Fiber optic    ,No                 ,No                 ,No                 ,Month-to-month,Yes             ,Electronic check         ,74.9,California,Mount Laguna          ,32.830852,-116.444601,76,Yes    ,Yes              ,2,Offer C,10,No             ,Yes           ,0.0,0,1514.88,3818.23,Low,6,0,6,Resolved
8999-BOHSE,Female,1,No     ,No        ,11,Yes         ,No              ,Fiber optic    ,No                 ,Yes                ,Yes                ,Month-to-month,No              ,Bank transfer (automatic),89.7,California,Gilroy                ,37.03889,-121.528955,68,No     ,No               ,0,None   ,27,No             ,Yes           ,0.0,0,43.56,1091.26,Low,8,0,8,NotResolved
3992-YWPKO,Female,0,No     ,No        ,6,Yes         ,Yes             ,Fiber optic    ,Yes                ,Yes                ,Yes                ,Month-to-month,Yes             ,Credit card (automatic)  ,109.9,California,Atwater               ,37.321233,-120.656354,55,No     ,No               ,0,Offer E,10,Yes            ,Yes           ,0.0,0,122.16,791.61,Low,6,0,6,Resolved
7142-HVGBG,Male  ,1,Yes    ,No        ,43,Yes         ,Yes             ,Fiber optic    ,No                 ,Yes                ,Yes                ,Month-to-month,Yes             ,Electronic check         ,103.0,California,Mount Laguna          ,32.830852,-116.444601,73,Yes    ,Yes              ,1,Offer B,26,No             ,Yes           ,0.0,0,749.49,5163.79,Low,9,0,9,Resolved
5939-XAIXZ,Female,0,No     ,No        ,19,Yes         ,Yes             ,DSL            ,No                 ,No                 ,No                 ,Month-to-month,Yes             ,Mailed check             ,56.1,California,Birds Landing         ,38.140719,-121.838298,54,No     ,No               ,0,Offer D,27,No             ,Yes           ,0.0,0,700.72,1734.62,Medium,1,3,4,Resolved
9845-PEEKO,Female,1,No     ,No        ,59,Yes         ,Yes             ,Fiber optic    ,No                 ,No                 ,No                 ,Two year      ,Yes             ,Credit card (automatic)  ,79.2,California,Brookdale             ,37.106902,-122.100006,71,No     ,No               ,0,None   ,2,No             ,Yes           ,0.0,0,361.67,4952.02,High,1,3,4,NotResolved
6655-LHBYW,Male  ,0,No     ,No        ,50,Yes         ,Yes             ,Fiber optic    ,Yes                ,Yes                ,Yes                ,One year      ,No              ,Credit card (automatic)  ,114.35,California,Glendora              ,34.14649,-117.849815,46,No     ,No               ,0,Offer B,21,Yes            ,No            ,0.0,10,990.0,6791.1,Medium,1,4,5,Resolved
2565-JSLRY,Male  ,0,No     ,No        ,1,Yes         ,Yes             ,No             ,No internet service,No internet service,No internet service,Month-to-month,Yes             ,Mailed check             ,24.05,California,Bakersfield           ,35.449881,-118.841442,21,No     ,No               ,0,None   ,0,No             ,No            ,0.0,0,20.26,44.31,Low,6,1,7,NotResolved
9206-GVPEQ,Male  ,0,Yes    ,No        ,13,No          ,No phone service,DSL            ,Yes                ,Yes                ,Yes                ,Month-to-month,Yes             ,Electronic check         ,54.45,California,Fresno                ,36.654614,-119.903674,28,Yes    ,Yes              ,1,None   ,71,Yes            ,Yes           ,0.0,0,0.0,706.85,Low,8,0,8,Resolved
4614-NUVZD,Female,0,No     ,No        ,1,Yes         ,No              ,Fiber optic    ,No                 ,No                 ,Yes                ,Month-to-month,Yes             ,Electronic check         ,81.1,California,Anaheim               ,33.848733,-117.788357,53,No     ,No               ,0,None   ,24,Yes            ,Yes           ,0.0,0,22.86,103.96,Medium,8,1,9,Resolved
1775-KWJKQ,Male  ,0,Yes    ,Yes       ,72,Yes         ,Yes             ,DSL            ,Yes                ,Yes                ,Yes                ,Two year      ,No              ,Credit card (automatic)  ,89.85,California,Santa Barbara         ,34.037342,-119.80079,41,Yes    ,Yes              ,5,None   ,9,Yes            ,Yes           ,12.55,0,1941.12,8491.47,High,0,6,6,Resolved
2189-WWOEW,Female,0,No     ,Yes       ,15,Yes         ,No              ,Fiber optic    ,No                 ,No                 ,Yes                ,Month-to-month,Yes             ,Bank transfer (automatic),85.9,California,Keene                 ,35.214982,-118.59049,37,No     ,No               ,0,None   ,13,Yes            ,Yes           ,0.0,0,369.45,1639.0,Medium,9,1,10,Resolved
2984-MIIZL,Male  ,0,No     ,No        ,4,Yes         ,No              ,Fiber optic    ,No                 ,No                 ,No                 ,Month-to-month,Yes             ,Bank transfer (automatic),74.8,California,Guadalupe             ,34.936,-120.594655,51,No     ,No               ,0,None   ,29,No             ,Yes           ,0.0,0,29.04,350.94,Low,7,1,8,Resolved
6734-JDTTV,Male  ,0,Yes    ,Yes       ,65,Yes         ,No              ,No             ,No internet service,No internet service,No internet service,Two year      ,Yes             ,Credit card (automatic)  ,19.85,California,Manton                ,40.426679,-121.850421,55,Yes    ,Yes              ,5,Offer B,0,No             ,No            ,0.0,0,2175.55,3442.5999999999995,Medium,0,6,6,Resolved
2482-CZGBB,Male  ,0,No     ,No        ,10,Yes         ,No              ,Fiber optic    ,No                 ,No                 ,No                 ,Month-to-month,Yes             ,Electronic check         ,70.0,California,Anaheim               ,33.818,-117.974404,41,No     ,No               ,0,None   ,27,No             ,Yes           ,0.0,0,272.8,1012.8,Low,6,1,7,Resolved
4092-OFQZS,Male  ,0,Yes    ,No        ,20,Yes         ,No              ,No             ,No internet service,No internet service,No internet service,One year      ,No              ,Mailed check             ,20.65,California,Manhattan Beach       ,33.889632,-118.39737,27,Yes    ,Yes              ,8,Offer D,0,No             ,No            ,0.0,0,929.4,1346.9,Medium,0,5,5,NotResolved
0603-TPMIB,Female,0,Yes    ,Yes       ,59,Yes         ,Yes             ,No             ,No internet service,No internet service,No internet service,Two year      ,No              ,Mailed check             ,25.45,California,San Simeon            ,35.746484,-121.223355,40,Yes    ,No               ,0,Offer B,0,No             ,No            ,0.0,0,2499.83,4033.88,High,1,4,5,NotResolved
0268-QKIWO,Female,0,No     ,No        ,3,Yes         ,No              ,No             ,No internet service,No internet service,No internet service,Month-to-month,No              ,Electronic check         ,19.75,California,Pilot Hill            ,38.803731,-121.043799,41,No     ,No               ,0,Offer E,0,No             ,No            ,0.0,0,73.89,132.74,Medium,8,1,9,Resolved
7056-IMHCC,Male  ,1,Yes    ,No        ,53,Yes         ,Yes             ,Fiber optic    ,No                 ,Yes                ,Yes                ,Month-to-month,Yes             ,Electronic check         ,101.9,California,Torrance              ,33.833699,-118.314387,69,Yes    ,Yes              ,1,Offer B,6,No             ,Yes           ,0.0,0,420.82,5970.219999999999,Low,9,0,9,Resolved
5380-WJKOV,Male  ,0,No     ,No        ,34,Yes         ,Yes             ,Fiber optic    ,No                 ,Yes                ,Yes                ,Month-to-month,Yes             ,Electronic check         ,106.35,California,Los Angeles           ,34.137412,-118.207607,51,No     ,No               ,0,Offer C,28,Yes            ,Yes           ,0.0,0,737.46,4286.71,Low,6,0,6,Resolved
5494-HECPR,Female,0,No     ,No        ,1,Yes         ,No              ,Fiber optic    ,No                 ,Yes                ,No                 ,Month-to-month,Yes             ,Electronic check         ,80.25,California,Mi Wuk Village        ,38.121601,-120.133915,34,No     ,No               ,0,Offer E,3,No             ,Yes           ,0.0,0,32.92,113.17,Low,6,1,7,Resolved
5173-WXOQV,Male  ,0,Yes    ,No        ,2,Yes         ,No              ,DSL            ,Yes                ,No                 ,Yes                ,Month-to-month,Yes             ,Mailed check             ,64.2,California,Dos Palos             ,37.045728,-120.630682,38,Yes    ,Yes              ,2,Offer E,26,Yes            ,No            ,0.0,30,8.82,182.47,High,1,6,7,Resolved
0137-OCGAB,Female,0,No     ,No        ,1,Yes         ,Yes             ,Fiber optic    ,No                 ,No                 ,No                 ,Month-to-month,Yes             ,Mailed check             ,80.2,California,Fairfield             ,38.287136,-122.02711,25,No     ,No               ,0,Offer E,69,No             ,Yes           ,0.0,0,1.23,81.43,Medium,9,1,10,Resolved
2969-VAPYH,Female,0,No     ,No        ,67,Yes         ,No              ,DSL            ,Yes                ,No                 ,No                 ,One year      ,No              ,Credit card (automatic)  ,60.5,California,Fresno                ,36.799648,-119.801247,28,No     ,No               ,0,Offer A,73,No             ,Yes           ,0.0,0,2411.33,6281.33,Medium,1,5,6,Resolved
8149-RSOUN,Female,0,No     ,No        ,1,Yes         ,Yes             ,Fiber optic    ,No                 ,Yes                ,Yes                ,Month-to-month,Yes             ,Electronic check         ,93.85,California,Dorris                ,41.949216,-122.050062,49,No     ,No               ,0,Offer E,12,Yes            ,Yes           ,0.0,0,16.15,110.0,Medium,7,1,8,Resolved
8075-GXIUB,Male  ,1,Yes    ,No        ,9,Yes         ,No              ,No             ,No internet service,No internet service,No internet service,One year      ,No              ,Credit card (automatic)  ,19.85,California,Spring Valley         ,32.730264,-116.950963,79,Yes    ,Yes              ,3,None   ,0,No             ,No            ,0.0,0,205.11,388.26,Medium,0,6,6,Resolved
0195-IESCP,Male  ,0,Yes    ,No        ,10,Yes         ,Yes             ,Fiber optic    ,No                 ,No                 ,Yes                ,Month-to-month,Yes             ,Electronic check         ,85.25,California,Armona                ,36.315979,-119.710852,26,Yes    ,Yes              ,1,Offer D,82,Yes            ,No            ,0.0,100,20.2,975.5,Medium,7,0,7,Resolved
8976-OQHGT,Female,0,Yes    ,Yes       ,4,Yes         ,No              ,DSL            ,Yes                ,No                 ,No                 ,Month-to-month,No              ,Mailed check             ,56.5,California,Lomita                ,33.794209,-118.317354,38,Yes    ,Yes              ,5,None   ,56,No             ,Yes           ,0.0,0,170.84,405.94,Low,9,0,9,NotResolved
8543-MSDMF,Male  ,0,No     ,No        ,3,Yes         ,No              ,DSL            ,No                 ,Yes                ,Yes                ,Month-to-month,Yes             ,Electronic check         ,77.4,California,Coachella             ,33.680031,-116.171678,36,No     ,No               ,0,Offer E,6,Yes            ,Yes           ,0.0,0,133.26,339.41,High,0,3,3,Resolved
2634-HCZGT,Male  ,1,Yes    ,No        ,53,Yes         ,Yes             ,DSL            ,Yes                ,No                 ,No                 ,One year      ,Yes             ,Electronic check         ,60.05,California,San Jose              ,37.327069,-121.916819,71,Yes    ,Yes              ,1,None   ,6,No             ,No            ,0.0,100,1148.51,4478.16,Low,7,0,7,Resolved
4873-ILOLJ,Male  ,0,No     ,No        ,24,Yes         ,No              ,Fiber optic    ,No                 ,Yes                ,Yes                ,Month-to-month,Yes             ,Electronic check         ,90.35,California,Sunol                 ,37.587494,-121.862856,64,No     ,No               ,0,None   ,23,Yes            ,Yes           ,0.0,0,779.76,3018.26,Low,6,0,6,Resolved
5385-SUIRI,Male  ,1,Yes    ,No        ,52,Yes         ,Yes             ,Fiber optic    ,No                 ,Yes                ,Yes                ,Month-to-month,Yes             ,Electronic check         ,104.2,California,Delhi                 ,37.422961,-120.765493,69,Yes    ,No               ,0,None   ,23,Yes            ,Yes           ,0.0,0,1955.2,7523.55,Low,6,1,7,Resolved
2955-BJZHG,Male  ,0,Yes    ,Yes       ,17,Yes         ,No              ,Fiber optic    ,No                 ,Yes                ,No                 ,Month-to-month,No              ,Electronic check         ,80.85,California,Apple Valley          ,34.424926,-117.184503,41,Yes    ,Yes              ,1,None   ,3,No             ,Yes           ,0.0,0,282.37,1683.2199999999998,Low,7,0,7,NotResolved
2990-OGYTD,Female,0,Yes    ,No        ,67,Yes         ,Yes             ,DSL            ,Yes                ,Yes                ,Yes                ,Two year      ,No              ,Bank transfer (automatic),86.15,California,Fullerton             ,33.879983,-117.895482,41,Yes    ,Yes              ,1,Offer A,23,Yes            ,Yes           ,0.0,0,214.4,6098.25,High,0,4,4,Resolved
6330-JKLPC,Male  ,0,Yes    ,No        ,11,Yes         ,Yes             ,Fiber optic    ,No                 ,No                 ,No                 ,Month-to-month,Yes             ,Bank transfer (automatic),80.5,California,Somis                 ,34.297628,-119.014627,42,Yes    ,Yes              ,3,Offer D,27,No             ,Yes           ,0.0,0,126.5,1023.4,Low,7,0,7,Resolved
6990-YNRIO,Male  ,0,Yes    ,Yes       ,65,Yes         ,Yes             ,Fiber optic    ,Yes                ,Yes                ,Yes                ,Two year      ,No              ,Bank transfer (automatic),108.65,California,Agoura Hills          ,34.129058,-118.759788,53,Yes    ,No               ,0,None   ,7,Yes            ,Yes           ,0.0,0,2722.2000000000003,9660.15,Low,7,0,7,Resolved
3296-SILRA,Female,1,Yes    ,No        ,1,Yes         ,No              ,Fiber optic    ,No                 ,No                 ,No                 ,Month-to-month,Yes             ,Mailed check             ,76.4,California,Lakeport              ,39.080469,-122.955176,76,Yes    ,Yes              ,6,None   ,6,No             ,Yes           ,0.0,0,41.16,117.56,Low,8,0,8,Resolved
3823-KYNQY,Male  ,0,No     ,No        ,12,Yes         ,Yes             ,No             ,No internet service,No internet service,No internet service,One year      ,No              ,Credit card (automatic)  ,24.95,California,Van Nuys              ,34.195685,-118.490752,61,No     ,No               ,0,Offer D,0,No             ,No            ,0.0,0,306.84000000000003,587.24,High,7,1,8,Resolved
1481-ZUWZA,Male  ,0,No     ,No        ,28,Yes         ,Yes             ,Fiber optic    ,No                 ,No                 ,Yes                ,Month-to-month,Yes             ,Credit card (automatic)  ,94.5,California,Klamath               ,41.572813,-124.035011,52,No     ,No               ,0,None   ,26,Yes            ,Yes           ,0.0,0,994.56,3653.96,Low,8,1,9,NotResolved
6691-CCIHA,Female,0,Yes    ,No        ,62,Yes         ,Yes             ,DSL            ,Yes                ,Yes                ,Yes                ,Two year      ,Yes             ,Electronic check         ,84.95,California,Joshua Tree           ,34.167236,-116.281511,46,Yes    ,Yes              ,1,Offer B,28,Yes            ,Yes           ,4.68,0,291.40000000000003,5437.27,High,0,4,4,Resolved
3621-CEOVK,Female,1,Yes    ,No        ,14,Yes         ,Yes             ,Fiber optic    ,No                 ,Yes                ,Yes                ,Month-to-month,Yes             ,Electronic check         ,100.2,California,Trinity Center        ,41.081847,-122.700545,71,Yes    ,Yes              ,1,None   ,19,No             ,Yes           ,0.0,0,658.14,2027.94,Low,9,0,9,Resolved
4102-HLENU,Female,0,Yes    ,No        ,67,Yes         ,Yes             ,DSL            ,No                 ,No                 ,No                 ,Two year      ,No              ,Mailed check             ,65.65,California,Auburn                ,38.912881,-121.082766,51,Yes    ,Yes              ,5,None   ,22,No             ,Yes           ,0.0,0,1529.61,5852.46,Medium,1,3,4,Resolved
6598-RFFVI,Male  ,0,No     ,No        ,2,Yes         ,No              ,No             ,No internet service,No internet service,No internet service,One year      ,No              ,Credit card (automatic)  ,19.3,California,San Bernardino        ,34.142747,-117.300864,56,No     ,No               ,0,None   ,0,No             ,No            ,0.0,0,31.58,59.88,Medium,9,1,10,NotResolved
3345-JHUEO,Male  ,0,No     ,No        ,4,Yes         ,No              ,No             ,No internet service,No internet service,No internet service,Month-to-month,Yes             ,Electronic check         ,20.2,California,Windsor               ,38.527297,-122.810044,29,No     ,No               ,0,None   ,0,No             ,No            ,0.0,0,186.12,241.82,Medium,0,5,5,Resolved
7587-RZNME,Male  ,0,No     ,No        ,3,Yes         ,No              ,DSL            ,No                 ,No                 ,No                 ,Month-to-month,Yes             ,Electronic check         ,43.3,California,Valencia              ,34.43987,-118.644609,23,No     ,No               ,0,Offer E,41,Yes            ,Yes           ,0.0,0,146.52,270.17,Medium,9,1,10,Resolved
4450-MDZFX,Male  ,0,Yes    ,Yes       ,60,Yes         ,Yes             ,Fiber optic    ,No                 ,No                 ,No                 ,Month-to-month,No              ,Bank transfer (automatic),74.35,California,Monrovia              ,34.1528,-118.000482,50,Yes    ,Yes              ,9,Offer B,57,No             ,Yes           ,0.0,0,2306.4,6759.7,High,0,3,3,Resolved
1024-VRZHF,Male  ,0,Yes    ,No        ,11,Yes         ,Yes             ,Fiber optic    ,No                 ,No                 ,No                 ,Month-to-month,Yes             ,Electronic check         ,74.95,California,Encinitas             ,33.054579,-117.25665,39,Yes    ,Yes              ,1,Offer D,30,No             ,Yes           ,0.0,0,237.38,1063.08,Low,7,1,8,Resolved
4077-CROMM,Female,0,Yes    ,Yes       ,31,Yes         ,Yes             ,Fiber optic    ,Yes                ,Yes                ,Yes                ,Month-to-month,Yes             ,Electronic check         ,104.2,California,Modesto               ,37.671806,-121.007575,51,Yes    ,Yes              ,4,None   ,13,Yes            ,Yes           ,17.01,0,115.63,3342.07,Low,6,1,7,Resolved
2267-FPIMA,Male  ,0,Yes    ,No        ,50,Yes         ,Yes             ,Fiber optic    ,No                 ,No                 ,Yes                ,Month-to-month,Yes             ,Credit card (automatic)  ,94.4,California,San Carlos            ,37.497915,-122.267361,27,Yes    ,Yes              ,1,Offer B,47,Yes            ,Yes           ,0.0,0,878.9999999999999,5793.9,High,1,3,4,Resolved
1092-WPIVQ,Female,0,Yes    ,Yes       ,18,Yes         ,Yes             ,No             ,No internet service,No internet service,No internet service,Two year      ,No              ,Mailed check             ,25.1,California,French Gulch          ,40.740138,-122.587476,33,Yes    ,Yes              ,2,Offer D,0,No             ,No            ,14.57,0,712.08,1125.96,High,0,6,6,NotResolved
1877-HKBQX,Female,0,No     ,No        ,11,Yes         ,No              ,DSL            ,Yes                ,No                 ,No                 ,One year      ,Yes             ,Mailed check             ,54.6,California,Cerritos              ,33.8681,-118.067402,21,No     ,No               ,0,Offer D,41,No             ,Yes           ,0.0,0,12.76,630.61,High,0,5,5,Resolved
7665-TOALD,Female,0,No     ,No        ,1,Yes         ,No              ,Fiber optic    ,No                 ,No                 ,No                 ,Month-to-month,Yes             ,Electronic check         ,69.6,California,Trona                 ,35.74837,-117.384948,25,No     ,No               ,0,None   ,59,Yes            ,Yes           ,0.0,0,14.19,83.78999999999999,Low,7,1,8,NotResolved
8565-CLBZW,Male  ,0,No     ,No        ,24,Yes         ,Yes             ,Fiber optic    ,No                 ,Yes                ,No                 ,Month-to-month,Yes             ,Mailed check             ,89.85,California,San Diego             ,32.716007,-117.117462,23,No     ,No               ,0,None   ,58,Yes            ,Yes           ,0.0,0,671.28,2836.33,Medium,9,0,9,NotResolved
3896-ZVNET,Female,0,Yes    ,Yes       ,24,Yes         ,Yes             ,No             ,No internet service,No internet service,No internet service,Two year      ,No              ,Mailed check             ,24.7,California,Gerber                ,40.03194,-122.176023,42,Yes    ,Yes              ,7,None   ,0,No             ,No            ,0.0,0,497.76,1069.51,Medium,0,6,6,Resolved
7776-QWNFX,Male  ,1,Yes    ,No        ,30,Yes         ,No              ,DSL            ,No                 ,No                 ,No                 ,Month-to-month,Yes             ,Bank transfer (automatic),50.4,California,Chino                 ,33.990646,-117.663025,71,Yes    ,Yes              ,1,None   ,29,No             ,Yes           ,0.0,0,139.5,1667.0,Medium,8,0,8,Resolved
0568-ONFPC,Male  ,0,Yes    ,Yes       ,5,Yes         ,Yes             ,No             ,No internet service,No internet service,No internet service,Month-to-month,Yes             ,Bank transfer (automatic),25.9,California,San Francisco         ,37.720498,-122.443119,34,Yes    ,Yes              ,1,Offer E,0,No             ,No            ,0.0,0,200.25,335.25,Low,8,0,8,Resolved
7596-LDUXP,Female,0,No     ,No        ,12,Yes         ,No              ,Fiber optic    ,No                 ,Yes                ,No                 ,One year      ,Yes             ,Credit card (automatic)  ,85.15,California,Rodeo                 ,38.027218,-122.23463,61,No     ,No               ,0,Offer D,19,No             ,Yes           ,0.0,0,191.64,1170.69,High,0,6,6,NotResolved
4759-TRPLW,Male  ,0,No     ,No        ,1,Yes         ,No              ,Fiber optic    ,No                 ,No                 ,No                 ,Month-to-month,No              ,Electronic check         ,70.4,California,Long Beach            ,33.778436,-118.118648,40,No     ,No               ,0,Offer E,15,No             ,Yes           ,0.0,0,29.63,100.03,Low,7,0,7,Resolved
8224-IVVPA,Female,0,No     ,No        ,27,Yes         ,No              ,DSL            ,No                 ,No                 ,No                 ,Month-to-month,Yes             ,Mailed check             ,56.7,California,Caliente              ,35.358953,-118.527064,35,No     ,No               ,0,None   ,9,No             ,Yes           ,0.0,0,680.6700000000001,2333.62,Medium,7,0,7,Resolved
6331-LWDTQ,Male  ,0,No     ,No        ,10,Yes         ,Yes             ,DSL            ,No                 ,Yes                ,Yes                ,Month-to-month,Yes             ,Credit card (automatic)  ,72.15,California,Rialto                ,34.156758,-117.404686,49,No     ,No               ,0,None   ,11,Yes            ,No            ,0.0,80,337.5,1211.75,Low,9,0,9,Resolved
5151-HQRDG,Male  ,0,Yes    ,No        ,37,Yes         ,Yes             ,DSL            ,No                 ,No                 ,No                 ,Month-to-month,Yes             ,Mailed check             ,55.05,California,Placerville           ,38.733714,-120.795213,57,Yes    ,Yes              ,6,None   ,10,No             ,Yes           ,0.0,0,1014.17,3044.92,High,1,3,4,NotResolved
1501-SGHBW,Male  ,0,No     ,No        ,2,Yes         ,No              ,DSL            ,No                 ,No                 ,No                 ,Month-to-month,No              ,Mailed check             ,45.85,California,Guatay                ,32.857946,-116.561917,34,No     ,No               ,0,None   ,16,No             ,Yes           ,0.0,0,39.04,120.04,Low,8,0,8,Resolved
3866-MDTUB,Female,0,No     ,No        ,2,Yes         ,No              ,DSL            ,No                 ,Yes                ,Yes                ,Month-to-month,Yes             ,Electronic check         ,70.75,California,Los Angeles           ,34.052842,-118.264495,64,No     ,No               ,0,None   ,10,Yes            ,Yes           ,0.0,0,53.86,200.76,Low,7,0,7,Resolved
6425-YQLLO,Female,1,Yes    ,No        ,66,Yes         ,Yes             ,Fiber optic    ,Yes                ,Yes                ,Yes                ,One year      ,Yes             ,Credit card (automatic)  ,105.95,California,Pinole                ,37.996462,-122.293716,68,Yes    ,Yes              ,1,None   ,11,No             ,Yes           ,0.0,0,1831.5,8806.75,Low,8,1,9,Resolved
9121-PHQSR,Male  ,1,Yes    ,No        ,16,Yes         ,Yes             ,Fiber optic    ,No                 ,Yes                ,No                 ,Month-to-month,Yes             ,Credit card (automatic)  ,85.05,California,Stratford             ,36.175255,-119.813805,69,Yes    ,Yes              ,6,Offer D,6,No             ,Yes           ,0.0,0,774.56,2165.71,High,8,0,8,Resolved
7801-CEDNV,Male  ,0,Yes    ,No        ,27,Yes         ,No              ,DSL            ,No                 ,No                 ,No                 ,One year      ,No              ,Credit card (automatic)  ,48.7,California,Inglewood             ,33.936827,-118.359824,33,Yes    ,Yes              ,10,None   ,5,No             ,Yes           ,0.0,0,243.27,1665.02,Medium,0,4,4,Resolved
1184-PJVDB,Male  ,0,Yes    ,No        ,10,Yes         ,No              ,Fiber optic    ,No                 ,Yes                ,No                 ,Month-to-month,Yes             ,Electronic check         ,79.95,California,Amador City           ,38.431407,-120.8421,38,Yes    ,Yes              ,1,None   ,4,No             ,Yes           ,0.0,0,113.0,970.2,Low,6,0,6,Resolved
4723-BEGSG,Male  ,0,Yes    ,No        ,72,Yes         ,Yes             ,DSL            ,Yes                ,Yes                ,Yes                ,Two year      ,No              ,Credit card (automatic)  ,86.65,California,Corona                ,33.833686,-117.513063,35,Yes    ,Yes              ,1,None   ,23,Yes            ,Yes           ,3.2,0,872.64,6963.6900000000005,Medium,6,1,7,Resolved
2575-GFSOE,Female,0,Yes    ,Yes       ,7,Yes         ,No              ,Fiber optic    ,No                 ,No                 ,No                 ,Month-to-month,Yes             ,Electronic check         ,69.0,California,Graton                ,38.434362,-122.86891,25,Yes    ,Yes              ,1,Offer E,73,Yes            ,Yes           ,0.0,0,62.64999999999999,569.55,Low,6,1,7,Resolved
8755-OGKNA,Female,0,Yes    ,Yes       ,57,Yes         ,No              ,No             ,No internet service,No internet service,No internet service,Two year      ,No              ,Bank transfer (automatic),19.5,California,Laton                 ,36.444232,-119.718285,33,Yes    ,Yes              ,5,Offer B,0,No             ,No            ,19.89,0,2401.98,3549.69,Medium,1,5,6,Resolved
8746-BFOAJ,Male  ,1,No     ,No        ,21,Yes         ,No              ,No             ,No internet service,No internet service,No internet service,One year      ,No              ,Bank transfer (automatic),20.5,California,Garden Grove          ,33.782955,-118.026456,79,No     ,No               ,0,None   ,0,No             ,No            ,0.0,0,487.83,917.38,High,6,0,6,Resolved
5914-XRFQB,Male  ,0,Yes    ,No        ,72,Yes         ,Yes             ,Fiber optic    ,Yes                ,Yes                ,Yes                ,Two year      ,Yes             ,Bank transfer (automatic),115.8,California,Caspar                ,39.361283,-123.784599,58,Yes    ,No               ,0,None   ,6,Yes            ,Yes           ,0.0,0,3104.64,11529.54,Medium,8,0,8,NotResolved
8822-KNBHV,Female,0,No     ,No        ,48,Yes         ,Yes             ,DSL            ,No                 ,Yes                ,Yes                ,One year      ,Yes             ,Credit card (automatic)  ,83.45,California,Los Angeles           ,34.00709,-118.258681,30,No     ,No               ,0,None   ,27,Yes            ,Yes           ,0.0,0,2184.48,6072.33,High,0,6,6,NotResolved
2197-OMWGI,Female,1,Yes    ,Yes       ,68,No          ,No phone service,DSL            ,No                 ,Yes                ,Yes                ,Two year      ,Yes             ,Electronic check         ,53.0,California,Los Angeles           ,34.043144,-118.251977,65,Yes    ,Yes              ,4,None   ,23,Yes            ,Yes           ,0.0,0,0.0,3656.25,High,0,4,4,Resolved
6457-GIRWB,Male  ,0,No     ,No        ,1,Yes         ,No              ,Fiber optic    ,No                 ,No                 ,No                 ,Month-to-month,Yes             ,Electronic check         ,69.35,California,Carlsbad              ,33.148116,-117.306043,57,No     ,No               ,0,None   ,26,No             ,Yes           ,0.0,0,22.03,91.38,Low,8,1,9,Resolved
9574-RKJIF,Male  ,0,Yes    ,Yes       ,30,Yes         ,Yes             ,Fiber optic    ,No                 ,Yes                ,No                 ,Month-to-month,Yes             ,Electronic check         ,94.4,California,Trabuco Canyon        ,33.631119,-117.567346,52,Yes    ,Yes              ,1,Offer C,6,No             ,No            ,0.0,80,865.5,3784.2,Low,7,0,7,Resolved
9526-JAWYF,Male  ,0,No     ,No        ,26,Yes         ,No              ,Fiber optic    ,No                 ,Yes                ,No                 ,Month-to-month,No              ,Electronic check         ,89.8,California,Blythe                ,33.674583,-114.71612,49,No     ,No               ,0,Offer C,25,No             ,Yes           ,0.0,0,162.24,2497.54,Low,7,1,8,Resolved
6437-UKHMV,Female,0,No     ,No        ,7,Yes         ,No              ,Fiber optic    ,No                 ,Yes                ,No                 ,Month-to-month,Yes             ,Electronic check         ,79.7,California,Moreno Valley         ,33.970661,-117.255039,31,No     ,No               ,0,None   ,16,No             ,Yes           ,0.0,0,202.44,788.49,Low,9,0,9,Resolved
1577-HKTFG,Female,0,Yes    ,No        ,30,Yes         ,No              ,No             ,No internet service,No internet service,No internet service,Month-to-month,No              ,Bank transfer (automatic),19.65,California,Elk Grove             ,38.434138,-121.30587,42,Yes    ,Yes              ,1,None   ,0,No             ,No            ,0.0,0,460.8,1116.65,Low,7,0,7,Resolved
4913-EHYUI,Male  ,1,Yes    ,Yes       ,56,Yes         ,Yes             ,Fiber optic    ,No                 ,Yes                ,Yes                ,One year      ,Yes             ,Bank transfer (automatic),104.55,California,Alpaugh               ,35.869626,-119.498771,80,Yes    ,No               ,0,Offer B,12,No             ,Yes           ,0.0,0,2732.8,8527.449999999999,Low,9,0,9,Resolved
7663-YJHSN,Female,0,Yes    ,No        ,72,Yes         ,Yes             ,Fiber optic    ,Yes                ,Yes                ,No                 ,Two year      ,Yes             ,Bank transfer (automatic),103.95,California,Moss Landing          ,36.863303,-121.781632,33,Yes    ,Yes              ,10,Offer A,8,No             ,No            ,0.0,70,3187.44,10814.34,Medium,1,6,7,Resolved
2276-YDAVZ,Female,0,No     ,No        ,3,Yes         ,Yes             ,Fiber optic    ,No                 ,No                 ,No                 ,Month-to-month,Yes             ,Credit card (automatic)  ,75.1,California,Wofford Heights       ,35.690535,-118.552784,63,No     ,No               ,0,Offer E,10,No             ,Yes           ,0.0,0,79.56,350.26,Medium,6,1,7,Resolved
7094-MSZAO,Male  ,0,Yes    ,Yes       ,10,Yes         ,No              ,No             ,No internet service,No internet service,No internet service,Month-to-month,Yes             ,Credit card (automatic)  ,20.05,California,Oakland               ,37.808731,-122.238708,55,Yes    ,Yes              ,7,None   ,0,No             ,No            ,0.0,0,138.3,356.8,High,0,3,3,NotResolved
7293-LSCDV,Female,0,Yes    ,Yes       ,60,Yes         ,No              ,No             ,No internet service,No internet service,No internet service,Two year      ,Yes             ,Credit card (automatic)  ,19.25,California,Santa Ana             ,33.719869,-117.907063,32,Yes    ,Yes              ,2,None   ,0,No             ,No            ,0.0,0,1420.8,2524.05,High,1,6,7,Resolved
4039-HEUNW,Male  ,1,Yes    ,No        ,36,Yes         ,Yes             ,Fiber optic    ,No                 ,Yes                ,Yes                ,Month-to-month,Yes             ,Electronic check         ,96.5,California,Irvine                ,33.716136,-117.752574,77,Yes    ,Yes              ,1,None   ,3,No             ,Yes           ,0.0,0,597.96,4034.06,Medium,8,1,9,Resolved
2273-QCKXA,Male  ,0,No     ,No        ,1,Yes         ,No              ,DSL            ,Yes                ,No                 ,No                 ,Month-to-month,No              ,Mailed check             ,49.05,California,Culver City           ,34.019323,-118.391902,39,No     ,No               ,0,None   ,5,No             ,Yes           ,0.0,0,25.77,74.82,Medium,0,4,4,Resolved
9174-IHETN,Female,0,No     ,Yes       ,50,Yes         ,No              ,Fiber optic    ,No                 ,No                 ,No                 ,Two year      ,No              ,Credit card (automatic)  ,70.35,California,Goodyears Bar         ,39.564113,-120.868836,45,No     ,No               ,0,Offer B,20,No             ,Yes           ,0.0,0,1805.5,5339.1,Medium,0,6,6,Resolved
5947-SGKCL,Female,0,Yes    ,Yes       ,15,Yes         ,Yes             ,Fiber optic    ,No                 ,Yes                ,Yes                ,Month-to-month,Yes             ,Bank transfer (automatic),105.35,California,San Marino            ,34.122671,-118.112911,19,Yes    ,Yes              ,6,Offer D,59,Yes            ,Yes           ,0.0,0,62.85000000000001,1622.1,Medium,6,0,6,Resolved
1984-FCOWB,Female,0,Yes    ,No        ,70,Yes         ,Yes             ,Fiber optic    ,Yes                ,Yes                ,Yes                ,One year      ,Yes             ,Electronic check         ,109.5,California,Templeton             ,35.536115,-120.739231,21,Yes    ,Yes              ,1,Offer A,59,Yes            ,No            ,0.0,150,2931.6000000000004,10756.15,Low,10,1,11,Resolved
1285-OKIPP,Male  ,0,No     ,No        ,1,Yes         ,No              ,Fiber optic    ,No                 ,No                 ,Yes                ,Month-to-month,No              ,Electronic check         ,79.9,California,Mission Hills         ,34.266389,-118.459744,62,No     ,No               ,0,None   ,21,Yes            ,Yes           ,0.0,0,23.2,103.1,Low,9,1,10,Resolved
5832-XKAES,Male  ,0,No     ,No        ,2,Yes         ,No              ,Fiber optic    ,No                 ,No                 ,No                 ,Month-to-month,Yes             ,Credit card (automatic)  ,69.8,California,Sierraville           ,39.559709,-120.345639,56,No     ,No               ,0,Offer E,27,No             ,Yes           ,0.0,0,75.44,210.14,Low,7,1,8,Resolved
2372-HWUHI,Male  ,0,No     ,No        ,2,Yes         ,No              ,DSL            ,No                 ,No                 ,No                 ,Month-to-month,No              ,Electronic check         ,44.35,California,Lakewood              ,33.840524,-118.148403,45,No     ,No               ,0,Offer E,3,No             ,Yes           ,0.0,0,93.68,174.93,Medium,7,1,8,NotResolved
5126-RCXYW,Male  ,0,Yes    ,Yes       ,54,No          ,No phone service,DSL            ,Yes                ,No                 ,Yes                ,Two year      ,No              ,Credit card (automatic)  ,46.0,California,Alhambra              ,34.074736,-118.145959,41,Yes    ,No               ,0,Offer B,19,Yes            ,No            ,0.0,90,0.0,2514.05,High,7,1,8,NotResolved
5982-FPVQN,Female,0,Yes    ,Yes       ,37,Yes         ,Yes             ,Fiber optic    ,No                 ,No                 ,Yes                ,Month-to-month,Yes             ,Electronic check         ,95.15,California,Camarillo             ,34.205504,-118.993111,40,Yes    ,Yes              ,2,None   ,15,Yes            ,Yes           ,0.0,0,1518.11,5050.96,Medium,1,3,4,NotResolved
3488-PGMQJ,Male  ,1,No     ,No        ,8,Yes         ,No              ,Fiber optic    ,No                 ,No                 ,No                 ,Month-to-month,Yes             ,Electronic check         ,74.5,California,Alpine                ,32.827184,-116.703729,66,No     ,No               ,0,None   ,7,No             ,Yes           ,0.0,0,14.24,620.79,Low,8,0,8,Resolved
3126-WQMGH,Female,0,Yes    ,No        ,49,Yes         ,Yes             ,DSL            ,No                 ,No                 ,No                 ,Month-to-month,Yes             ,Credit card (automatic)  ,52.15,California,Yorba Linda           ,33.884073,-117.732197,19,Yes    ,Yes              ,6,None   ,41,Yes            ,No            ,0.0,50,1392.5800000000002,4026.33,High,0,5,5,Resolved
4208-UFFGW,Male  ,1,No     ,No        ,2,Yes         ,No              ,DSL            ,No                 ,No                 ,No                 ,Month-to-month,No              ,Mailed check             ,44.95,California,Byron                 ,37.83323,-121.601461,80,No     ,No               ,0,Offer E,11,No             ,Yes           ,0.0,0,53.24,138.39,Low,8,0,8,Resolved
6840-RESVB,Male  ,0,Yes    ,Yes       ,24,Yes         ,Yes             ,DSL            ,Yes                ,Yes                ,Yes                ,One year      ,Yes             ,Mailed check             ,84.8,California,Adelanto              ,34.667815,-117.536183,38,Yes    ,Yes              ,1,Offer C,24,Yes            ,Yes           ,48.23,0,865.1999999999999,2807.47,Medium,0,6,6,NotResolved
6204-IEUXJ,Female,0,No     ,No        ,3,Yes         ,No              ,Fiber optic    ,Yes                ,No                 ,No                 ,Month-to-month,No              ,Credit card (automatic)  ,80.1,California,Yorba Linda           ,33.897253,-117.792202,30,No     ,No               ,0,Offer E,58,No             ,Yes           ,0.0,0,122.01,339.56,Medium,6,0,6,NotResolved
1352-VHKAJ,Male  ,0,Yes    ,Yes       ,27,Yes         ,Yes             ,DSL            ,Yes                ,Yes                ,Yes                ,Month-to-month,No              ,Bank transfer (automatic),71.6,California,Berkeley              ,37.878554,-122.26609,30,Yes    ,Yes              ,1,None   ,59,Yes            ,No            ,0.0,140,365.85,2462.95,High,0,6,6,Resolved
8917-FAEMR,Female,0,No     ,No        ,37,Yes         ,No              ,No             ,No internet service,No internet service,No internet service,Two year      ,No              ,Mailed check             ,19.85,California,Vallejo               ,38.104705,-122.247387,28,No     ,No               ,0,None   ,0,No             ,No            ,0.0,0,980.13,1764.38,Medium,1,3,4,Resolved
7269-JISCY,Female,0,No     ,No        ,55,Yes         ,No              ,DSL            ,No                 ,No                 ,No                 ,One year      ,No              ,Bank transfer (automatic),45.05,California,Los Alamitos          ,33.79499,-118.065591,48,No     ,No               ,0,None   ,5,No             ,Yes           ,0.0,0,1848.0,4310.6,Medium,1,4,5,NotResolved
2462-XIIJB,Male  ,0,No     ,No        ,5,Yes         ,Yes             ,Fiber optic    ,No                 ,Yes                ,No                 ,Month-to-month,Yes             ,Electronic check         ,92.5,California,Miranda               ,40.210895,-123.86,33,No     ,No               ,0,None   ,25,No             ,Yes           ,0.0,0,16.25,468.95,Low,7,0,7,Resolved
8295-KMENE,Female,0,Yes    ,Yes       ,59,Yes         ,Yes             ,DSL            ,Yes                ,Yes                ,No                 ,Two year      ,Yes             ,Mailed check             ,76.45,California,Newhall               ,34.370378,-118.504118,33,Yes    ,No               ,0,None   ,15,No             ,Yes           ,30.22,0,782.93,5272.21,High,0,3,3,Resolved
8402-OOOHJ,Female,0,No     ,No        ,41,Yes         ,No              ,No             ,No internet service,No internet service,No internet service,Two year      ,No              ,Mailed check             ,20.65,California,Buena Park            ,33.845706,-118.012204,53,No     ,No               ,0,None   ,0,No             ,No            ,0.0,0,1296.42,2131.57,High,1,6,7,Resolved
0420-BWTPW,Male  ,0,No     ,Yes       ,8,No          ,No phone service,DSL            ,No                 ,No                 ,No                 ,Month-to-month,No              ,Mailed check             ,25.5,California,Chula Vista           ,32.636792,-117.054989,40,No     ,No               ,0,None   ,16,No             ,Yes           ,0.0,0,0.0,215.2,Low,7,1,8,NotResolved
9677-AVKED,Female,0,No     ,Yes       ,53,Yes         ,Yes             ,DSL            ,Yes                ,Yes                ,Yes                ,One year      ,Yes             ,Electronic check         ,84.6,California,La Verne              ,34.144703,-117.770299,55,No     ,No               ,0,None   ,18,Yes            ,Yes           ,0.0,0,770.62,5220.37,High,6,0,6,Resolved
0621-CXBKL,Female,0,No     ,No        ,53,Yes         ,No              ,No             ,No internet service,No internet service,No internet service,Two year      ,No              ,Mailed check             ,18.7,California,Copperopolis          ,37.943954,-120.67108,62,No     ,No               ,0,Offer B,0,No             ,No            ,0.0,0,546.96,1552.66,High,1,6,7,Resolved
9103-TCIHJ,Female,0,No     ,No        ,15,Yes         ,Yes             ,DSL            ,No                 ,No                 ,No                 ,Month-to-month,Yes             ,Mailed check             ,55.7,California,Los Angeles           ,33.927254,-118.249826,60,No     ,No               ,0,Offer D,8,No             ,Yes           ,0.0,0,609.9,1509.6999999999998,Low,7,1,8,Resolved
3336-JORSO,Female,1,No     ,No        ,33,Yes         ,Yes             ,Fiber optic    ,Yes                ,Yes                ,Yes                ,Month-to-month,Yes             ,Electronic check         ,110.45,California,Hayward               ,37.656695,-122.048361,70,No     ,No               ,0,Offer C,25,Yes            ,No            ,0.0,70,568.92,4294.37,Low,8,0,8,NotResolved
5600-KTXFM,Male  ,0,Yes    ,Yes       ,2,Yes         ,No              ,Fiber optic    ,No                 ,No                 ,No                 ,Month-to-month,No              ,Mailed check             ,69.95,California,Ventura               ,34.278697,-119.167798,48,Yes    ,Yes              ,6,Offer E,19,No             ,Yes           ,0.0,0,58.2,202.1,Medium,1,5,6,Resolved
4091-TVOCN,Male  ,0,No     ,Yes       ,48,Yes         ,Yes             ,DSL            ,No                 ,Yes                ,Yes                ,One year      ,Yes             ,Credit card (automatic)  ,78.75,California,Potrero               ,32.619465,-116.593605,51,No     ,No               ,0,Offer B,6,Yes            ,No            ,0.0,40,121.44,3843.89,Medium,6,0,6,Resolved
6496-JDSSB,Female,0,No     ,No        ,8,Yes         ,No              ,Fiber optic    ,No                 ,Yes                ,No                 ,Month-to-month,Yes             ,Bank transfer (automatic),80.0,California,Oak Park              ,34.19225,-118.776874,24,No     ,No               ,0,None   ,73,No             ,Yes           ,0.0,0,319.36,943.96,High,0,3,3,Resolved
2840-XANRC,Male  ,1,Yes    ,No        ,24,Yes         ,No              ,Fiber optic    ,No                 ,Yes                ,Yes                ,Month-to-month,Yes             ,Electronic check         ,93.15,California,Del Mar               ,32.948262,-117.256086,77,Yes    ,Yes              ,1,Offer C,12,Yes            ,Yes           ,0.0,0,386.4,2617.4500000000003,Low,7,0,7,Resolved
3540-RZJYU,Female,0,No     ,No        ,15,Yes         ,No              ,Fiber optic    ,No                 ,Yes                ,No                 ,Month-to-month,No              ,Electronic check         ,86.2,California,Zenia                 ,40.170357,-123.417298,21,No     ,No               ,0,None   ,59,Yes            ,No            ,0.0,100,300.45000000000005,1670.65,Low,9,1,10,Resolved
0691-IFBQW,Female,1,No     ,No        ,46,Yes         ,Yes             ,Fiber optic    ,No                 ,Yes                ,Yes                ,One year      ,Yes             ,Electronic check         ,110.0,California,Biola                 ,36.798882,-120.019511,65,No     ,No               ,0,None   ,20,Yes            ,Yes           ,0.0,0,109.02,4983.820000000001,Low,8,0,8,Resolved
6752-APNJL,Male  ,0,Yes    ,Yes       ,42,Yes         ,No              ,DSL            ,No                 ,No                 ,No                 ,Month-to-month,No              ,Mailed check             ,54.5,California,Woodlake              ,36.464635,-119.094348,30,Yes    ,Yes              ,7,None   ,73,No             ,Yes           ,0.0,0,795.06,3096.21,High,0,6,6,Resolved
4929-BSTRX,Female,0,No     ,No        ,1,Yes         ,No              ,DSL            ,No                 ,Yes                ,No                 ,Month-to-month,Yes             ,Mailed check             ,53.55,California,Oxnard                ,34.223244,-119.18012,61,No     ,No               ,0,None   ,14,No             ,Yes           ,0.0,0,1.59,55.14,Low,7,1,8,Resolved
8603-IJWDN,Male  ,0,No     ,No        ,1,Yes         ,Yes             ,Fiber optic    ,No                 ,No                 ,Yes                ,Month-to-month,Yes             ,Electronic check         ,86.6,California,Pinole                ,37.996462,-122.293716,41,No     ,No               ,0,Offer E,18,Yes            ,Yes           ,0.0,0,5.43,92.03,Medium,9,1,10,Resolved
1320-HTRDR,Female,0,No     ,No        ,3,Yes         ,Yes             ,Fiber optic    ,No                 ,No                 ,No                 ,Month-to-month,Yes             ,Electronic check         ,75.5,California,Fellows               ,35.215731,-119.57013,30,No     ,No               ,0,Offer E,85,No             ,Yes           ,0.0,0,142.53,363.13,Low,7,1,8,Resolved
4851-BQDNX,Male  ,0,Yes    ,Yes       ,40,Yes         ,No              ,Fiber optic    ,No                 ,Yes                ,No                 ,One year      ,Yes             ,Electronic check         ,85.05,California,Oxnard                ,34.18454,-119.224666,56,Yes    ,Yes              ,5,None   ,22,No             ,Yes           ,38.15,0,576.4,3893.9,High,0,6,6,Resolved
7856-GANIL,Male  ,1,Yes    ,No        ,45,Yes         ,Yes             ,Fiber optic    ,Yes                ,Yes                ,No                 ,One year      ,Yes             ,Bank transfer (automatic),98.7,California,Irvine                ,33.703976,-117.824172,71,Yes    ,Yes              ,1,Offer B,20,No             ,Yes           ,0.0,0,107.1,4632.900000000001,Medium,6,0,6,Resolved
4522-XRWWI,Male  ,0,Yes    ,No        ,42,Yes         ,Yes             ,DSL            ,Yes                ,Yes                ,Yes                ,One year      ,No              ,Credit card (automatic)  ,80.45,California,Manton                ,40.426679,-121.850421,30,Yes    ,Yes              ,1,Offer B,82,Yes            ,Yes           ,0.0,0,727.02,4102.92,Medium,6,1,7,Resolved
8610-WFCJF,Female,0,Yes    ,Yes       ,49,Yes         ,Yes             ,Fiber optic    ,No                 ,Yes                ,Yes                ,Month-to-month,Yes             ,Electronic check         ,95.6,California,Palo Alto             ,37.45809,-122.115398,53,Yes    ,Yes              ,2,None   ,9,Yes            ,Yes           ,0.0,0,2431.8700000000003,7215.370000000001,Low,6,1,7,NotResolved
6298-QDFNH,Male  ,0,No     ,No        ,22,Yes         ,Yes             ,Fiber optic    ,No                 ,No                 ,No                 ,Month-to-month,Yes             ,Electronic check         ,79.35,California,Banning               ,33.936298,-116.849577,48,No     ,No               ,0,None   ,17,No             ,Yes           ,0.0,0,422.18,2152.53,Low,6,0,6,Resolved
1980-KXVPM,Female,1,No     ,No        ,3,Yes         ,Yes             ,Fiber optic    ,No                 ,No                 ,No                 ,Month-to-month,Yes             ,Credit card (automatic)  ,75.05,California,El Centro             ,32.770393,-115.60915,68,No     ,No               ,0,None   ,30,No             ,Yes           ,0.0,0,71.46000000000001,327.71000000000004,Low,8,0,8,Resolved
4013-TLDHQ,Male  ,0,No     ,No        ,19,Yes         ,No              ,Fiber optic    ,No                 ,No                 ,No                 ,Month-to-month,Yes             ,Electronic check         ,78.25,California,Berkeley              ,37.871416,-122.246597,59,No     ,No               ,0,Offer D,25,No             ,Yes           ,0.0,0,384.94000000000005,1875.89,Low,7,0,7,Resolved
4385-GZQXV,Female,1,No     ,No        ,16,Yes         ,No              ,Fiber optic    ,Yes                ,Yes                ,Yes                ,Month-to-month,Yes             ,Electronic check         ,94.45,California,Ontario               ,34.074087,-117.605618,68,No     ,No               ,0,Offer D,9,Yes            ,Yes           ,0.0,0,150.88,1662.08,Low,8,1,9,Resolved
7799-LGRDP,Female,0,No     ,No        ,43,Yes         ,Yes             ,No             ,No internet service,No internet service,No internet service,Two year      ,Yes             ,Credit card (automatic)  ,25.7,California,Lakewood              ,33.847755,-118.112532,42,No     ,No               ,0,None   ,0,No             ,No            ,0.0,0,1097.79,2285.99,High,7,1,8,Resolved
8644-XYTSV,Male  ,0,Yes    ,No        ,42,No          ,No phone service,DSL            ,No                 ,Yes                ,No                 ,Month-to-month,Yes             ,Bank transfer (automatic),40.15,California,Ballico               ,37.4695,-120.672724,37,Yes    ,Yes              ,1,Offer B,7,No             ,Yes           ,0.0,0,0.0,1626.05,High,6,1,7,Resolved
7472-EQOAV,Male  ,1,Yes    ,Yes       ,71,Yes         ,No              ,Fiber optic    ,No                 ,No                 ,No                 ,One year      ,Yes             ,Bank transfer (automatic),86.7,California,Laguna Niguel         ,33.529047,-117.701175,76,Yes    ,Yes              ,5,Offer A,19,No             ,Yes           ,0.0,0,2141.36,8320.710000000001,Medium,0,5,5,Resolved
9489-UTFKA,Male  ,1,Yes    ,No        ,8,Yes         ,No              ,DSL            ,No                 ,Yes                ,No                 ,Month-to-month,No              ,Bank transfer (automatic),60.9,California,Travis Afb            ,38.265899,-121.939461,76,Yes    ,Yes              ,9,Offer E,23,No             ,Yes           ,16.58,0,179.2,714.5699999999999,Medium,0,3,3,Resolved
8660-BUETV,Female,0,No     ,No        ,3,Yes         ,No              ,DSL            ,No                 ,No                 ,No                 ,Month-to-month,No              ,Mailed check             ,44.75,California,Riverside             ,33.994676,-117.372498,37,No     ,No               ,0,None   ,13,No             ,No            ,0.0,10,104.67,262.72,High,1,3,4,NotResolved
5356-RHIPP,Male  ,0,No     ,No        ,1,Yes         ,No              ,No             ,No internet service,No internet service,No internet service,Month-to-month,Yes             ,Mailed check             ,20.2,California,Dinuba                ,36.523619,-119.386868,38,No     ,No               ,0,Offer E,0,No             ,No            ,0.0,0,45.49,65.69,Low,8,0,8,Resolved
3617-XLSGQ,Female,0,Yes    ,Yes       ,66,Yes         ,Yes             ,Fiber optic    ,No                 ,Yes                ,Yes                ,Two year      ,No              ,Bank transfer (automatic),109.25,California,Modesto               ,37.672906,-120.946594,61,Yes    ,Yes              ,2,None   ,25,Yes            ,No            ,0.0,80,1327.26,8489.76,Medium,1,3,4,NotResolved
8185-UPYBR,Male  ,0,Yes    ,No        ,6,Yes         ,Yes             ,Fiber optic    ,No                 ,No                 ,No                 ,Month-to-month,Yes             ,Electronic check         ,75.5,California,Hermosa Beach         ,33.86532,-118.396336,33,Yes    ,Yes              ,4,None   ,13,No             ,Yes           ,0.0,0,127.38,565.38,Low,8,1,9,Resolved
4456-RHSNB,Female,0,Yes    ,Yes       ,19,Yes         ,No              ,DSL            ,No                 ,No                 ,No                 ,Month-to-month,Yes             ,Bank transfer (automatic),49.6,California,San Bernardino        ,34.105935,-117.2914,43,Yes    ,Yes              ,3,None   ,17,No             ,Yes           ,0.0,0,140.98,1103.88,Medium,0,3,3,Resolved
3235-ETOOB,Male  ,0,Yes    ,No        ,8,Yes         ,No              ,Fiber optic    ,No                 ,No                 ,No                 ,Month-to-month,Yes             ,Electronic check         ,74.5,California,Lakeside              ,32.909873,-116.906774,51,Yes    ,Yes              ,1,None   ,23,No             ,Yes           ,0.0,0,383.28,993.18,Low,8,0,8,NotResolved
5597-GLBUC,Female,0,No     ,No        ,1,Yes         ,No              ,Fiber optic    ,No                 ,Yes                ,No                 ,Month-to-month,Yes             ,Electronic check         ,85.45,California,Squaw Valley          ,36.719141,-119.202677,48,No     ,No               ,0,Offer E,23,No             ,Yes           ,0.0,0,22.97,108.42,Low,9,0,9,Resolved
0781-LKXBR,Male  ,1,No     ,No        ,9,Yes         ,Yes             ,Fiber optic    ,No                 ,Yes                ,Yes                ,Month-to-month,Yes             ,Electronic check         ,100.5,California,San Francisco         ,37.7795,-122.419233,65,No     ,No               ,0,None   ,15,Yes            ,Yes           ,0.0,0,438.39,1356.99,Low,7,1,8,Resolved
8625-AZYZY,Male  ,0,Yes    ,No        ,24,Yes         ,Yes             ,Fiber optic    ,No                 ,Yes                ,Yes                ,Month-to-month,Yes             ,Electronic check         ,104.65,California,Anza                  ,33.527605,-116.666551,51,Yes    ,Yes              ,2,Offer C,15,Yes            ,Yes           ,0.0,0,72.0,2614.45,Medium,7,1,8,NotResolved
5748-RNCJT,Male  ,0,No     ,No        ,69,Yes         ,Yes             ,Fiber optic    ,Yes                ,Yes                ,Yes                ,Two year      ,Yes             ,Bank transfer (automatic),106.5,California,Sacramento            ,38.53508,-121.444144,58,No     ,No               ,0,Offer A,11,Yes            ,Yes           ,0.0,0,1854.72,9203.52,Medium,8,1,9,Resolved
0621-JFHOL,Female,0,No     ,No        ,10,No          ,No phone service,DSL            ,Yes                ,No                 ,No                 ,Two year      ,Yes             ,Mailed check             ,29.6,California,North Hollywood       ,34.15136,-118.364786,41,No     ,No               ,0,Offer D,29,No             ,Yes           ,0.0,0,0.0,299.05,Medium,6,0,6,Resolved
7876-AEHIG,Female,0,No     ,Yes       ,51,No          ,No phone service,DSL            ,Yes                ,Yes                ,Yes                ,One year      ,No              ,Bank transfer (automatic),60.15,California,Daly City             ,37.680844,-122.48131,48,No     ,No               ,0,None   ,10,Yes            ,Yes           ,0.0,0,0.0,3077.0,Medium,1,4,5,NotResolved
2018-PZKMU,Male  ,0,Yes    ,Yes       ,9,Yes         ,No              ,Fiber optic    ,Yes                ,Yes                ,Yes                ,Month-to-month,No              ,Electronic check         ,103.1,California,Santa Ana             ,33.748478,-117.858918,32,Yes    ,Yes              ,10,Offer E,57,Yes            ,Yes           ,18.62,0,399.33,1351.16,High,6,0,6,Resolved
8515-OCTJS,Female,0,No     ,No        ,25,Yes         ,Yes             ,No             ,No internet service,No internet service,No internet service,Two year      ,No              ,Credit card (automatic)  ,24.75,California,Lemoore               ,36.303666,-119.825657,61,No     ,No               ,0,Offer C,0,No             ,No            ,0.0,0,493.75,1185.85,Medium,9,1,10,Resolved
2000-DHJUY,Female,1,Yes    ,No        ,70,Yes         ,Yes             ,DSL            ,Yes                ,Yes                ,Yes                ,Two year      ,Yes             ,Bank transfer (automatic),92.2,California,Menlo Park            ,37.449551,-122.183762,67,Yes    ,Yes              ,1,Offer A,21,Yes            ,Yes           ,0.0,0,1306.9,7781.35,High,0,5,5,Resolved
6461-SZMCV,Female,0,Yes    ,No        ,71,Yes         ,Yes             ,DSL            ,Yes                ,Yes                ,Yes                ,Two year      ,No              ,Bank transfer (automatic),87.95,California,Corte Madera          ,37.924014,-122.511694,46,Yes    ,Yes              ,7,None   ,30,Yes            ,Yes           ,0.0,0,643.26,7008.610000000001,High,7,1,8,Resolved
8380-MQINP,Female,0,Yes    ,Yes       ,55,Yes         ,No              ,No             ,No internet service,No internet service,No internet service,Two year      ,No              ,Mailed check             ,20.3,California,Los Angeles           ,34.051809,-118.383843,62,Yes    ,Yes              ,3,None   ,0,No             ,No            ,0.0,0,174.9,1253.95,High,1,4,5,Resolved
6419-ZTTLE,Male  ,1,Yes    ,No        ,23,Yes         ,No              ,No             ,No internet service,No internet service,No internet service,One year      ,Yes             ,Electronic check         ,20.75,California,Yountville            ,38.421458,-122.365048,69,Yes    ,Yes              ,2,None   ,0,No             ,No            ,37.64,0,1054.09,1501.65,High,0,5,5,Resolved
8745-PVESG,Female,0,No     ,No        ,57,No          ,No phone service,DSL            ,Yes                ,No                 ,No                 ,One year      ,Yes             ,Credit card (automatic)  ,41.1,California,Rancho Santa Fe       ,33.012751,-117.200617,44,No     ,No               ,0,None   ,24,No             ,Yes           ,0.0,0,0.0,2258.25,High,0,5,5,Resolved
4132-KALRO,Female,0,No     ,No        ,4,Yes         ,Yes             ,Fiber optic    ,Yes                ,Yes                ,Yes                ,Month-to-month,Yes             ,Mailed check             ,100.85,California,Davis Creek           ,41.750354,-120.403885,31,No     ,No               ,0,Offer E,3,Yes            ,No            ,0.0,10,31.76,441.01,High,1,3,4,Resolved
5766-FTRTS,Male  ,0,Yes    ,No        ,72,Yes         ,No              ,DSL            ,Yes                ,Yes                ,Yes                ,Two year      ,No              ,Mailed check             ,84.45,California,El Segundo            ,33.917145,-118.401554,35,Yes    ,Yes              ,8,Offer A,26,Yes            ,Yes           ,0.0,0,2524.32,8557.42,Medium,1,6,7,Resolved
1728-CXQBE,Male  ,1,Yes    ,No        ,64,Yes         ,Yes             ,Fiber optic    ,No                 ,No                 ,Yes                ,Month-to-month,Yes             ,Electronic check         ,94.25,California,Glenn                 ,39.597975,-122.032248,79,Yes    ,Yes              ,9,Offer B,29,No             ,Yes           ,0.0,0,1493.12,7574.519999999999,Medium,6,0,6,Resolved
1353-LJWEM,Male  ,0,No     ,No        ,11,Yes         ,No              ,DSL            ,Yes                ,No                 ,No                 ,Month-to-month,Yes             ,Electronic check         ,60.9,California,Cottonwood            ,40.336392,-122.448533,23,No     ,No               ,0,Offer D,27,No             ,Yes           ,49.24,0,316.36,955.62,Medium,1,6,7,Resolved
2662-NNTDK,Male  ,0,No     ,No        ,65,Yes         ,Yes             ,No             ,No internet service,No internet service,No internet service,One year      ,No              ,Credit card (automatic)  ,24.8,California,Coleville             ,38.42528,-119.475741,50,No     ,No               ,0,Offer B,0,No             ,No            ,0.0,0,2981.55,4582.5,High,7,1,8,Resolved
5485-WUYWF,Male  ,1,No     ,No        ,2,Yes         ,No              ,DSL            ,No                 ,Yes                ,No                 ,Month-to-month,No              ,Bank transfer (automatic),66.4,California,Crockett              ,38.049292,-122.228415,73,No     ,No               ,0,None   ,24,No             ,Yes           ,0.0,0,11.14,105.69,Low,8,1,9,Resolved
5055-MGMGF,Female,0,Yes    ,No        ,65,Yes         ,Yes             ,Fiber optic    ,No                 ,Yes                ,Yes                ,Month-to-month,Yes             ,Electronic check         ,105.05,California,Half Moon Bay         ,37.45567,-122.407992,35,Yes    ,Yes              ,3,Offer B,23,Yes            ,No            ,0.0,60,2646.15,9621.1,Medium,1,6,7,Resolved
0014-BMAQU,Male  ,0,Yes    ,No        ,63,Yes         ,Yes             ,Fiber optic    ,Yes                ,No                 ,No                 ,Two year      ,Yes             ,Credit card (automatic)  ,84.65,California,Napa                  ,38.489789,-122.27011,52,Yes    ,Yes              ,8,Offer B,7,No             ,No            ,0.0,20,816.48,6214.280000000001,High,0,5,5,Resolved
8232-CTLKO,Female,0,Yes    ,Yes       ,66,Yes         ,No              ,DSL            ,No                 ,Yes                ,No                 ,Two year      ,Yes             ,Electronic check         ,59.75,California,Ocotillo              ,32.698964,-115.886656,58,Yes    ,Yes              ,9,Offer A,16,No             ,Yes           ,0.0,0,553.74,4550.54,Medium,8,1,9,NotResolved
4565-NLZBV,Female,0,Yes    ,No        ,71,Yes         ,Yes             ,No             ,No internet service,No internet service,No internet service,Two year      ,Yes             ,Bank transfer (automatic),24.65,California,Kneeland              ,40.664483,-123.865325,33,Yes    ,Yes              ,5,None   ,0,No             ,No            ,0.0,0,3079.27,4789.42,High,1,5,6,Resolved
3223-WZWJM,Male  ,0,No     ,No        ,26,Yes         ,Yes             ,Fiber optic    ,No                 ,No                 ,Yes                ,Month-to-month,Yes             ,Electronic check         ,83.95,California,Petrolia              ,40.274302,-124.210902,36,No     ,No               ,0,None   ,20,Yes            ,Yes           ,0.0,0,371.8,2626.0,Low,8,0,8,Resolved
1790-NESIO,Female,0,No     ,No        ,13,Yes         ,No              ,No             ,No internet service,No internet service,No internet service,Two year      ,Yes             ,Mailed check             ,20.4,California,Concord               ,37.950248,-122.022455,23,No     ,No               ,0,None   ,0,No             ,No            ,0.0,0,85.28,346.58000000000004,High,7,0,7,Resolved
5835-BEQEU,Male  ,0,No     ,No        ,3,Yes         ,Yes             ,Fiber optic    ,No                 ,No                 ,No                 ,Month-to-month,Yes             ,Electronic check         ,76.95,California,Westley               ,37.546007,-121.28257,44,No     ,No               ,0,None   ,23,No             ,No            ,0.0,10,115.14,353.54,Low,9,0,9,Resolved
0771-CHWSK,Male  ,0,No     ,No        ,66,Yes         ,Yes             ,DSL            ,No                 ,No                 ,Yes                ,Two year      ,Yes             ,Credit card (automatic)  ,74.6,California,Brawley               ,33.03933,-115.191857,56,No     ,No               ,0,Offer A,11,Yes            ,Yes           ,0.0,0,3007.62,7806.019999999999,Medium,7,1,8,Resolved
6982-SSHFK,Male  ,0,No     ,No        ,1,Yes         ,No              ,DSL            ,No                 ,No                 ,No                 ,Month-to-month,No              ,Mailed check             ,44.4,California,Fresno                ,36.768774,-119.762633,45,No     ,No               ,0,Offer E,12,No             ,Yes           ,0.0,0,32.44,76.84,Low,8,0,8,Resolved
6769-DYBQN,Male  ,1,No     ,No        ,46,Yes         ,No              ,Fiber optic    ,No                 ,No                 ,Yes                ,Month-to-month,No              ,Electronic check         ,85.0,California,Clearlake             ,38.965804,-122.631779,77,No     ,No               ,0,None   ,29,Yes            ,Yes           ,0.0,0,1691.88,5661.280000000001,Low,7,1,8,Resolved
9398-MMQTO,Male  ,0,No     ,No        ,3,Yes         ,No              ,Fiber optic    ,No                 ,No                 ,No                 ,Month-to-month,No              ,Credit card (automatic)  ,74.45,California,Borrego Springs       ,33.200369,-116.192313,41,No     ,No               ,0,None   ,5,No             ,No            ,0.0,70,104.4,395.5,High,6,0,6,Resolved
0719-SYFRB,Female,0,No     ,No        ,12,Yes         ,Yes             ,DSL            ,Yes                ,No                 ,No                 ,Month-to-month,Yes             ,Mailed check             ,61.65,California,Norco                 ,33.925833,-117.559639,52,No     ,No               ,0,Offer D,30,No             ,Yes           ,0.0,0,434.88,1148.63,Low,6,0,6,Resolved
3230-IUALN,Female,0,Yes    ,Yes       ,45,Yes         ,No              ,DSL            ,Yes                ,Yes                ,Yes                ,Two year      ,Yes             ,Mailed check             ,81.0,California,Eureka                ,40.796621,-124.15428,41,Yes    ,Yes              ,10,None   ,29,Yes            ,Yes           ,0.0,0,1170.45,4704.05,Medium,1,6,7,Resolved
4189-NAKJS,Male  ,0,No     ,No        ,26,Yes         ,Yes             ,DSL            ,No                 ,No                 ,No                 ,One year      ,Yes             ,Credit card (automatic)  ,51.55,California,Murphys               ,38.147852,-120.440124,29,No     ,No               ,0,Offer C,59,No             ,Yes           ,0.0,0,641.4200000000001,1936.82,Medium,1,4,5,Resolved
6242-MBHPK,Female,1,Yes    ,No        ,23,Yes         ,No              ,Fiber optic    ,No                 ,Yes                ,Yes                ,Month-to-month,Yes             ,Electronic check         ,95.1,California,Hathaway Pines        ,38.184914,-120.364085,67,Yes    ,Yes              ,1,None   ,12,Yes            ,Yes           ,0.0,0,963.24,3289.29,Medium,6,0,6,Resolved
2657-ALMWY,Female,1,Yes    ,No        ,26,Yes         ,No              ,Fiber optic    ,No                 ,No                 ,Yes                ,Month-to-month,No              ,Electronic check         ,84.95,California,Simi Valley           ,34.269449,-118.768471,65,Yes    ,Yes              ,1,Offer C,3,Yes            ,Yes           ,0.0,0,474.7600000000001,2644.51,Medium,7,0,7,NotResolved
2911-UREFD,Female,0,Yes    ,No        ,39,No          ,No phone service,DSL            ,No                 ,Yes                ,Yes                ,Month-to-month,No              ,Electronic check         ,55.9,California,Santa Monica          ,34.005439,-118.477507,50,Yes    ,Yes              ,3,None   ,13,Yes            ,Yes           ,0.0,0,0.0,2184.35,Low,6,1,7,Resolved
4063-EIKNQ,Male  ,0,Yes    ,Yes       ,11,Yes         ,No              ,No             ,No internet service,No internet service,No internet service,Month-to-month,No              ,Bank transfer (automatic),20.95,California,Canyon Country        ,34.422519,-118.420717,33,Yes    ,Yes              ,1,None   ,0,No             ,No            ,18.17,0,173.03,422.21,Medium,0,4,4,Resolved
3988-RQIXO,Female,1,No     ,No        ,1,Yes         ,No              ,Fiber optic    ,No                 ,Yes                ,Yes                ,Month-to-month,Yes             ,Electronic check         ,91.3,California,Corona Del Mar        ,33.600987,-117.862734,68,No     ,No               ,0,None   ,2,Yes            ,Yes           ,0.0,0,43.61,134.91,Medium,7,1,8,Resolved
7831-QGOXH,Female,0,No     ,No        ,18,Yes         ,Yes             ,Fiber optic    ,No                 ,Yes                ,No                 ,Month-to-month,Yes             ,Electronic check         ,85.2,California,Blue Lake             ,40.94338,-123.831799,27,No     ,No               ,0,None   ,71,Yes            ,Yes           ,0.0,0,439.2,1993.1,Medium,7,1,8,Resolved
1447-PJGGA,Female,0,No     ,No        ,57,Yes         ,No              ,Fiber optic    ,No                 ,Yes                ,Yes                ,Two year      ,Yes             ,Electronic check         ,95.25,California,San Diego             ,32.72523,-117.171346,39,No     ,No               ,0,None   ,15,Yes            ,Yes           ,0.0,0,1000.35,6465.0,Low,9,0,9,Resolved
4393-GEADV,Male  ,0,Yes    ,Yes       ,70,Yes         ,Yes             ,Fiber optic    ,Yes                ,Yes                ,Yes                ,Two year      ,No              ,Credit card (automatic)  ,114.75,California,Dulzura               ,32.622999,-116.687855,54,Yes    ,Yes              ,10,None   ,75,Yes            ,Yes           ,0.0,0,2734.2000000000003,10576.5,Medium,7,1,8,Resolved
0533-BNWKF,Female,1,Yes    ,No        ,55,Yes         ,Yes             ,Fiber optic    ,No                 ,No                 ,No                 ,Month-to-month,Yes             ,Electronic check         ,85.45,California,Palm Desert           ,33.762759,-116.324817,66,Yes    ,Yes              ,2,Offer B,27,No             ,No            ,0.0,90,2355.1,7319.799999999999,Low,10,0,10,Resolved
4183-WCSEP,Male  ,0,No     ,No        ,31,Yes         ,No              ,Fiber optic    ,Yes                ,No                 ,No                 ,Month-to-month,Yes             ,Electronic check         ,78.45,California,Weaverville           ,40.759401,-122.939337,46,No     ,No               ,0,None   ,20,No             ,No            ,0.0,40,1065.78,3540.9300000000003,Low,7,1,8,Resolved
1271-SJBGZ,Male  ,1,No     ,No        ,12,No          ,No phone service,DSL            ,Yes                ,No                 ,Yes                ,Month-to-month,Yes             ,Electronic check         ,43.65,California,Forest Knolls         ,38.010092,-122.689442,77,No     ,No               ,0,None   ,10,No             ,Yes           ,0.0,0,0.0,526.95,Low,7,1,8,Resolved
3801-HMYNL,Male  ,0,Yes    ,Yes       ,1,Yes         ,No              ,Fiber optic    ,No                 ,Yes                ,Yes                ,Month-to-month,No              ,Mailed check             ,89.15,California,Brooks                ,38.809804,-122.241383,44,Yes    ,Yes              ,1,None   ,18,Yes            ,Yes           ,0.0,0,32.35,121.5,Low,6,0,6,Resolved
9028-LIHRP,Male  ,0,Yes    ,Yes       ,71,Yes         ,No              ,Fiber optic    ,Yes                ,Yes                ,No                 ,Two year      ,No              ,Credit card (automatic)  ,100.2,California,Burbank               ,34.169706,-118.323548,22,Yes    ,Yes              ,1,None   ,27,No             ,Yes           ,0.0,0,2391.99,9600.99,Medium,1,6,7,NotResolved
9444-JTXHZ,Male  ,0,Yes    ,No        ,1,Yes         ,No              ,Fiber optic    ,No                 ,No                 ,No                 ,Month-to-month,No              ,Electronic check         ,76.2,California,Tulare                ,36.185471,-119.375243,53,Yes    ,Yes              ,1,None   ,14,No             ,No            ,0.0,50,35.15,161.35,Medium,8,1,9,Resolved
9281-CEDRU,Female,0,Yes    ,No        ,68,Yes         ,No              ,DSL            ,Yes                ,Yes                ,No                 ,Two year      ,No              ,Bank transfer (automatic),64.1,California,Salton City           ,33.28156,-115.955541,23,Yes    ,Yes              ,2,None   ,53,No             ,Yes           ,19.12,0,586.16,4893.29,High,0,5,5,Resolved
6038-GCYEC,Female,0,No     ,No        ,24,No          ,No phone service,DSL            ,No                 ,Yes                ,Yes                ,Month-to-month,Yes             ,Credit card (automatic)  ,54.15,California,Palm Desert           ,33.762759,-116.324817,25,No     ,No               ,0,Offer C,52,Yes            ,Yes           ,0.0,0,0.0,1240.25,Low,9,1,10,Resolved
6961-MJKBO,Male  ,0,No     ,No        ,47,Yes         ,No              ,No             ,No internet service,No internet service,No internet service,Two year      ,No              ,Bank transfer (automatic),20.45,California,Los Angeles           ,34.061918,-118.277939,27,No     ,No               ,0,None   ,0,No             ,No            ,0.0,0,310.67,1253.67,High,7,0,7,NotResolved
7011-CVEUC,Male  ,0,Yes    ,No        ,25,Yes         ,No              ,Fiber optic    ,Yes                ,Yes                ,Yes                ,Month-to-month,Yes             ,Credit card (automatic)  ,95.7,California,Chula Vista           ,32.607964,-117.059459,51,Yes    ,Yes              ,7,None   ,8,Yes            ,Yes           ,0.0,0,95.25,2433.6,High,0,4,4,Resolved
9885-CSMWE,Female,1,No     ,No        ,1,Yes         ,No              ,Fiber optic    ,No                 ,Yes                ,No                 ,Month-to-month,No              ,Electronic check         ,78.45,California,Los Angeles           ,34.027337,-118.28515,65,No     ,No               ,0,Offer E,13,No             ,Yes           ,0.0,0,18.37,96.82,Low,6,1,7,Resolved
0576-WNXXC,Male  ,1,Yes    ,No        ,27,Yes         ,Yes             ,Fiber optic    ,No                 ,No                 ,Yes                ,Month-to-month,Yes             ,Electronic check         ,95.55,California,Parlier               ,36.622237,-119.521126,70,Yes    ,Yes              ,1,None   ,7,Yes            ,Yes           ,0.0,0,1066.23,3576.43,Low,7,1,8,Resolved
8800-ZKRFW,Female,0,Yes    ,Yes       ,30,Yes         ,Yes             ,Fiber optic    ,Yes                ,Yes                ,Yes                ,Month-to-month,Yes             ,Electronic check         ,107.5,California,Philo                 ,39.094102,-123.500853,62,Yes    ,Yes              ,9,None   ,18,Yes            ,Yes           ,0.0,0,736.8,3979.3,High,1,6,7,Resolved
5663-QBGIS,Male  ,1,Yes    ,No        ,72,Yes         ,Yes             ,Fiber optic    ,No                 ,Yes                ,Yes                ,Two year      ,No              ,Bank transfer (automatic),98.35,California,La Canada Flintridge  ,34.234912,-118.153729,65,Yes    ,No               ,0,None   ,30,Yes            ,Yes           ,0.0,0,3211.92,10141.32,Medium,7,0,7,Resolved
8562-GHPPI,Female,0,No     ,No        ,1,Yes         ,No              ,No             ,No internet service,No internet service,No internet service,Month-to-month,No              ,Credit card (automatic)  ,19.8,California,San Leandro           ,37.717196,-122.159338,50,No     ,No               ,0,None   ,0,No             ,No            ,0.0,0,11.96,31.76,High,1,3,4,Resolved
7198-GLXTC,Male  ,0,No     ,No        ,2,Yes         ,No              ,Fiber optic    ,No                 ,Yes                ,No                 ,Month-to-month,No              ,Electronic check         ,79.0,California,La Palma              ,33.850504,-118.039892,33,No     ,No               ,0,None   ,21,No             ,Yes           ,0.0,0,97.32,240.97,Medium,9,0,9,Resolved
6981-TDRFT,Male  ,0,Yes    ,Yes       ,44,No          ,No phone service,DSL            ,Yes                ,Yes                ,Yes                ,One year      ,Yes             ,Electronic check         ,54.3,California,Soulsbyville          ,37.990574,-120.261821,25,Yes    ,Yes              ,1,None   ,69,Yes            ,No            ,0.0,10,0.0,2327.1,High,1,4,5,Resolved
3462-BJQQA,Female,0,No     ,No        ,6,Yes         ,Yes             ,Fiber optic    ,No                 ,Yes                ,No                 ,Month-to-month,Yes             ,Electronic check         ,89.75,California,Belvedere Tiburon     ,37.885629,-122.46858,23,No     ,No               ,0,None   ,42,No             ,No            ,0.0,60,206.52,819.17,High,6,0,6,NotResolved
0224-RLWWD,Female,1,No     ,No        ,2,Yes         ,No              ,DSL            ,No                 ,No                 ,No                 ,Month-to-month,Yes             ,Electronic check         ,44.3,California,Calexico              ,32.690654,-115.431225,73,No     ,No               ,0,Offer E,22,No             ,Yes           ,0.0,0,47.82,137.12,Medium,0,5,5,Resolved
2868-SNELZ,Female,0,No     ,No        ,2,Yes         ,Yes             ,Fiber optic    ,No                 ,No                 ,No                 ,Month-to-month,No              ,Mailed check             ,80.6,California,Pala                  ,33.384345,-117.072619,54,No     ,No               ,0,None   ,20,No             ,Yes           ,0.0,0,10.64,166.44,Low,9,0,9,Resolved
6479-SZPLM,Male  ,0,Yes    ,Yes       ,36,Yes         ,No              ,No             ,No internet service,No internet service,No internet service,Two year      ,No              ,Credit card (automatic)  ,19.45,California,Anaheim               ,33.830209,-117.906099,26,Yes    ,Yes              ,2,None   ,0,No             ,No            ,0.0,0,1162.8,1917.3,High,1,4,5,Resolved
3255-GRXMG,Male  ,0,No     ,Yes       ,18,Yes         ,No              ,DSL            ,No                 ,No                 ,No                 ,Month-to-month,Yes             ,Credit card (automatic)  ,45.65,California,Playa Del Rey         ,33.947305,-118.439841,58,No     ,No               ,0,Offer D,28,No             ,No            ,0.0,40,613.26,1400.46,High,7,1,8,NotResolved
2978-XXSOG,Female,0,No     ,No        ,22,Yes         ,Yes             ,DSL            ,Yes                ,No                 ,No                 ,Month-to-month,Yes             ,Mailed check             ,59.05,California,Doyle                 ,40.012675,-120.101857,33,No     ,No               ,0,Offer D,24,No             ,Yes           ,0.0,0,720.5,1974.0,High,0,5,5,Resolved
1080-BWSYE,Male  ,1,Yes    ,No        ,64,Yes         ,Yes             ,No             ,No internet service,No internet service,No internet service,Two year      ,No              ,Credit card (automatic)  ,25.65,California,Irvine                ,33.667145,-117.732135,76,Yes    ,No               ,0,None   ,0,No             ,No            ,0.0,0,1883.52,3624.32,High,0,4,4,Resolved
5555-RNPGT,Male  ,0,No     ,Yes       ,10,Yes         ,Yes             ,No             ,No internet service,No internet service,No internet service,Month-to-month,No              ,Credit card (automatic)  ,24.8,California,Bloomington           ,34.059722,-117.39104,61,No     ,No               ,0,Offer D,0,No             ,No            ,0.0,0,344.7,568.6,Medium,0,4,4,Resolved
3721-CNZHX,Male  ,0,No     ,No        ,15,Yes         ,No              ,No             ,No internet service,No internet service,No internet service,One year      ,No              ,Mailed check             ,19.8,California,Berkeley              ,37.871416,-122.246597,49,No     ,No               ,0,None   ,0,No             ,No            ,0.0,0,83.1,387.7000000000001,High,1,3,4,Resolved
8328-SKJNO,Male  ,0,No     ,Yes       ,23,No          ,No phone service,DSL            ,Yes                ,No                 ,No                 ,One year      ,No              ,Bank transfer (automatic),40.65,California,Seeley                ,32.790282,-115.689559,61,No     ,No               ,0,None   ,19,No             ,Yes           ,0.0,0,0.0,947.4,Medium,1,5,6,Resolved
2359-KLTEK,Female,0,Yes    ,Yes       ,41,Yes         ,No              ,Fiber optic    ,No                 ,Yes                ,Yes                ,Month-to-month,Yes             ,Bank transfer (automatic),94.9,California,Lookout               ,41.280478,-121.160249,25,Yes    ,Yes              ,2,None   ,59,Yes            ,Yes           ,0.0,0,1770.79,5618.79,Medium,0,6,6,Resolved
8696-JKZNU,Female,1,No     ,No        ,37,Yes         ,Yes             ,Fiber optic    ,No                 ,No                 ,No                 ,Month-to-month,Yes             ,Electronic check         ,76.25,California,Anderson              ,40.448632,-122.306657,78,No     ,No               ,0,Offer C,17,No             ,Yes           ,0.0,0,997.15,3838.7,Medium,10,1,11,Resolved
5075-JSDKI,Female,0,No     ,No        ,59,Yes         ,Yes             ,No             ,No internet service,No internet service,No internet service,Two year      ,No              ,Electronic check         ,24.45,California,Woodbridge            ,38.169605,-121.310964,64,No     ,No               ,0,Offer B,0,No             ,No            ,0.0,0,2432.57,3925.67,High,1,3,4,NotResolved
1522-VVDMG,Male  ,0,Yes    ,Yes       ,7,Yes         ,No              ,Fiber optic    ,Yes                ,Yes                ,No                 ,Month-to-month,Yes             ,Electronic check         ,89.75,California,Oakland               ,37.828416,-122.216005,25,Yes    ,Yes              ,1,None   ,52,No             ,Yes           ,26.02,0,134.61,717.39,Low,9,1,10,NotResolved
6317-YPKDH,Female,0,No     ,No        ,1,No          ,No phone service,DSL            ,No                 ,No                 ,No                 ,Month-to-month,No              ,Bank transfer (automatic),29.95,California,Glendale              ,34.167926,-118.267539,54,No     ,No               ,0,Offer E,27,No             ,Yes           ,0.0,0,0.0,29.95,Low,9,1,10,Resolved
9227-UAQFT,Male  ,0,No     ,No        ,16,Yes         ,No              ,No             ,No internet service,No internet service,No internet service,Two year      ,No              ,Mailed check             ,19.75,California,North Hollywood       ,34.187599,-118.387125,40,No     ,No               ,0,Offer D,0,No             ,No            ,0.0,0,642.72,927.07,High,1,6,7,Resolved
0274-JKUJR,Male  ,0,Yes    ,Yes       ,7,No          ,No phone service,DSL            ,No                 ,Yes                ,Yes                ,Month-to-month,No              ,Mailed check             ,58.85,California,Los Angeles           ,33.994524,-118.149953,21,Yes    ,Yes              ,9,Offer E,47,Yes            ,Yes           ,0.0,0,0.0,465.7,Medium,7,1,8,Resolved
2808-CHTDM,Female,0,Yes    ,Yes       ,23,Yes         ,Yes             ,No             ,No internet service,No internet service,No internet service,Two year      ,No              ,Mailed check             ,25.1,California,Los Angeles           ,34.066303,-118.435479,47,Yes    ,Yes              ,4,None   ,0,No             ,No            ,0.0,0,824.78,1436.23,High,6,1,7,Resolved
2774-LVQUS,Female,1,Yes    ,No        ,15,Yes         ,Yes             ,Fiber optic    ,Yes                ,No                 ,No                 ,Month-to-month,Yes             ,Electronic check         ,83.05,California,Maricopa              ,34.737031,-119.460557,65,Yes    ,Yes              ,2,None   ,3,No             ,No            ,0.0,110,661.95,2030.25,Medium,7,1,8,Resolved
4163-HFTUK,Male  ,0,No     ,No        ,51,Yes         ,No              ,No             ,No internet service,No internet service,No internet service,One year      ,No              ,Electronic check         ,19.1,California,Oxnard                ,34.156629,-119.117218,34,No     ,No               ,0,Offer B,0,No             ,No            ,0.0,0,1495.83,2503.63,High,7,1,8,Resolved
2656-TABEH,Male  ,0,Yes    ,No        ,4,Yes         ,Yes             ,Fiber optic    ,No                 ,Yes                ,Yes                ,Month-to-month,Yes             ,Electronic check         ,100.2,California,Temecula              ,33.540604,-117.10909,57,Yes    ,Yes              ,1,None   ,10,Yes            ,Yes           ,0.0,0,112.88,533.0799999999999,Low,8,1,9,NotResolved
4581-SSPWD,Female,0,No     ,No        ,3,Yes         ,Yes             ,Fiber optic    ,No                 ,No                 ,No                 ,Month-to-month,Yes             ,Electronic check         ,75.8,California,Mountain View         ,37.380662,-122.086022,63,No     ,No               ,0,Offer E,23,No             ,No            ,0.0,10,15.6,271.90000000000003,Low,9,0,9,NotResolved
3705-PSNGL,Male  ,0,No     ,No        ,45,Yes         ,No              ,No             ,No internet service,No internet service,No internet service,One year      ,Yes             ,Electronic check         ,20.4,California,Cerritos              ,33.8681,-118.067402,49,No     ,No               ,0,Offer B,0,No             ,No            ,0.0,0,1143.0,2073.45,Medium,8,0,8,Resolved
2361-FJWNO,Male  ,0,No     ,No        ,40,No          ,No phone service,DSL            ,Yes                ,No                 ,No                 ,One year      ,No              ,Credit card (automatic)  ,36.0,California,Rancho Cucamonga      ,34.245289,-117.642503,55,No     ,No               ,0,None   ,12,No             ,No            ,0.0,130,0.0,1512.9,Medium,1,4,5,Resolved
2382-BCKQJ,Female,0,No     ,Yes       ,62,Yes         ,Yes             ,Fiber optic    ,No                 ,Yes                ,Yes                ,One year      ,Yes             ,Electronic check         ,100.15,California,Big Sur               ,36.092975,-121.549826,41,No     ,No               ,0,Offer B,15,Yes            ,Yes           ,0.0,0,2019.96,8433.609999999999,Medium,9,0,9,Resolved
7892-POOKP,Female,0,Yes    ,No        ,28,Yes         ,Yes             ,Fiber optic    ,Yes                ,Yes                ,Yes                ,Month-to-month,Yes             ,Electronic check         ,104.8,California,Los Angeles           ,34.062125,-118.315709,23,Yes    ,No               ,0,Offer C,47,Yes            ,Yes           ,0.0,0,136.92,3182.9700000000003,Medium,8,0,8,Resolved
4140-WJAWW,Female,0,No     ,No        ,5,Yes         ,No              ,No             ,No internet service,No internet service,No internet service,Month-to-month,No              ,Credit card (automatic)  ,19.85,California,Los Angeles           ,34.052917,-118.255178,57,No     ,No               ,0,None   ,0,No             ,No            ,0.0,0,30.85,138.9,Low,9,0,9,Resolved
9000-PLFUZ,Female,1,Yes    ,No        ,60,No          ,No phone service,DSL            ,No                 ,Yes                ,Yes                ,Two year      ,Yes             ,Credit card (automatic)  ,49.45,California,Merced                ,37.255637,-120.493537,70,Yes    ,Yes              ,3,None   ,22,No             ,No            ,0.0,40,0.0,2947.55,Medium,6,0,6,Resolved
9680-NIAUV,Female,0,Yes    ,Yes       ,72,Yes         ,Yes             ,Fiber optic    ,No                 ,Yes                ,Yes                ,Two year      ,No              ,Credit card (automatic)  ,109.7,California,West Hills            ,34.199787,-118.68493,42,Yes    ,Yes              ,7,Offer A,3,Yes            ,Yes           ,0.0,0,1343.52,9472.82,High,7,0,7,NotResolved
6855-VLGOS,Male  ,0,Yes    ,Yes       ,72,Yes         ,No              ,No             ,No internet service,No internet service,No internet service,Two year      ,No              ,Electronic check         ,20.55,California,Guerneville           ,38.52576,-123.013347,51,Yes    ,Yes              ,5,None   ,0,No             ,No            ,0.0,0,2671.92,4104.47,High,0,5,5,Resolved
7028-DVOIQ,Male  ,1,No     ,No        ,35,Yes         ,Yes             ,Fiber optic    ,No                 ,Yes                ,Yes                ,Month-to-month,Yes             ,Electronic check         ,99.05,California,Birds Landing         ,38.140719,-121.838298,71,No     ,No               ,0,None   ,19,No             ,No            ,0.0,120,729.05,4244.85,Low,8,1,9,Resolved
0804-XBFBV,Female,0,No     ,Yes       ,11,No          ,No phone service,DSL            ,No                 ,No                 ,No                 ,Month-to-month,No              ,Electronic check         ,25.2,California,Foothill Ranch        ,33.698728,-117.67768,49,No     ,No               ,0,None   ,19,No             ,Yes           ,0.0,0,0.0,321.05,Medium,0,6,6,Resolved
2969-QWUBZ,Female,0,No     ,No        ,2,No          ,No phone service,DSL            ,No                 ,Yes                ,Yes                ,Month-to-month,No              ,Electronic check         ,51.4,California,Los Altos             ,37.349546,-122.134356,53,No     ,No               ,0,None   ,21,Yes            ,Yes           ,0.0,0,0.0,96.8,High,0,6,6,Resolved
5698-BQJOH,Female,0,No     ,No        ,9,Yes         ,Yes             ,Fiber optic    ,No                 ,Yes                ,Yes                ,Month-to-month,No              ,Electronic check         ,94.4,California,Beverly Hills         ,34.063947,-118.383001,41,No     ,No               ,0,None   ,29,Yes            ,Yes           ,0.0,0,244.89,1102.14,Medium,9,0,9,Resolved
6732-VAILE,Male  ,0,Yes    ,Yes       ,70,Yes         ,Yes             ,DSL            ,Yes                ,Yes                ,Yes                ,Two year      ,Yes             ,Credit card (automatic)  ,85.95,California,Montclair             ,34.072121,-117.698319,33,Yes    ,Yes              ,10,None   ,24,Yes            ,Yes           ,0.0,0,2104.2,8035.95,High,6,1,7,Resolved
5052-PNLOS,Male  ,0,No     ,No        ,3,Yes         ,Yes             ,Fiber optic    ,No                 ,Yes                ,Yes                ,Month-to-month,Yes             ,Bank transfer (automatic),105.35,California,Echo Lake             ,38.851842,-120.076204,50,No     ,No               ,0,Offer E,14,Yes            ,Yes           ,0.0,0,41.49,364.74,Medium,6,1,7,Resolved
5448-VWNAM,Female,0,No     ,Yes       ,19,Yes         ,Yes             ,DSL            ,Yes                ,Yes                ,No                 ,Month-to-month,Yes             ,Mailed check             ,75.9,California,Oroville              ,39.473896,-121.415927,49,No     ,No               ,0,Offer D,57,No             ,Yes           ,0.0,0,152.38,1527.98,High,6,1,7,Resolved
7240-FQLHE,Female,1,Yes    ,No        ,18,Yes         ,Yes             ,Fiber optic    ,Yes                ,Yes                ,Yes                ,Month-to-month,No              ,Bank transfer (automatic),99.75,California,San Diego             ,32.707892,-117.05512,68,Yes    ,Yes              ,1,None   ,15,No             ,Yes           ,0.0,0,454.86,2291.11,Low,6,1,7,Resolved
4176-RELJR,Male  ,1,No     ,No        ,67,Yes         ,Yes             ,No             ,No internet service,No internet service,No internet service,Two year      ,No              ,Credit card (automatic)  ,25.1,California,Elmira                ,38.349195,-121.902943,73,No     ,No               ,0,None   ,0,No             ,No            ,0.0,0,984.23,2656.38,Medium,0,3,3,Resolved
4290-BSXUX,Male  ,0,Yes    ,No        ,3,Yes         ,Yes             ,Fiber optic    ,Yes                ,No                 ,No                 ,Month-to-month,Yes             ,Bank transfer (automatic),79.65,California,Fields Landing        ,40.726949,-124.217378,33,Yes    ,Yes              ,1,None   ,17,No             ,Yes           ,0.0,0,129.81,381.56,Low,8,0,8,Resolved
9743-DQKQW,Male  ,0,No     ,No        ,3,No          ,No phone service,DSL            ,No                 ,No                 ,No                 ,Month-to-month,No              ,Electronic check         ,25.1,California,Escalon               ,37.818543,-121.006907,28,No     ,No               ,0,Offer E,69,No             ,Yes           ,0.0,0,0.0,79.8,High,1,6,7,Resolved
3645-DEYGF,Male  ,0,No     ,Yes       ,1,Yes         ,No              ,No             ,No internet service,No internet service,No internet service,Month-to-month,No              ,Mailed check             ,20.75,California,Northridge            ,34.236683,-118.517588,29,No     ,No               ,0,None   ,0,No             ,No            ,0.0,0,7.57,28.32,High,1,3,4,Resolved
9763-PDTKK,Female,0,No     ,No        ,4,Yes         ,No              ,Fiber optic    ,Yes                ,No                 ,Yes                ,Month-to-month,Yes             ,Bank transfer (automatic),94.4,California,San Jose              ,37.343827,-121.883119,59,No     ,No               ,0,Offer E,18,Yes            ,Yes           ,0.0,0,158.72,545.92,Low,7,1,8,Resolved
9074-KGVOX,Male  ,0,Yes    ,Yes       ,50,No          ,No phone service,DSL            ,No                 ,Yes                ,No                 ,Month-to-month,Yes             ,Credit card (automatic)  ,39.45,California,Westport              ,39.724433,-123.767578,44,Yes    ,Yes              ,10,None   ,23,No             ,Yes           ,0.0,0,0.0,2021.35,Medium,1,3,4,Resolved
4367-NHWMM,Female,0,No     ,No        ,1,No          ,No phone service,DSL            ,No                 ,No                 ,No                 ,Month-to-month,Yes             ,Mailed check             ,24.9,California,Corte Madera          ,37.924014,-122.511694,37,No     ,No               ,0,None   ,13,No             ,Yes           ,0.0,0,0.0,24.9,High,6,1,7,NotResolved
4395-PZMSN,Male  ,1,No     ,No        ,5,Yes         ,No              ,Fiber optic    ,No                 ,No                 ,Yes                ,Month-to-month,Yes             ,Electronic check         ,85.55,California,San Gregorio          ,37.331762,-122.341444,67,No     ,No               ,0,Offer E,15,Yes            ,Yes           ,0.0,0,91.9,500.4,High,1,5,6,Resolved
2359-KMGLI,Male  ,0,No     ,No        ,24,Yes         ,Yes             ,Fiber optic    ,No                 ,No                 ,No                 ,Month-to-month,Yes             ,Electronic check         ,80.25,California,Running Springs       ,34.186211,-117.07683,52,No     ,No               ,0,Offer C,20,No             ,Yes           ,0.0,0,1183.1999999999998,3044.7,Low,7,0,7,Resolved
1488-SYSFC,Male  ,0,Yes    ,Yes       ,31,Yes         ,No              ,No             ,No internet service,No internet service,No internet service,Month-to-month,Yes             ,Electronic check         ,20.65,California,Arcadia               ,34.128284,-118.047732,31,Yes    ,Yes              ,10,None   ,0,No             ,No            ,43.76,0,296.36,954.65,High,7,0,7,Resolved
2904-GGUAZ,Female,0,Yes    ,No        ,72,Yes         ,Yes             ,Fiber optic    ,No                 ,No                 ,No                 ,Two year      ,Yes             ,Bank transfer (automatic),84.05,California,Potrero               ,32.619465,-116.593605,24,Yes    ,Yes              ,8,Offer A,52,Yes            ,Yes           ,0.0,0,1162.8,7215.05,High,0,5,5,Resolved
8914-RBTSB,Male  ,0,Yes    ,No        ,31,Yes         ,Yes             ,Fiber optic    ,No                 ,Yes                ,No                 ,Month-to-month,No              ,Electronic check         ,93.8,California,Valley Village        ,34.165783,-118.399795,62,Yes    ,Yes              ,1,None   ,17,No             ,No            ,0.0,50,65.72,3135.22,Low,7,1,8,Resolved
8608-OZTLB,Male  ,0,Yes    ,Yes       ,38,Yes         ,No              ,DSL            ,Yes                ,Yes                ,No                 ,One year      ,No              ,Electronic check         ,74.05,California,Applegate             ,38.983388,-120.988814,59,Yes    ,Yes              ,4,None   ,76,No             ,Yes           ,0.0,0,1195.1,3997.4,Medium,0,6,6,Resolved
9231-ZJYAM,Female,1,No     ,No        ,4,Yes         ,No              ,Fiber optic    ,No                 ,Yes                ,No                 ,Month-to-month,Yes             ,Electronic check         ,78.85,California,Squaw Valley          ,36.719141,-119.202677,65,No     ,No               ,0,None   ,18,No             ,Yes           ,0.0,0,147.72,440.52,Medium,7,1,8,Resolved
5201-FRKKS,Male  ,0,No     ,No        ,25,Yes         ,No              ,Fiber optic    ,No                 ,No                 ,No                 ,Month-to-month,No              ,Bank transfer (automatic),74.3,California,Winnetka              ,34.209532,-118.577563,53,No     ,No               ,0,Offer C,26,No             ,Yes           ,40.54,0,432.5,2344.21,High,6,0,6,Resolved
2546-KZAAT,Male  ,0,Yes    ,No        ,52,Yes         ,No              ,DSL            ,No                 ,Yes                ,Yes                ,One year      ,Yes             ,Mailed check             ,75.4,California,San Diego             ,32.802959,-117.027095,28,Yes    ,Yes              ,9,None   ,85,Yes            ,Yes           ,0.0,0,540.8000000000001,4406.25,High,1,6,7,NotResolved
8203-XJZRC,Male  ,0,No     ,No        ,1,Yes         ,No              ,No             ,No internet service,No internet service,No internet service,Month-to-month,No              ,Mailed check             ,20.25,California,Chula Vista           ,32.688506,-116.938632,44,No     ,No               ,0,Offer E,0,No             ,No            ,0.0,0,40.46,60.71,Medium,0,6,6,Resolved
3969-JQABI,Female,0,Yes    ,No        ,58,Yes         ,No              ,DSL            ,No                 ,Yes                ,No                 ,Month-to-month,Yes             ,Credit card (automatic)  ,65.25,California,Palo Alto             ,37.45809,-122.115398,47,Yes    ,No               ,0,None   ,20,No             ,No            ,0.0,110,2329.28,6230.879999999999,Medium,6,1,7,Resolved
8631-XVRZL,Male  ,0,No     ,No        ,9,Yes         ,No              ,No             ,No internet service,No internet service,No internet service,One year      ,Yes             ,Mailed check             ,20.15,California,Kyburz                ,38.766036,-120.209673,40,No     ,No               ,0,Offer E,0,No             ,No            ,0.0,0,437.49,601.19,High,7,1,8,Resolved
2709-UQGNP,Male  ,0,No     ,No        ,10,Yes         ,No              ,DSL            ,No                 ,No                 ,No                 ,Month-to-month,Yes             ,Mailed check             ,51.65,California,San Mateo             ,37.590421,-122.306467,38,No     ,No               ,0,None   ,23,No             ,Yes           ,0.0,0,490.4,1014.9,High,0,5,5,NotResolved
7562-UXTPG,Female,0,No     ,No        ,13,Yes         ,No              ,Fiber optic    ,No                 ,No                 ,No                 ,Month-to-month,Yes             ,Mailed check             ,70.15,California,Canoga Park           ,34.19829,-118.602203,40,No     ,No               ,0,None   ,28,No             ,Yes           ,8.53,0,339.69,1217.86,High,1,6,7,Resolved
3886-CERTZ,Female,0,Yes    ,No        ,72,Yes         ,Yes             ,Fiber optic    ,Yes                ,Yes                ,Yes                ,One year      ,Yes             ,Electronic check         ,109.25,California,Fullerton             ,33.879983,-117.895482,57,Yes    ,Yes              ,1,None   ,11,Yes            ,Yes           ,0.0,0,2241.36,10351.16,Low,9,1,10,Resolved
8348-HFYIV,Male  ,0,No     ,No        ,2,No          ,No phone service,DSL            ,No                 ,Yes                ,Yes                ,Month-to-month,Yes             ,Electronic check         ,49.25,California,Oakland               ,37.776523,-122.219268,21,No     ,No               ,0,Offer E,51,Yes            ,Yes           ,0.0,0,0.0,90.35,Medium,9,1,10,NotResolved
2632-UCGVD,Male  ,1,Yes    ,No        ,66,Yes         ,Yes             ,Fiber optic    ,Yes                ,Yes                ,Yes                ,Month-to-month,Yes             ,Credit card (automatic)  ,100.05,California,Fairfield             ,38.287136,-122.02711,71,Yes    ,Yes              ,6,None   ,14,No             ,Yes           ,0.0,0,3290.1,10162.0,Low,7,1,8,Resolved
0968-GSIKN,Female,0,No     ,No        ,1,Yes         ,No              ,Fiber optic    ,No                 ,No                 ,No                 ,Month-to-month,Yes             ,Mailed check             ,70.8,California,Thousand Palms        ,33.849263,-116.382778,23,No     ,No               ,0,Offer E,27,Yes            ,Yes           ,0.0,0,30.6,101.4,Medium,7,1,8,Resolved
8048-DSDFQ,Male  ,0,No     ,No        ,1,Yes         ,No              ,No             ,No internet service,No internet service,No internet service,Month-to-month,No              ,Mailed check             ,20.2,California,Midway City           ,33.744439,-117.98588,63,No     ,No               ,0,None   ,0,No             ,No            ,0.0,0,13.08,33.28,High,1,5,6,Resolved
6982-UQZLY,Female,1,Yes    ,No        ,1,Yes         ,No              ,No             ,No internet service,No internet service,No internet service,Month-to-month,Yes             ,Mailed check             ,20.85,California,Los Alamos            ,34.758699,-120.275839,80,Yes    ,Yes              ,1,Offer E,0,No             ,No            ,0.0,0,22.86,43.71,Medium,9,0,9,Resolved
2398-YPMUR,Female,1,Yes    ,No        ,13,Yes         ,No              ,Fiber optic    ,No                 ,No                 ,No                 ,Month-to-month,Yes             ,Electronic check         ,70.15,California,Dinuba                ,36.523619,-119.386868,77,Yes    ,Yes              ,2,None   ,19,No             ,No            ,0.0,90,492.18,1498.93,Low,8,0,8,NotResolved
4628-CTTLA,Male  ,0,No     ,No        ,57,No          ,No phone service,DSL            ,No                 ,Yes                ,No                 ,Month-to-month,Yes             ,Electronic check         ,39.3,California,Sanger                ,36.819628,-119.440414,23,No     ,No               ,0,Offer B,59,Yes            ,No            ,0.0,80,0.0,2191.45,Low,6,0,6,Resolved
4713-ZBURT,Male  ,0,No     ,Yes       ,45,Yes         ,Yes             ,Fiber optic    ,No                 ,Yes                ,Yes                ,Two year      ,No              ,Bank transfer (automatic),99.7,California,Brisbane              ,37.684694,-122.40712,33,No     ,No               ,0,None   ,12,Yes            ,Yes           ,0.0,0,1059.3,5693.650000000001,High,0,4,4,NotResolved
3247-ZVOUO,Male  ,1,Yes    ,No        ,10,Yes         ,Yes             ,Fiber optic    ,No                 ,No                 ,Yes                ,Month-to-month,No              ,Electronic check         ,85.55,California,Downey                ,33.956228,-118.120993,77,Yes    ,No               ,0,Offer D,27,No             ,Yes           ,0.0,0,60.1,911.85,Low,8,1,9,Resolved
7927-AUXBZ,Female,0,No     ,No        ,30,Yes         ,No              ,Fiber optic    ,Yes                ,Yes                ,No                 ,Month-to-month,No              ,Electronic check         ,85.15,California,Sun City              ,33.707483,-117.200006,45,No     ,No               ,0,Offer C,8,No             ,Yes           ,0.0,0,280.2,2836.1,Low,7,1,8,Resolved
1215-FIGMP,Male  ,0,No     ,No        ,60,Yes         ,Yes             ,Fiber optic    ,No                 ,Yes                ,No                 ,Month-to-month,Yes             ,Bank transfer (automatic),89.9,California,Los Angeles           ,34.102084,-118.451629,27,No     ,No               ,0,Offer B,52,No             ,Yes           ,0.0,0,2572.8,8023.5,Medium,1,4,5,Resolved
1208-NBVFH,Male  ,0,Yes    ,Yes       ,20,Yes         ,No              ,DSL            ,No                 ,No                 ,No                 ,Month-to-month,Yes             ,Electronic check         ,49.6,California,Perris                ,33.787298,-117.320676,63,Yes    ,Yes              ,5,None   ,10,No             ,Yes           ,0.0,0,263.6,1203.4,Medium,6,1,7,NotResolved
5055-BRMNE,Female,0,Yes    ,Yes       ,67,Yes         ,Yes             ,Fiber optic    ,Yes                ,Yes                ,Yes                ,Two year      ,No              ,Credit card (automatic)  ,106.7,California,Friant                ,37.027663,-119.69056,35,Yes    ,Yes              ,3,Offer A,16,Yes            ,Yes           ,0.0,0,2703.4500000000003,9712.95,Medium,0,5,5,Resolved
4369-NYSCF,Male  ,0,No     ,No        ,56,Yes         ,No              ,DSL            ,Yes                ,Yes                ,Yes                ,One year      ,Yes             ,Bank transfer (automatic),75.75,California,Oakland               ,37.792489,-122.244314,61,No     ,No               ,0,Offer B,13,Yes            ,No            ,0.0,90,1031.52,5406.17,Medium,0,6,6,NotResolved
3870-MQAMG,Female,0,Yes    ,No        ,54,Yes         ,Yes             ,Fiber optic    ,Yes                ,Yes                ,Yes                ,One year      ,No              ,Electronic check         ,110.35,California,Camp Nelson           ,36.057458,-118.591951,21,Yes    ,Yes              ,1,Offer B,71,Yes            ,Yes           ,0.0,0,117.72,6010.87,Low,9,0,9,Resolved
5802-ADBRC,Female,0,Yes    ,No        ,50,Yes         ,Yes             ,Fiber optic    ,No                 ,Yes                ,Yes                ,One year      ,Yes             ,Mailed check             ,104.4,California,San Juan Capistrano   ,33.521447,-117.602555,57,Yes    ,Yes              ,7,Offer B,7,Yes            ,Yes           ,0.0,0,1039.5,6272.4,Medium,0,3,3,NotResolved
5345-BMKWB,Male  ,0,Yes    ,No        ,8,Yes         ,No              ,No             ,No internet service,No internet service,No internet service,Month-to-month,No              ,Mailed check             ,20.25,California,San Francisco         ,37.760412,-122.484966,29,Yes    ,Yes              ,9,None   ,0,No             ,No            ,0.0,0,39.84,198.19,High,1,3,4,Resolved
5985-TBABQ,Female,0,No     ,No        ,32,Yes         ,Yes             ,DSL            ,No                 ,Yes                ,Yes                ,One year      ,No              ,Mailed check             ,74.75,California,West Sacramento       ,38.592745,-121.540036,45,No     ,No               ,0,Offer C,5,Yes            ,Yes           ,0.0,0,1070.4,3353.35,High,6,0,6,Resolved
4541-RMRLG,Male  ,0,No     ,No        ,7,Yes         ,No              ,No             ,No internet service,No internet service,No internet service,Month-to-month,No              ,Electronic check         ,19.25,California,Hayward               ,37.674002,-122.076796,53,No     ,No               ,0,None   ,0,No             ,No            ,0.0,0,63.98,176.28,Medium,8,1,9,Resolved
8183-ONMXC,Female,0,No     ,No        ,2,Yes         ,No              ,Fiber optic    ,No                 ,No                 ,Yes                ,Month-to-month,No              ,Electronic check         ,80.75,California,Chula Vista           ,32.605012,-116.97595,41,No     ,No               ,0,None   ,6,Yes            ,Yes           ,0.0,0,10.22,169.67,Medium,8,1,9,Resolved
4806-DXQCE,Female,1,Yes    ,No        ,70,Yes         ,Yes             ,Fiber optic    ,Yes                ,Yes                ,Yes                ,Two year      ,Yes             ,Electronic check         ,113.65,California,Santa Monica          ,34.026334,-118.474222,77,Yes    ,Yes              ,7,None   ,25,No             ,Yes           ,24.36,0,2477.3,10167.59,High,1,5,6,Resolved
3106-ULWFW,Female,0,Yes    ,No        ,8,Yes         ,Yes             ,Fiber optic    ,No                 ,No                 ,Yes                ,Month-to-month,Yes             ,Credit card (automatic)  ,85.2,California,Fontana               ,34.049671,-117.468896,32,Yes    ,No               ,0,Offer E,16,Yes            ,Yes           ,0.0,0,211.28,838.68,Low,9,0,9,Resolved
5922-ABDVO,Female,0,Yes    ,No        ,19,Yes         ,Yes             ,Fiber optic    ,No                 ,No                 ,Yes                ,Month-to-month,No              ,Mailed check             ,89.65,California,Seal Beach            ,33.75462,-118.071128,20,Yes    ,Yes              ,1,Offer D,47,Yes            ,No            ,0.0,80,412.49,2253.54,Medium,7,0,7,Resolved
1928-BXYIV,Male  ,0,No     ,No        ,1,Yes         ,Yes             ,DSL            ,No                 ,No                 ,No                 ,Month-to-month,No              ,Electronic check         ,61.15,California,Placerville           ,38.733714,-120.795213,47,No     ,No               ,0,Offer E,3,No             ,Yes           ,0.0,0,17.07,78.22,High,1,3,4,Resolved
9661-JALZV,Female,0,No     ,No        ,58,Yes         ,Yes             ,No             ,No internet service,No internet service,No internet service,Two year      ,Yes             ,Credit card (automatic)  ,24.7,California,Atascadero            ,35.453912,-120.69461,23,No     ,No               ,0,Offer B,0,No             ,No            ,0.0,0,2778.2,4297.2,High,0,6,6,Resolved
9621-OUPYD,Female,0,Yes    ,No        ,25,Yes         ,No              ,No             ,No internet service,No internet service,No internet service,One year      ,Yes             ,Bank transfer (automatic),20.2,California,Lancaster             ,34.741406,-118.38111,21,Yes    ,Yes              ,2,None   ,0,No             ,No            ,0.0,0,262.25,770.15,Medium,0,3,3,Resolved
5150-ITWWB,Male  ,1,No     ,No        ,3,Yes         ,Yes             ,Fiber optic    ,No                 ,Yes                ,Yes                ,Month-to-month,Yes             ,Electronic check         ,94.85,California,Hamilton City         ,39.732767,-122.042298,65,No     ,No               ,0,Offer E,28,Yes            ,Yes           ,0.0,0,113.34,449.09,High,1,5,6,Resolved
4633-MKHYU,Female,0,No     ,No        ,9,Yes         ,No              ,Fiber optic    ,No                 ,Yes                ,Yes                ,Month-to-month,Yes             ,Mailed check             ,88.4,California,San Diego             ,32.787836,-117.232376,23,No     ,No               ,0,Offer E,52,Yes            ,Yes           ,0.0,0,319.05,1107.65,High,1,4,5,Resolved
3779-OSWCF,Female,0,Yes    ,No        ,71,Yes         ,Yes             ,DSL            ,Yes                ,Yes                ,Yes                ,Two year      ,No              ,Credit card (automatic)  ,93.2,California,Dillon Beach          ,38.24458,-122.956268,38,Yes    ,Yes              ,8,None   ,23,Yes            ,Yes           ,0.0,0,860.52,7366.67,Medium,6,0,6,Resolved
1450-SKCVI,Female,0,No     ,No        ,56,Yes         ,No              ,Fiber optic    ,No                 ,No                 ,No                 ,Month-to-month,Yes             ,Electronic check         ,73.85,California,Del Mar               ,32.948262,-117.256086,22,No     ,No               ,0,None   ,69,Yes            ,Yes           ,0.0,0,1993.04,6085.89,Medium,7,1,8,Resolved
1660-HSOOQ,Male  ,0,No     ,No        ,1,Yes         ,No              ,DSL            ,No                 ,No                 ,No                 ,Month-to-month,Yes             ,Mailed check             ,49.65,California,Santa Barbara         ,34.037342,-119.80079,60,No     ,No               ,0,None   ,8,No             ,No            ,0.0,40,4.18,93.83,Medium,9,1,10,Resolved
4816-LXZYW,Female,0,No     ,No        ,23,Yes         ,Yes             ,Fiber optic    ,No                 ,No                 ,No                 ,Month-to-month,Yes             ,Electronic check         ,79.15,California,Long Beach            ,33.819814,-118.222416,51,No     ,No               ,0,Offer D,11,No             ,Yes           ,0.0,0,769.1199999999999,2446.07,Low,6,1,7,Resolved
0628-CNQRM,Male  ,0,Yes    ,Yes       ,22,Yes         ,No              ,DSL            ,Yes                ,Yes                ,No                 ,One year      ,Yes             ,Bank transfer (automatic),67.5,California,Ridgecrest            ,35.603913,-117.67828,49,Yes    ,Yes              ,1,None   ,17,No             ,Yes           ,0.0,0,435.6,1979.65,Low,7,1,8,Resolved
9025-ZRPVR,Male  ,0,No     ,No        ,9,Yes         ,No              ,No             ,No internet service,No internet service,No internet service,Month-to-month,Yes             ,Mailed check             ,18.95,California,Pacific Grove         ,36.618337,-121.926417,59,No     ,No               ,0,Offer E,0,No             ,No            ,0.0,0,447.66,633.26,Medium,7,1,8,Resolved
5609-CEBID,Female,1,No     ,No        ,20,Yes         ,Yes             ,Fiber optic    ,No                 ,No                 ,Yes                ,Month-to-month,Yes             ,Electronic check         ,94.1,California,Hemet                 ,33.644585,-116.871544,77,No     ,No               ,0,None   ,12,No             ,No            ,0.0,80,974.6,2837.0,Low,8,1,9,Resolved
1750-CSKKM,Male  ,0,No     ,Yes       ,9,Yes         ,No              ,DSL            ,No                 ,Yes                ,No                 ,Month-to-month,No              ,Electronic check         ,55.35,California,Imperial Beach        ,32.579134,-117.119009,40,No     ,No               ,0,Offer E,27,No             ,Yes           ,0.0,0,369.18,818.9300000000001,Low,7,0,7,Resolved
3038-PQIUY,Female,0,No     ,No        ,38,Yes         ,Yes             ,DSL            ,No                 ,No                 ,No                 ,Month-to-month,Yes             ,Bank transfer (automatic),66.15,California,Dulzura               ,32.622999,-116.687855,39,No     ,No               ,0,None   ,13,No             ,Yes           ,0.0,0,765.32,3287.7200000000003,High,7,0,7,Resolved
9880-TDQAC,Female,0,Yes    ,Yes       ,72,No          ,No phone service,DSL            ,Yes                ,Yes                ,Yes                ,Two year      ,Yes             ,Electronic check         ,60.0,California,El Cajon              ,32.832706,-116.873258,63,Yes    ,Yes              ,3,None   ,16,Yes            ,Yes           ,25.67,0,0.0,4238.33,High,1,5,6,Resolved
8050-DVOJX,Male  ,1,No     ,No        ,49,Yes         ,Yes             ,DSL            ,Yes                ,No                 ,Yes                ,Two year      ,No              ,Credit card (automatic)  ,81.35,California,Keeler                ,36.560498,-117.962461,67,No     ,No               ,0,Offer B,10,Yes            ,Yes           ,0.0,0,2116.31,6177.21,High,6,1,7,Resolved
1866-ZSLJM,Male  ,0,No     ,No        ,21,Yes         ,No              ,No             ,No internet service,No internet service,No internet service,Month-to-month,No              ,Credit card (automatic)  ,20.5,California,Valley Ford           ,38.339996,-122.935056,31,No     ,No               ,0,Offer D,0,No             ,No            ,0.0,0,690.69,1093.54,High,7,1,8,Resolved
6682-QJDGB,Male  ,0,No     ,Yes       ,40,Yes         ,No              ,DSL            ,No                 ,No                 ,No                 ,Month-to-month,Yes             ,Mailed check             ,55.25,California,Borrego Springs       ,33.200369,-116.192313,20,No     ,No               ,0,None   ,76,No             ,Yes           ,0.0,0,323.2,2462.4,Low,6,0,6,NotResolved
9031-ZVQPT,Male  ,0,Yes    ,No        ,72,Yes         ,Yes             ,Fiber optic    ,Yes                ,Yes                ,Yes                ,Two year      ,Yes             ,Electronic check         ,108.2,California,San Francisco         ,37.794487,-122.42227,21,Yes    ,Yes              ,10,None   ,71,Yes            ,Yes           ,0.0,0,1021.68,8862.28,High,0,6,6,Resolved
7673-BQGKU,Female,0,Yes    ,Yes       ,69,Yes         ,No              ,No             ,No internet service,No internet service,No internet service,Two year      ,No              ,Bank transfer (automatic),20.15,California,Carlsbad              ,33.098018,-117.258203,64,Yes    ,Yes              ,6,None   ,0,No             ,No            ,0.0,0,791.4300000000001,2128.9300000000003,High,0,3,3,Resolved
6818-WOBHJ,Female,1,Yes    ,No        ,68,Yes         ,Yes             ,Fiber optic    ,No                 ,No                 ,Yes                ,Month-to-month,Yes             ,Bank transfer (automatic),89.6,California,Fulton                ,38.493888,-122.777141,70,Yes    ,Yes              ,1,Offer A,24,No             ,Yes           ,0.0,0,1640.84,7768.44,Low,6,1,7,Resolved
5577-OTWWW,Female,0,No     ,No        ,15,Yes         ,No              ,No             ,No internet service,No internet service,No internet service,Month-to-month,No              ,Bank transfer (automatic),19.75,California,San Jose              ,37.186141,-121.843554,54,No     ,No               ,0,Offer D,0,No             ,No            ,0.0,0,597.6,894.9000000000001,Low,6,0,6,Resolved
5447-VYTKW,Male  ,0,No     ,No        ,27,Yes         ,No              ,DSL            ,Yes                ,No                 ,No                 ,Month-to-month,No              ,Mailed check             ,53.45,California,Los Angeles           ,34.037251,-118.423573,53,No     ,No               ,0,None   ,28,No             ,Yes           ,0.0,0,407.43,1868.88,Medium,7,0,7,Resolved
6715-OFDBP,Male  ,0,No     ,No        ,5,Yes         ,No              ,DSL            ,No                 ,Yes                ,Yes                ,Month-to-month,Yes             ,Electronic check         ,70.05,California,Palo Alto             ,37.386978,-122.177746,52,No     ,No               ,0,None   ,26,Yes            ,Yes           ,0.0,0,71.3,417.7,Low,8,0,8,Resolved
4291-YZODP,Female,0,No     ,Yes       ,7,Yes         ,No              ,No             ,No internet service,No internet service,No internet service,One year      ,No              ,Mailed check             ,20.05,California,San Carlos            ,37.497915,-122.267361,56,No     ,No               ,0,Offer E,0,No             ,No            ,0.0,0,347.62,444.42,High,6,1,7,Resolved
0156-FVPTA,Male  ,0,Yes    ,No        ,22,Yes         ,No              ,DSL            ,Yes                ,No                 ,No                 ,Month-to-month,Yes             ,Electronic check         ,54.2,California,Solvang               ,34.624399,-120.137875,48,Yes    ,Yes              ,1,Offer D,21,No             ,Yes           ,0.0,0,599.28,1751.98,Low,8,0,8,Resolved
9986-BONCE,Female,0,No     ,No        ,4,Yes         ,No              ,No             ,No internet service,No internet service,No internet service,Month-to-month,No              ,Bank transfer (automatic),20.95,California,Fallbrook             ,33.362575,-117.299644,36,No     ,No               ,0,None   ,0,No             ,No            ,0.0,0,8.04,93.54,Low,8,0,8,Resolved
3097-NNSPB,Female,0,No     ,No        ,2,Yes         ,No              ,DSL            ,No                 ,No                 ,No                 ,Month-to-month,Yes             ,Credit card (automatic)  ,49.05,California,Valley Ford           ,38.339996,-122.935056,42,No     ,No               ,0,Offer E,13,No             ,No            ,0.0,40,29.4,160.5,Low,9,0,9,Resolved
9469-WEJBT,Male  ,0,Yes    ,No        ,37,Yes         ,No              ,Fiber optic    ,Yes                ,No                 ,Yes                ,Month-to-month,Yes             ,Electronic check         ,90.35,California,Carnelian Bay         ,39.227434,-120.091806,56,Yes    ,Yes              ,4,None   ,22,Yes            ,No            ,0.0,150,258.63,3827.93,Medium,7,1,8,Resolved
6946-LMSQS,Male  ,1,Yes    ,No        ,25,Yes         ,Yes             ,Fiber optic    ,No                 ,No                 ,Yes                ,One year      ,Yes             ,Electronic check         ,89.05,California,Temecula              ,33.507255,-117.029473,80,Yes    ,Yes              ,3,Offer C,25,No             ,Yes           ,0.0,0,840.7500000000001,3018.2,Low,9,0,9,Resolved
7598-UAASY,Male  ,0,Yes    ,No        ,2,Yes         ,No              ,Fiber optic    ,No                 ,No                 ,No                 ,Month-to-month,No              ,Electronic check         ,76.4,California,Marshall              ,38.129308,-122.834815,19,Yes    ,Yes              ,1,Offer E,51,No             ,Yes           ,0.0,0,41.0,192.8,Low,7,1,8,Resolved
1205-WNWPJ,Female,0,No     ,No        ,7,Yes         ,No              ,DSL            ,Yes                ,Yes                ,No                 ,Month-to-month,Yes             ,Mailed check             ,59.5,California,Lakehead              ,40.883853,-122.418258,54,No     ,No               ,0,Offer E,22,No             ,Yes           ,0.0,0,15.68,431.63,Medium,9,1,10,Resolved
1193-RTSLK,Female,0,No     ,No        ,38,Yes         ,No              ,Fiber optic    ,No                 ,No                 ,No                 ,Month-to-month,Yes             ,Credit card (automatic)  ,83.9,California,Happy Camp            ,41.831901,-123.487478,26,No     ,No               ,0,None   ,48,Yes            ,Yes           ,0.0,0,1374.84,4608.44,Low,8,0,8,Resolved
1219-NNDDO,Female,0,No     ,No        ,9,Yes         ,Yes             ,Fiber optic    ,No                 ,No                 ,No                 ,Month-to-month,Yes             ,Electronic check         ,76.85,California,Los Angeles           ,34.039224,-118.266293,51,No     ,No               ,0,Offer E,8,No             ,Yes           ,0.0,0,381.69,1045.2399999999998,High,1,4,5,Resolved
6683-VLCTZ,Male  ,1,No     ,No        ,20,Yes         ,Yes             ,Fiber optic    ,No                 ,Yes                ,Yes                ,Month-to-month,Yes             ,Electronic check         ,98.55,California,Johannesburg          ,35.363339,-117.637641,73,No     ,No               ,0,None   ,13,No             ,No            ,0.0,120,888.8,2851.6,Medium,9,1,10,NotResolved
0060-FUALY,Female,0,Yes    ,No        ,59,Yes         ,Yes             ,Fiber optic    ,No                 ,Yes                ,No                 ,Month-to-month,Yes             ,Electronic check         ,94.75,California,Los Angeles           ,33.964131,-118.272783,60,Yes    ,Yes              ,4,Offer B,14,No             ,Yes           ,0.0,0,967.01,6564.66,Medium,1,3,4,NotResolved
4749-VFKVB,Female,0,No     ,No        ,1,Yes         ,Yes             ,DSL            ,No                 ,No                 ,No                 ,Month-to-month,Yes             ,Mailed check             ,50.1,California,Inverness             ,38.099323,-122.945723,47,No     ,No               ,0,None   ,14,No             ,Yes           ,0.0,0,46.49,96.59,Low,9,0,9,Resolved
1545-ACTAS,Female,0,Yes    ,Yes       ,48,Yes         ,No              ,Fiber optic    ,No                 ,Yes                ,Yes                ,One year      ,Yes             ,Bank transfer (automatic),99.7,California,West Covina           ,34.061634,-117.893169,53,Yes    ,Yes              ,2,Offer B,29,Yes            ,Yes           ,0.0,0,1736.64,6713.84,Medium,1,3,4,Resolved
8329-UTMVM,Male  ,1,No     ,No        ,27,Yes         ,Yes             ,Fiber optic    ,Yes                ,Yes                ,Yes                ,One year      ,Yes             ,Bank transfer (automatic),104.65,California,Bakersfield           ,35.140938,-119.051348,76,No     ,No               ,0,Offer C,19,No             ,Yes           ,0.0,0,928.53,3892.53,High,0,4,4,Resolved
2778-OCLGR,Male  ,1,Yes    ,No        ,24,No          ,No phone service,DSL            ,No                 ,No                 ,Yes                ,Month-to-month,No              ,Bank transfer (automatic),39.1,California,Soda Springs          ,39.279068,-120.414275,75,Yes    ,Yes              ,1,None   ,5,No             ,Yes           ,0.0,0,0.0,971.3,Low,8,0,8,Resolved
8791-GFXLZ,Male  ,0,No     ,No        ,12,Yes         ,No              ,DSL            ,No                 ,No                 ,No                 ,Month-to-month,Yes             ,Bank transfer (automatic),49.05,California,San Jose              ,37.375156,-121.795867,58,No     ,No               ,0,None   ,12,No             ,Yes           ,29.32,0,537.36,1101.09,High,7,1,8,NotResolved
6458-CYIDZ,Female,1,No     ,No        ,5,Yes         ,No              ,Fiber optic    ,No                 ,No                 ,No                 ,Month-to-month,No              ,Electronic check         ,80.7,California,Albion                ,39.225694,-123.717354,72,No     ,No               ,0,Offer E,17,No             ,Yes           ,0.0,0,181.35,556.1500000000001,High,0,6,6,Resolved
1264-BYWMS,Male  ,0,No     ,No        ,55,Yes         ,Yes             ,Fiber optic    ,No                 ,Yes                ,Yes                ,Month-to-month,Yes             ,Electronic check         ,96.8,California,La Grange             ,37.666587,-120.411517,40,No     ,No               ,0,Offer B,29,Yes            ,Yes           ,0.0,0,2605.9,7889.85,Low,8,0,8,Resolved
2737-WFVYW,Female,0,No     ,No        ,2,No          ,No phone service,DSL            ,No                 ,Yes                ,Yes                ,Month-to-month,Yes             ,Electronic check         ,45.25,California,Marina Del Rey        ,33.977468,-118.445475,28,No     ,No               ,0,None   ,48,Yes            ,No            ,0.0,10,0.0,95.5,Low,7,1,8,Resolved
5567-WSELE,Male  ,1,Yes    ,No        ,3,Yes         ,Yes             ,Fiber optic    ,No                 ,Yes                ,Yes                ,Month-to-month,Yes             ,Electronic check         ,94.6,California,Richmond              ,37.945288,-122.383941,70,Yes    ,Yes              ,1,Offer E,27,No             ,Yes           ,0.0,0,96.93,376.48,Low,8,1,9,Resolved
7233-DRTRF,Male  ,0,Yes    ,No        ,63,Yes         ,Yes             ,Fiber optic    ,No                 ,Yes                ,Yes                ,Month-to-month,Yes             ,Electronic check         ,102.4,California,Fresno                ,36.749403,-119.787574,47,Yes    ,Yes              ,1,None   ,15,Yes            ,Yes           ,0.0,0,1118.25,7562.3,High,0,5,5,NotResolved
3419-SNJJD,Female,1,Yes    ,No        ,65,Yes         ,Yes             ,Fiber optic    ,No                 ,Yes                ,Yes                ,Month-to-month,No              ,Bank transfer (automatic),105.25,California,Yorba Linda           ,33.884073,-117.732197,78,Yes    ,Yes              ,3,Offer B,28,No             ,Yes           ,0.0,0,1195.35,7981.75,Low,9,1,10,NotResolved
0135-NMXAP,Female,0,No     ,No        ,12,Yes         ,Yes             ,Fiber optic    ,No                 ,Yes                ,No                 ,Month-to-month,Yes             ,Bank transfer (automatic),89.75,California,Lodi                  ,38.123544,-121.159078,57,No     ,No               ,0,Offer D,6,No             ,Yes           ,0.0,0,172.56,1224.96,Medium,9,1,10,Resolved
5759-RCVCB,Female,0,No     ,No        ,3,No          ,No phone service,DSL            ,No                 ,Yes                ,No                 ,Month-to-month,No              ,Credit card (automatic)  ,35.2,California,Orange                ,33.792791,-117.789749,20,No     ,No               ,0,Offer E,30,No             ,Yes           ,0.0,0,0.0,108.95,Low,10,0,10,Resolved
3043-SUDUA,Female,0,No     ,No        ,32,Yes         ,No              ,No             ,No internet service,No internet service,No internet service,Month-to-month,No              ,Bank transfer (automatic),19.9,California,West Sacramento       ,38.592745,-121.540036,35,No     ,No               ,0,Offer C,0,No             ,No            ,0.0,0,496.96,1098.51,Medium,1,3,4,Resolved
0702-PGIBZ,Male  ,0,No     ,Yes       ,4,Yes         ,Yes             ,Fiber optic    ,No                 ,Yes                ,Yes                ,Month-to-month,Yes             ,Electronic check         ,101.7,California,Dutch Flat            ,39.197215,-120.83679,28,No     ,No               ,0,Offer E,85,Yes            ,Yes           ,1.48,0,104.64,467.71,Low,9,1,10,Resolved
9185-TQCVP,Male  ,0,Yes    ,No        ,14,Yes         ,Yes             ,Fiber optic    ,No                 ,No                 ,Yes                ,Month-to-month,Yes             ,Electronic check         ,85.15,California,Albany                ,37.890274,-122.295192,27,Yes    ,Yes              ,1,None   ,42,Yes            ,Yes           ,38.48,0,298.2,1398.92,Low,10,1,11,NotResolved
4690-LLKUA,Male  ,1,No     ,No        ,17,Yes         ,No              ,DSL            ,No                 ,No                 ,No                 ,Month-to-month,Yes             ,Electronic check         ,45.05,California,Topaz                 ,38.636052,-119.489162,68,No     ,No               ,0,None   ,2,No             ,Yes           ,0.0,0,695.81,1466.41,Low,6,1,7,Resolved
7599-FKVXZ,Male  ,0,Yes    ,No        ,42,Yes         ,Yes             ,Fiber optic    ,Yes                ,Yes                ,Yes                ,Month-to-month,Yes             ,Bank transfer (automatic),106.15,California,South Pasadena        ,34.110444,-118.156957,54,Yes    ,Yes              ,1,None   ,21,Yes            ,Yes           ,0.0,0,101.22,4613.92,Low,9,0,9,NotResolved
0345-HKJVM,Female,0,No     ,No        ,6,Yes         ,No              ,Fiber optic    ,No                 ,Yes                ,Yes                ,Month-to-month,No              ,Electronic check         ,89.3,California,El Cajon              ,32.832706,-116.873258,43,No     ,No               ,0,None   ,22,Yes            ,Yes           ,0.0,0,15.6,593.2,Low,10,1,11,Resolved
3372-CDXFJ,Male  ,0,Yes    ,Yes       ,13,Yes         ,Yes             ,No             ,No internet service,No internet service,No internet service,One year      ,No              ,Bank transfer (automatic),24.5,California,San Quentin           ,37.942551,-122.491642,31,Yes    ,Yes              ,8,None   ,0,No             ,No            ,0.0,0,633.1,976.7,High,1,6,7,NotResolved
7524-VRLPL,Male  ,1,No     ,No        ,69,Yes         ,Yes             ,DSL            ,Yes                ,No                 ,Yes                ,Two year      ,No              ,Credit card (automatic)  ,74.1,California,Manchester            ,38.966713,-123.586412,71,No     ,No               ,0,Offer A,10,Yes            ,Yes           ,0.0,0,921.84,5952.84,Medium,0,4,4,Resolved
0375-HVGXO,Female,0,No     ,No        ,1,No          ,No phone service,DSL            ,No                 ,Yes                ,No                 ,Month-to-month,Yes             ,Electronic check         ,34.7,California,Los Angeles           ,33.954017,-118.402447,31,No     ,No               ,0,Offer E,8,No             ,Yes           ,0.0,0,0.0,34.7,Medium,8,0,8,Resolved
4658-HCOHW,Female,0,Yes    ,Yes       ,21,Yes         ,No              ,Fiber optic    ,Yes                ,Yes                ,Yes                ,Month-to-month,Yes             ,Electronic check         ,102.8,California,Redwood Valley        ,39.298065,-123.25211,52,Yes    ,Yes              ,1,None   ,3,Yes            ,Yes           ,0.0,0,350.07000000000005,2460.2200000000003,Low,10,0,10,Resolved
4115-BNPJY,Male  ,0,Yes    ,Yes       ,29,Yes         ,No              ,DSL            ,Yes                ,Yes                ,Yes                ,Two year      ,No              ,Mailed check             ,75.55,California,National City         ,32.67102,-117.095235,60,Yes    ,Yes              ,7,None   ,7,Yes            ,Yes           ,0.0,0,941.34,2995.74,High,1,5,6,Resolved
4791-QRGMF,Male  ,0,Yes    ,No        ,59,Yes         ,Yes             ,Fiber optic    ,No                 ,Yes                ,Yes                ,One year      ,Yes             ,Bank transfer (automatic),99.5,California,Miranda               ,40.210895,-123.86,33,Yes    ,Yes              ,1,Offer B,5,Yes            ,Yes           ,0.0,0,634.84,6595.9400000000005,Medium,7,0,7,Resolved
4116-TZAQJ,Female,0,No     ,No        ,9,Yes         ,No              ,Fiber optic    ,No                 ,No                 ,No                 ,Month-to-month,Yes             ,Credit card (automatic)  ,74.25,California,Culver City           ,33.993991,-118.39704,23,No     ,No               ,0,None   ,76,Yes            ,Yes           ,0.0,0,124.74,764.39,Low,7,1,8,NotResolved
8495-LJDFO,Female,1,No     ,No        ,64,Yes         ,Yes             ,Fiber optic    ,Yes                ,Yes                ,Yes                ,Month-to-month,Yes             ,Bank transfer (automatic),108.95,California,Rancho Santa Margarita,33.624654,-117.611733,76,No     ,No               ,0,None   ,24,No             ,Yes           ,0.0,0,1463.04,8574.34,High,1,3,4,Resolved
4109-CYRBD,Male  ,1,Yes    ,No        ,29,Yes         ,Yes             ,DSL            ,No                 ,No                 ,No                 ,Month-to-month,Yes             ,Electronic check         ,51.6,California,Menifee               ,33.653338,-117.178271,77,Yes    ,Yes              ,1,Offer C,9,No             ,Yes           ,0.0,0,1091.85,2533.85,High,0,4,4,NotResolved
6484-LATFU,Male  ,0,No     ,No        ,68,Yes         ,Yes             ,No             ,No internet service,No internet service,No internet service,Two year      ,No              ,Mailed check             ,24.55,California,Linden                ,38.047746,-121.030499,20,No     ,No               ,0,None   ,0,No             ,No            ,0.0,0,397.12,2054.52,Medium,0,4,4,Resolved
7994-UYIVZ,Male  ,0,Yes    ,No        ,8,Yes         ,Yes             ,Fiber optic    ,No                 ,No                 ,Yes                ,Month-to-month,Yes             ,Bank transfer (automatic),85.65,California,Miramonte             ,36.696759,-119.024051,62,Yes    ,Yes              ,1,Offer E,16,Yes            ,No            ,0.0,70,316.72,1046.17,High,7,1,8,NotResolved
5797-APWZC,Female,0,No     ,No        ,1,Yes         ,No              ,Fiber optic    ,No                 ,Yes                ,Yes                ,Month-to-month,No              ,Electronic check         ,90.6,California,San Francisco         ,37.789168,-122.395009,41,No     ,No               ,0,Offer E,22,Yes            ,Yes           ,0.0,0,31.68,122.28,Low,9,0,9,Resolved
1241-EZFMJ,Male  ,0,Yes    ,No        ,61,Yes         ,Yes             ,No             ,No internet service,No internet service,No internet service,Two year      ,No              ,Bank transfer (automatic),25.45,California,Ontario               ,34.035602,-117.591528,48,Yes    ,Yes              ,2,Offer B,0,No             ,No            ,0.0,0,703.3299999999999,2241.93,High,0,5,5,NotResolved
7384-GHBPI,Male  ,0,Yes    ,No        ,3,No          ,No phone service,DSL            ,No                 ,No                 ,Yes                ,Month-to-month,Yes             ,Electronic check         ,35.15,California,San Dimas             ,34.102119,-117.815532,61,Yes    ,Yes              ,1,Offer E,13,Yes            ,Yes           ,0.0,0,0.0,99.75,Low,8,0,8,Resolved
3950-VPYJB,Male  ,0,Yes    ,Yes       ,57,Yes         ,No              ,DSL            ,Yes                ,No                 ,No                 ,One year      ,No              ,Mailed check             ,59.6,California,Chester               ,40.243494,-121.154733,37,Yes    ,Yes              ,7,None   ,58,No             ,No            ,0.0,70,829.35,4408.75,Medium,1,3,4,NotResolved
9688-YGXVR,Female,0,No     ,No        ,44,Yes         ,No              ,Fiber optic    ,No                 ,Yes                ,No                 ,Month-to-month,Yes             ,Credit card (automatic)  ,88.15,California,Salida                ,37.713152,-121.08739,35,No     ,No               ,0,Offer B,24,No             ,Yes           ,0.0,0,1444.52,5417.719999999999,High,0,6,6,NotResolved
2371-KFUOG,Male  ,0,No     ,No        ,58,Yes         ,No              ,Fiber optic    ,No                 ,Yes                ,Yes                ,One year      ,No              ,Bank transfer (automatic),99.15,California,Escondido             ,33.081478,-117.033814,54,No     ,No               ,0,Offer B,14,Yes            ,Yes           ,0.0,0,1894.86,7615.809999999999,Medium,1,3,4,Resolved
4430-UZIPO,Male  ,0,No     ,No        ,3,No          ,No phone service,DSL            ,Yes                ,No                 ,No                 ,Month-to-month,Yes             ,Mailed check             ,36.85,California,Los Angeles           ,34.066367,-118.309868,44,No     ,No               ,0,Offer E,21,No             ,Yes           ,0.0,0,0.0,108.7,Low,9,1,10,NotResolved
2265-CYWIV,Female,1,Yes    ,No        ,4,Yes         ,Yes             ,Fiber optic    ,No                 ,Yes                ,Yes                ,Month-to-month,Yes             ,Electronic check         ,99.6,California,Hickman               ,37.605926,-120.69955,68,Yes    ,Yes              ,1,None   ,20,No             ,Yes           ,25.79,0,75.64,397.5,Low,7,0,7,NotResolved
1131-QQZEB,Male  ,1,Yes    ,No        ,71,Yes         ,Yes             ,No             ,No internet service,No internet service,No internet service,Two year      ,No              ,Bank transfer (automatic),23.95,California,Sunset Beach          ,33.719221,-118.073596,66,Yes    ,Yes              ,7,Offer A,0,No             ,No            ,0.0,0,2181.12,3937.32,Medium,1,6,7,Resolved
9194-GFVOI,Female,0,Yes    ,No        ,42,Yes         ,Yes             ,DSL            ,Yes                ,Yes                ,Yes                ,Two year      ,No              ,Credit card (automatic)  ,84.35,California,Tahoma                ,39.061227,-120.179546,25,Yes    ,Yes              ,4,None   ,52,Yes            ,Yes           ,0.0,0,413.28,3984.88,High,0,6,6,Resolved
3275-RHRNE,Male  ,0,Yes    ,Yes       ,28,No          ,No phone service,DSL            ,Yes                ,Yes                ,Yes                ,One year      ,Yes             ,Credit card (automatic)  ,60.0,California,Keeler                ,36.560498,-117.962461,58,Yes    ,Yes              ,8,None   ,52,Yes            ,Yes           ,0.0,0,0.0,1682.05,High,8,0,8,NotResolved
7110-BDTWG,Female,0,Yes    ,No        ,71,No          ,No phone service,DSL            ,Yes                ,No                 ,Yes                ,Two year      ,Yes             ,Electronic check         ,47.05,California,San Jose              ,37.339533,-121.777179,59,Yes    ,Yes              ,4,None   ,6,Yes            ,Yes           ,0.0,0,0.0,3263.6,High,7,0,7,Resolved
7312-XSBAT,Male  ,0,No     ,No        ,1,Yes         ,No              ,DSL            ,No                 ,No                 ,No                 ,Month-to-month,No              ,Electronic check         ,49.75,California,Bakersfield           ,35.391733,-118.984109,47,No     ,No               ,0,Offer E,14,No             ,Yes           ,0.0,0,41.79,91.54,High,7,0,7,Resolved
3279-DYZQM,Male  ,0,Yes    ,Yes       ,71,Yes         ,No              ,No             ,No internet service,No internet service,No internet service,Two year      ,No              ,Mailed check             ,19.45,California,Santa Clarita         ,34.502432,-118.41459,21,Yes    ,Yes              ,6,None   ,0,No             ,No            ,0.0,0,802.3000000000001,2180.75,High,6,0,6,Resolved
3662-FXJFO,Female,0,No     ,No        ,54,Yes         ,No              ,No             ,No internet service,No internet service,No internet service,Two year      ,Yes             ,Mailed check             ,20.5,California,Redondo Beach         ,33.873395,-118.37019,44,No     ,No               ,0,Offer B,0,No             ,No            ,0.0,0,584.82,1620.52,High,1,4,5,NotResolved
3348-CFRNX,Female,0,Yes    ,No        ,28,Yes         ,No              ,Fiber optic    ,No                 ,Yes                ,Yes                ,Month-to-month,Yes             ,Mailed check             ,92.35,California,Healdsburg            ,38.618347,-122.908422,47,Yes    ,Yes              ,1,None   ,20,Yes            ,Yes           ,0.0,0,1054.48,3657.38,Low,7,0,7,Resolved
3006-XIMLN,Female,0,No     ,Yes       ,2,Yes         ,Yes             ,Fiber optic    ,No                 ,Yes                ,Yes                ,Month-to-month,Yes             ,Bank transfer (automatic),94.2,California,Garden Valley         ,38.852544,-120.837669,34,No     ,No               ,0,None   ,13,Yes            ,Yes           ,0.0,0,85.78,279.58000000000004,Low,7,1,8,Resolved
1073-XXCZD,Male  ,0,Yes    ,No        ,55,Yes         ,Yes             ,No             ,No internet service,No internet service,No internet service,Two year      ,No              ,Bank transfer (automatic),25.7,California,Bakersfield           ,35.559617,-118.925185,54,Yes    ,Yes              ,1,None   ,0,No             ,No            ,0.0,0,671.5500000000001,2115.2000000000003,High,7,0,7,Resolved
3164-AALRN,Male  ,0,No     ,No        ,5,Yes         ,No              ,DSL            ,No                 ,Yes                ,Yes                ,One year      ,Yes             ,Mailed check             ,70.0,California,Greenwood             ,38.921333,-120.897718,39,No     ,No               ,0,None   ,22,Yes            ,No            ,0.0,10,226.25,583.65,Low,7,1,8,Resolved
2351-RRBUE,Female,0,Yes    ,Yes       ,7,Yes         ,No              ,No             ,No internet service,No internet service,No internet service,One year      ,No              ,Mailed check             ,20.65,California,Tulelake              ,41.813521,-121.492666,20,Yes    ,Yes              ,2,Offer E,0,No             ,No            ,0.0,0,291.48,425.53,High,7,0,7,Resolved
9381-NDKME,Female,1,Yes    ,No        ,24,No          ,No phone service,DSL            ,No                 ,No                 ,Yes                ,Month-to-month,Yes             ,Credit card (automatic)  ,40.65,California,El Monte              ,34.079934,-118.046695,74,Yes    ,Yes              ,1,Offer C,29,No             ,Yes           ,0.0,0,0.0,933.3,Low,8,0,8,Resolved
1343-EHPYB,Male  ,0,Yes    ,No        ,63,Yes         ,Yes             ,Fiber optic    ,No                 ,Yes                ,Yes                ,Month-to-month,Yes             ,Electronic check         ,103.4,California,Ranchita              ,33.215251,-116.53633,61,Yes    ,Yes              ,2,None   ,13,Yes            ,Yes           ,0.0,0,3083.8500000000004,9686.85,Low,9,0,9,Resolved
3313-QKNKB,Male  ,0,Yes    ,No        ,59,Yes         ,Yes             ,Fiber optic    ,No                 ,No                 ,Yes                ,One year      ,No              ,Electronic check         ,85.55,California,Pebble Beach          ,36.587497,-121.944815,24,Yes    ,No               ,0,Offer B,52,Yes            ,Yes           ,0.0,0,407.69,5492.339999999999,Medium,8,0,8,Resolved
2636-ALXXZ,Female,1,No     ,No        ,1,Yes         ,No              ,Fiber optic    ,No                 ,No                 ,No                 ,Month-to-month,Yes             ,Electronic check         ,69.6,California,Tahoe Vista           ,39.24124,-120.054765,68,No     ,No               ,0,Offer E,10,No             ,Yes           ,0.0,0,45.8,115.4,Low,7,0,7,Resolved
6574-MCOEH,Female,0,Yes    ,Yes       ,33,Yes         ,Yes             ,DSL            ,Yes                ,Yes                ,Yes                ,One year      ,Yes             ,Electronic check         ,79.15,California,Escondido             ,33.21846,-117.116916,47,Yes    ,Yes              ,2,None   ,18,Yes            ,No            ,0.0,20,1042.47,3593.87,High,7,1,8,NotResolved
3174-AKMAS,Female,0,Yes    ,No        ,46,Yes         ,No              ,DSL            ,Yes                ,Yes                ,No                 ,Two year      ,Yes             ,Credit card (automatic)  ,64.2,California,Hume                  ,36.807595,-118.901544,61,Yes    ,Yes              ,1,None   ,6,No             ,Yes           ,0.0,0,1702.92,4712.42,High,1,5,6,NotResolved
2894-QOJRX,Female,0,Yes    ,No        ,25,No          ,No phone service,DSL            ,No                 ,Yes                ,No                 ,Month-to-month,Yes             ,Bank transfer (automatic),34.0,California,San Diego             ,32.827238,-117.089287,19,Yes    ,Yes              ,1,Offer C,82,No             ,Yes           ,0.0,0,0.0,853.0,Low,9,1,10,Resolved
6595-YGXIT,Male  ,1,No     ,No        ,25,Yes         ,Yes             ,Fiber optic    ,No                 ,Yes                ,No                 ,Month-to-month,Yes             ,Electronic check         ,88.95,California,Boulder Creek         ,37.171727,-122.142961,71,No     ,No               ,0,Offer C,23,No             ,Yes           ,0.0,0,1191.5,3482.7,Low,10,0,10,NotResolved
0292-WEGCH,Female,0,Yes    ,Yes       ,54,Yes         ,Yes             ,DSL            ,Yes                ,Yes                ,Yes                ,Month-to-month,Yes             ,Electronic check         ,86.2,California,Death Valley          ,36.27688,-117.033326,40,Yes    ,Yes              ,7,Offer B,12,Yes            ,Yes           ,0.0,0,233.82,4757.87,Medium,0,5,5,Resolved
9761-XUJWD,Male  ,0,No     ,No        ,5,Yes         ,No              ,DSL            ,Yes                ,No                 ,Yes                ,Month-to-month,Yes             ,Bank transfer (automatic),65.6,California,Fresno                ,36.841655,-119.797113,22,No     ,No               ,0,None   ,59,Yes            ,Yes           ,0.0,0,43.0,382.9,High,6,0,6,Resolved
9907-SWKKF,Female,1,No     ,No        ,1,No          ,No phone service,DSL            ,No                 ,No                 ,No                 ,Month-to-month,No              ,Mailed check             ,25.05,California,Twain                 ,40.022184,-121.062384,69,No     ,No               ,0,Offer E,21,No             ,Yes           ,0.0,0,0.0,25.05,Low,6,1,7,Resolved
8859-DZTGQ,Male  ,0,No     ,No        ,33,Yes         ,No              ,No             ,No internet service,No internet service,No internet service,Two year      ,No              ,Mailed check             ,20.35,California,Petaluma              ,38.237018,-122.77872,21,No     ,No               ,0,None   ,0,No             ,No            ,0.0,0,477.84,1167.59,Medium,7,0,7,Resolved
8884-ADFVN,Male  ,1,Yes    ,No        ,7,Yes         ,Yes             ,Fiber optic    ,No                 ,Yes                ,Yes                ,Month-to-month,Yes             ,Electronic check         ,101.95,California,Roseville             ,38.759751,-121.288545,65,Yes    ,Yes              ,2,None   ,3,Yes            ,Yes           ,0.0,0,242.62,943.47,Low,7,0,7,Resolved
8337-MSSXB,Female,0,No     ,No        ,14,Yes         ,No              ,Fiber optic    ,No                 ,No                 ,Yes                ,Month-to-month,Yes             ,Electronic check         ,86.3,California,Trabuco Canyon        ,33.631119,-117.567346,64,No     ,No               ,0,None   ,26,Yes            ,No            ,0.0,10,410.2,1601.15,Low,7,0,7,Resolved
5443-SCMKX,Female,0,Yes    ,No        ,58,Yes         ,Yes             ,Fiber optic    ,No                 ,No                 ,Yes                ,One year      ,Yes             ,Electronic check         ,94.3,California,Newbury Park          ,34.172071,-118.946262,49,Yes    ,Yes              ,1,None   ,26,Yes            ,No            ,5.55,150,1240.04,6994.639999999999,Medium,7,0,7,Resolved
9170-CCKOU,Male  ,0,Yes    ,No        ,17,Yes         ,Yes             ,Fiber optic    ,No                 ,No                 ,No                 ,Month-to-month,No              ,Credit card (automatic)  ,90.2,California,Fremont               ,37.516791,-121.899117,62,Yes    ,Yes              ,1,Offer D,9,No             ,Yes           ,0.0,0,205.02,1659.17,Low,9,0,9,NotResolved
7242-QZLXF,Male  ,0,No     ,Yes       ,1,No          ,No phone service,DSL            ,No                 ,No                 ,No                 ,Month-to-month,Yes             ,Electronic check         ,25.3,California,Truckee               ,39.342498,-120.247127,20,No     ,No               ,0,None   ,51,No             ,No            ,0.0,10,0.0,35.3,Low,9,1,10,Resolved
3088-LHEFH,Female,0,No     ,No        ,11,Yes         ,Yes             ,Fiber optic    ,No                 ,No                 ,No                 ,Month-to-month,Yes             ,Bank transfer (automatic),79.0,California,Pollock Pines         ,38.733908,-120.453416,28,No     ,No               ,0,Offer D,48,No             ,Yes           ,0.0,0,110.66,1039.96,Medium,1,4,5,Resolved
9190-MFJLN,Male  ,1,No     ,No        ,19,Yes         ,No              ,Fiber optic    ,No                 ,Yes                ,Yes                ,Month-to-month,Yes             ,Credit card (automatic)  ,95.9,California,Vallecito             ,38.055562,-120.456298,65,No     ,No               ,0,Offer D,4,Yes            ,Yes           ,0.0,0,622.6300000000001,2400.53,Low,6,1,7,Resolved
7361-YPXFS,Female,1,No     ,No        ,28,Yes         ,Yes             ,DSL            ,Yes                ,No                 ,No                 ,Month-to-month,No              ,Bank transfer (automatic),64.45,California,Brawley               ,33.03933,-115.191857,67,No     ,No               ,0,None   ,23,No             ,Yes           ,0.0,0,356.16,2223.76,High,1,4,5,Resolved
3450-WXOAT,Male  ,0,No     ,No        ,46,Yes         ,No              ,DSL            ,No                 ,No                 ,No                 ,Month-to-month,Yes             ,Credit card (automatic)  ,45.2,California,Bakersfield           ,35.342891,-119.064803,36,No     ,No               ,0,Offer B,16,No             ,Yes           ,0.0,0,1109.98,3175.13,High,7,0,7,Resolved
6178-KFNHS,Female,0,No     ,Yes       ,12,Yes         ,Yes             ,Fiber optic    ,No                 ,No                 ,No                 ,Month-to-month,Yes             ,Electronic check         ,78.3,California,Hughson               ,37.5923,-120.853288,34,No     ,No               ,0,Offer D,25,No             ,Yes           ,0.0,0,429.6,1338.85,Low,9,1,10,Resolved
8020-BWHYL,Female,1,No     ,No        ,15,Yes         ,No              ,Fiber optic    ,No                 ,No                 ,No                 ,Month-to-month,Yes             ,Credit card (automatic)  ,75.3,California,Montrose              ,34.2112,-118.230625,70,No     ,No               ,0,None   ,27,No             ,Yes           ,0.0,0,119.85,1267.3,Medium,9,1,10,Resolved
2988-GBIVW,Female,1,Yes    ,No        ,70,Yes         ,Yes             ,Fiber optic    ,No                 ,No                 ,Yes                ,Month-to-month,Yes             ,Electronic check         ,90.85,California,Knights Landing       ,38.875508,-121.765866,68,Yes    ,Yes              ,10,None   ,25,Yes            ,Yes           ,0.0,0,2695.0,9165.1,High,6,0,6,Resolved
9003-CPATH,Male  ,0,No     ,No        ,42,Yes         ,Yes             ,Fiber optic    ,No                 ,No                 ,No                 ,Month-to-month,No              ,Electronic check         ,79.9,California,Carson                ,33.822295,-118.26411,53,No     ,No               ,0,None   ,14,No             ,Yes           ,23.47,0,397.3200000000001,3687.250000000001,High,7,0,7,Resolved
7181-BQYBV,Female,0,Yes    ,Yes       ,1,Yes         ,Yes             ,Fiber optic    ,No                 ,Yes                ,Yes                ,Month-to-month,Yes             ,Electronic check         ,102.45,California,Garden Grove          ,33.782955,-118.026456,52,Yes    ,Yes              ,1,None   ,9,Yes            ,Yes           ,0.0,0,25.88,128.33,Low,8,0,8,Resolved
4110-PFEUZ,Female,0,No     ,No        ,1,Yes         ,No              ,Fiber optic    ,No                 ,No                 ,No                 ,Month-to-month,No              ,Mailed check             ,69.55,California,Daggett               ,34.875144,-116.821698,54,No     ,No               ,0,Offer E,13,No             ,Yes           ,0.0,0,29.78,99.33,Low,7,0,7,Resolved
3091-FYHKI,Male  ,0,No     ,No        ,1,No          ,No phone service,DSL            ,No                 ,No                 ,Yes                ,Month-to-month,Yes             ,Electronic check         ,35.45,California,Harbor City           ,33.798266,-118.300237,64,No     ,No               ,0,Offer E,22,Yes            ,Yes           ,0.0,0,0.0,35.45,Medium,8,1,9,Resolved
7623-TRNQN,Male  ,0,No     ,Yes       ,1,Yes         ,No              ,DSL            ,Yes                ,No                 ,No                 ,Month-to-month,Yes             ,Mailed check             ,49.9,California,Jackson               ,38.336216,-120.76901,34,No     ,No               ,0,None   ,17,No             ,Yes           ,0.0,0,39.6,89.5,Low,7,1,8,Resolved
1423-BMPBQ,Female,0,Yes    ,Yes       ,1,Yes         ,No              ,No             ,No internet service,No internet service,No internet service,Month-to-month,Yes             ,Mailed check             ,19.0,California,Anaheim               ,33.850452,-117.726668,62,Yes    ,Yes              ,1,Offer E,0,No             ,No            ,0.0,0,28.28,47.28,High,1,5,6,Resolved
5397-NSKQG,Male  ,0,Yes    ,Yes       ,67,No          ,No phone service,DSL            ,No                 ,Yes                ,Yes                ,Two year      ,No              ,Credit card (automatic)  ,50.9,California,Los Altos             ,37.349546,-122.134356,39,Yes    ,Yes              ,2,Offer A,17,Yes            ,Yes           ,0.0,0,0.0,3281.65,High,6,1,7,Resolved
0098-BOWSO,Male  ,0,No     ,No        ,27,Yes         ,No              ,No             ,No internet service,No internet service,No internet service,Month-to-month,Yes             ,Electronic check         ,19.4,California,San Jose              ,37.387027,-121.897775,26,No     ,No               ,0,None   ,0,No             ,No            ,0.0,0,557.82,1087.62,High,1,4,5,Resolved
8017-LXHFA,Female,1,No     ,No        ,23,Yes         ,No              ,Fiber optic    ,No                 ,Yes                ,Yes                ,Month-to-month,Yes             ,Electronic check         ,94.75,California,Davis Creek           ,41.750354,-120.403885,77,No     ,No               ,0,Offer D,23,No             ,Yes           ,0.0,0,716.9100000000001,3010.51,Low,9,1,10,Resolved
3002-WQZWT,Female,0,No     ,No        ,29,Yes         ,Yes             ,Fiber optic    ,No                 ,No                 ,No                 ,Month-to-month,Yes             ,Electronic check         ,74.2,California,Murrieta              ,33.581045,-117.14719,25,No     ,No               ,0,Offer C,82,No             ,Yes           ,0.0,0,475.02,2468.27,High,0,6,6,Resolved
1624-WOIWJ,Female,0,No     ,No        ,10,Yes         ,No              ,Fiber optic    ,No                 ,Yes                ,No                 ,Month-to-month,Yes             ,Mailed check             ,84.7,California,Nicasio               ,38.065359,-122.665566,40,No     ,No               ,0,None   ,18,No             ,Yes           ,12.81,0,456.9,1276.14,Low,6,0,6,Resolved
5569-OUICF,Female,1,Yes    ,No        ,28,Yes         ,Yes             ,Fiber optic    ,Yes                ,Yes                ,Yes                ,Month-to-month,Yes             ,Credit card (automatic)  ,101.3,California,Santee                ,32.847336,-116.997605,67,Yes    ,Yes              ,1,Offer C,20,No             ,Yes           ,0.0,0,460.04,3272.24,Medium,6,1,7,Resolved
6390-DSAZX,Female,0,No     ,Yes       ,1,Yes         ,No              ,Fiber optic    ,No                 ,No                 ,No                 ,Month-to-month,Yes             ,Mailed check             ,73.6,California,Guatay                ,32.857946,-116.561917,21,No     ,No               ,0,None   ,52,Yes            ,Yes           ,0.0,0,6.19,79.78999999999999,Low,8,0,8,Resolved
1363-TXLSL,Male  ,1,Yes    ,No        ,1,Yes         ,No              ,Fiber optic    ,No                 ,No                 ,No                 ,Month-to-month,Yes             ,Electronic check         ,70.3,California,San Lucas             ,36.125529,-120.864443,80,Yes    ,No               ,0,Offer E,27,No             ,Yes           ,0.0,0,39.1,109.4,Low,10,1,11,Resolved
4009-ALQFH,Female,0,No     ,No        ,25,Yes         ,No              ,Fiber optic    ,No                 ,Yes                ,Yes                ,Month-to-month,Yes             ,Electronic check         ,99.5,California,Groveland             ,37.902968,-119.667544,35,No     ,No               ,0,None   ,8,Yes            ,Yes           ,19.5,0,1210.5,3560.05,Medium,9,1,10,NotResolved
9029-FEGVJ,Female,1,Yes    ,No        ,32,Yes         ,Yes             ,Fiber optic    ,No                 ,No                 ,No                 ,Month-to-month,No              ,Mailed check             ,79.3,California,Yosemite National Park,37.704267,-119.607001,68,Yes    ,Yes              ,2,Offer C,11,No             ,Yes           ,0.0,0,69.44,2639.44,Medium,1,3,4,Resolved
7234-FECYN,Female,1,No     ,No        ,8,Yes         ,Yes             ,Fiber optic    ,No                 ,Yes                ,Yes                ,Month-to-month,No              ,Electronic check         ,101.35,California,San Gabriel           ,34.089927,-118.095645,78,No     ,No               ,0,None   ,27,No             ,Yes           ,0.0,0,351.84,1132.34,Medium,6,1,7,Resolved
5197-PYEPU,Female,0,Yes    ,Yes       ,42,Yes         ,Yes             ,Fiber optic    ,No                 ,Yes                ,No                 ,One year      ,Yes             ,Credit card (automatic)  ,94.45,California,Edwards               ,34.966777,-117.961179,21,Yes    ,Yes              ,5,Offer B,69,No             ,No            ,0.0,140,267.54,4331.34,Medium,6,1,7,NotResolved
9025-AOMKI,Female,0,No     ,No        ,6,Yes         ,Yes             ,Fiber optic    ,No                 ,Yes                ,Yes                ,Month-to-month,Yes             ,Bank transfer (automatic),93.55,California,Carpinteria           ,34.441398,-119.513163,42,No     ,No               ,0,Offer E,5,Yes            ,Yes           ,0.0,0,262.79999999999995,799.1999999999999,Low,7,0,7,Resolved
2506-TNFCO,Female,1,Yes    ,No        ,1,Yes         ,No              ,Fiber optic    ,No                 ,No                 ,No                 ,Month-to-month,Yes             ,Electronic check         ,69.55,California,Riverside             ,34.004379,-117.447864,76,Yes    ,Yes              ,1,None   ,22,No             ,Yes           ,0.0,0,12.46,82.00999999999999,Low,6,1,7,Resolved
7083-MIOPC,Female,0,No     ,No        ,72,Yes         ,No              ,No             ,No internet service,No internet service,No internet service,Two year      ,No              ,Credit card (automatic)  ,20.25,California,Burbank               ,34.174215,-118.345928,62,No     ,No               ,0,None   ,0,No             ,No            ,0.0,0,3049.92,4616.82,High,0,5,5,Resolved
2284-VFLKH,Male  ,0,Yes    ,No        ,49,Yes         ,No              ,Fiber optic    ,Yes                ,Yes                ,Yes                ,One year      ,Yes             ,Credit card (automatic)  ,99.25,California,Clipper Mills         ,39.562239,-121.14836,23,Yes    ,Yes              ,4,Offer B,27,Yes            ,Yes           ,0.0,0,1662.57,6583.37,Medium,1,5,6,Resolved
0733-VUNUW,Male  ,0,No     ,No        ,24,Yes         ,Yes             ,DSL            ,No                 ,No                 ,No                 ,Month-to-month,Yes             ,Bank transfer (automatic),55.65,California,San Francisco         ,37.758085,-122.434801,43,No     ,No               ,0,None   ,5,No             ,No            ,0.0,60,215.76,1676.31,Low,9,0,9,Resolved
7055-VKGDA,Male  ,0,No     ,No        ,54,Yes         ,No              ,Fiber optic    ,Yes                ,Yes                ,Yes                ,One year      ,Yes             ,Credit card (automatic)  ,105.4,California,Clarksburg            ,38.384648,-121.578701,31,No     ,No               ,0,Offer B,26,Yes            ,Yes           ,0.0,0,2698.92,8342.32,Low,8,0,8,Resolved
7030-FZTFM,Male  ,0,Yes    ,Yes       ,72,Yes         ,Yes             ,Fiber optic    ,Yes                ,Yes                ,Yes                ,Two year      ,No              ,Credit card (automatic)  ,110.9,California,Gonzales              ,36.52588,-121.396719,31,Yes    ,Yes              ,5,Offer A,11,Yes            ,No            ,0.0,130,3263.04,11315.79,High,0,3,3,Resolved
0619-OLYUR,Male  ,0,Yes    ,No        ,72,Yes         ,Yes             ,Fiber optic    ,Yes                ,Yes                ,Yes                ,Two year      ,Yes             ,Credit card (automatic)  ,111.9,California,Garden Grove          ,33.787165,-117.931889,32,Yes    ,Yes              ,1,None   ,27,Yes            ,Yes           ,0.0,0,3443.76,11514.81,Medium,8,0,8,Resolved
9451-WLYRI,Female,0,Yes    ,No        ,53,Yes         ,No              ,No             ,No internet service,No internet service,No internet service,One year      ,No              ,Credit card (automatic)  ,19.05,California,Ranchita              ,33.215251,-116.53633,50,Yes    ,Yes              ,5,Offer B,0,No             ,No            ,0.0,0,2450.7200000000003,3441.17,High,7,0,7,Resolved
6849-OYAMU,Male  ,0,Yes    ,Yes       ,19,Yes         ,No              ,Fiber optic    ,Yes                ,Yes                ,Yes                ,One year      ,No              ,Bank transfer (automatic),100.0,California,Indio                 ,33.713891,-116.237257,56,Yes    ,Yes              ,1,None   ,20,Yes            ,Yes           ,0.0,0,835.0500000000001,2723.7000000000003,Low,7,1,8,Resolved
7014-ZZXAW,Female,0,Yes    ,No        ,71,Yes         ,Yes             ,No             ,No internet service,No internet service,No internet service,Two year      ,Yes             ,Credit card (automatic)  ,24.25,California,Montclair             ,34.072121,-117.698319,30,Yes    ,Yes              ,1,None   ,0,No             ,No            ,0.0,0,582.9100000000001,2315.86,High,0,6,6,Resolved
8878-HMWBV,Male  ,0,No     ,No        ,3,Yes         ,No              ,DSL            ,No                 ,No                 ,No                 ,Month-to-month,Yes             ,Electronic check         ,49.15,California,Nice                  ,39.12334,-122.838198,47,No     ,No               ,0,Offer E,29,No             ,No            ,0.0,10,122.37,301.42,Low,6,1,7,Resolved
1216-JWVUX,Male  ,0,Yes    ,Yes       ,25,Yes         ,No              ,Fiber optic    ,No                 ,No                 ,No                 ,Month-to-month,Yes             ,Electronic check         ,75.5,California,San Miguel            ,35.886767,-120.608661,51,Yes    ,Yes              ,4,None   ,58,No             ,Yes           ,0.0,0,111.5,2012.55,Medium,0,4,4,Resolved
1724-BQUHA,Male  ,1,No     ,No        ,5,Yes         ,No              ,Fiber optic    ,No                 ,Yes                ,Yes                ,Month-to-month,Yes             ,Electronic check         ,89.5,California,Los Gatos             ,37.233034,-121.947427,67,No     ,No               ,0,None   ,6,No             ,Yes           ,0.0,0,228.6,706.3,Low,6,1,7,Resolved
0841-NULXI,Male  ,0,No     ,No        ,1,No          ,No phone service,DSL            ,No                 ,No                 ,Yes                ,Month-to-month,Yes             ,Electronic check         ,35.55,California,Stockton              ,38.044523,-121.348048,38,No     ,No               ,0,None   ,26,Yes            ,Yes           ,0.0,0,0.0,35.55,Low,7,0,7,Resolved
9419-IPPBE,Female,0,Yes    ,Yes       ,51,Yes         ,Yes             ,Fiber optic    ,No                 ,No                 ,Yes                ,One year      ,Yes             ,Electronic check         ,90.15,California,Solana Beach          ,33.001813,-117.263628,21,Yes    ,Yes              ,4,Offer B,59,Yes            ,Yes           ,0.0,0,1014.9,5569.75,Medium,1,3,4,Resolved
1262-OPMFY,Female,0,Yes    ,No        ,9,Yes         ,No              ,Fiber optic    ,No                 ,No                 ,No                 ,Month-to-month,Yes             ,Bank transfer (automatic),75.75,California,Likely                ,41.266008,-120.490731,46,Yes    ,Yes              ,1,Offer E,25,No             ,Yes           ,0.0,0,285.75,941.65,Medium,9,0,9,Resolved
3452-SRFEG,Male  ,0,No     ,No        ,49,Yes         ,Yes             ,Fiber optic    ,No                 ,No                 ,No                 ,Month-to-month,Yes             ,Bank transfer (automatic),74.6,California,La Verne              ,34.144703,-117.770299,39,No     ,No               ,0,Offer B,18,No             ,Yes           ,0.0,0,1167.18,4887.53,High,7,1,8,Resolved
8383-SGHJU,Female,0,No     ,No        ,33,Yes         ,Yes             ,DSL            ,Yes                ,No                 ,No                 ,One year      ,No              ,Electronic check         ,59.4,California,Lake Arrowhead        ,34.2565,-117.19335,41,No     ,No               ,0,None   ,7,No             ,Yes           ,0.0,0,339.23999999999995,2292.04,Medium,1,4,5,Resolved
8874-EJNSR,Male  ,0,Yes    ,Yes       ,39,Yes         ,Yes             ,No             ,No internet service,No internet service,No internet service,Two year      ,No              ,Mailed check             ,25.2,California,Salinas               ,36.624338,-121.615669,64,Yes    ,Yes              ,8,None   ,0,No             ,No            ,0.0,0,799.1099999999999,1787.06,High,6,0,6,Resolved
8901-HJXTF,Female,0,Yes    ,Yes       ,12,No          ,No phone service,DSL            ,No                 ,No                 ,No                 ,Month-to-month,No              ,Mailed check             ,29.2,California,Oceanside             ,33.254497,-117.285879,46,Yes    ,Yes              ,1,None   ,27,No             ,Yes           ,0.0,0,0.0,309.1,Low,9,0,9,Resolved
7684-XSZIY,Male  ,0,Yes    ,Yes       ,72,Yes         ,Yes             ,No             ,No internet service,No internet service,No internet service,Two year      ,No              ,Bank transfer (automatic),24.3,California,Loomis                ,38.809175,-121.171375,53,Yes    ,Yes              ,3,Offer A,0,No             ,No            ,0.0,0,1470.2400000000002,3113.49,High,1,5,6,Resolved
3785-KTYSH,Male  ,0,No     ,No        ,53,Yes         ,Yes             ,No             ,No internet service,No internet service,No internet service,Two year      ,No              ,Mailed check             ,24.6,California,Mission Hills         ,34.266389,-118.459744,24,No     ,No               ,0,None   ,0,No             ,No            ,37.68,0,1810.48,3051.8,High,0,5,5,Resolved
2138-VFAPZ,Female,0,Yes    ,Yes       ,14,Yes         ,No              ,No             ,No internet service,No internet service,No internet service,Two year      ,Yes             ,Mailed check             ,19.7,California,San Francisco         ,37.820894,-122.369725,40,Yes    ,Yes              ,8,Offer D,0,No             ,No            ,0.0,0,214.62,478.27,High,6,1,7,Resolved
2790-XUYMV,Male  ,0,No     ,Yes       ,71,Yes         ,Yes             ,Fiber optic    ,No                 ,No                 ,No                 ,One year      ,Yes             ,Credit card (automatic)  ,85.45,California,Mount Hamilton        ,37.382909,-121.634151,19,No     ,No               ,0,None   ,30,No             ,Yes           ,0.0,0,2264.19,8293.14,High,1,5,6,Resolved
0761-AETCS,Female,0,No     ,No        ,1,Yes         ,No              ,No             ,No internet service,No internet service,No internet service,Month-to-month,No              ,Electronic check         ,19.3,California,Colton                ,34.030915,-117.273201,58,No     ,No               ,0,Offer E,0,No             ,No            ,0.0,0,25.62,44.92,Low,9,0,9,Resolved
8225-BTJAU,Male  ,1,No     ,No        ,10,Yes         ,No              ,Fiber optic    ,No                 ,No                 ,Yes                ,Month-to-month,Yes             ,Electronic check         ,79.25,California,Stinson Beach         ,37.921137,-122.657562,75,No     ,No               ,0,Offer D,18,No             ,Yes           ,0.0,0,75.1,868.65,Low,8,0,8,Resolved
2260-USTRB,Female,1,No     ,No        ,2,Yes         ,No              ,Fiber optic    ,No                 ,No                 ,No                 ,Month-to-month,Yes             ,Bank transfer (automatic),70.2,California,Campo                 ,32.673483,-116.472863,75,No     ,No               ,0,None   ,28,No             ,Yes           ,0.0,0,19.1,135.05,Low,6,1,7,Resolved
2999-AANRQ,Female,0,No     ,No        ,21,Yes         ,No              ,DSL            ,Yes                ,Yes                ,No                 ,Two year      ,No              ,Credit card (automatic)  ,71.05,California,Sacramento            ,38.619049,-121.517552,23,No     ,No               ,0,None   ,71,No             ,No            ,16.91,140,364.35,2012.29,High,1,6,7,Resolved
2080-GKCWQ,Male  ,0,No     ,No        ,2,Yes         ,No              ,Fiber optic    ,No                 ,No                 ,No                 ,Month-to-month,No              ,Electronic check         ,74.95,California,San Pablo             ,37.980269,-122.342635,54,No     ,No               ,0,None   ,16,No             ,Yes           ,0.0,0,7.52,159.27,High,7,0,7,Resolved
4512-ZUIYL,Female,0,No     ,No        ,2,Yes         ,No              ,Fiber optic    ,No                 ,No                 ,No                 ,Month-to-month,No              ,Bank transfer (automatic),70.0,California,Sunnyvale             ,37.421633,-122.009613,31,No     ,No               ,0,Offer E,10,No             ,Yes           ,0.0,0,75.52,228.57,Medium,8,1,9,Resolved
3148-AOIQT,Female,0,Yes    ,No        ,69,Yes         ,Yes             ,No             ,No internet service,No internet service,No internet service,Two year      ,Yes             ,Credit card (automatic)  ,24.95,California,Sacramento            ,38.691607,-121.602284,23,Yes    ,Yes              ,10,None   ,0,No             ,No            ,0.0,0,3113.28,4831.629999999999,Medium,0,5,5,Resolved
0748-RDGGM,Male  ,0,Yes    ,No        ,70,Yes         ,No              ,Fiber optic    ,Yes                ,Yes                ,Yes                ,One year      ,Yes             ,Bank transfer (automatic),109.5,California,Tarzana               ,34.157137,-118.548511,38,Yes    ,Yes              ,1,None   ,26,Yes            ,Yes           ,0.0,0,2774.1000000000004,10308.75,Low,8,0,8,Resolved
1157-BQCUW,Male  ,0,No     ,No        ,1,Yes         ,Yes             ,Fiber optic    ,No                 ,No                 ,No                 ,Month-to-month,Yes             ,Electronic check         ,74.95,California,Fall River Mills      ,41.017282,-121.468945,59,No     ,No               ,0,Offer E,26,No             ,Yes           ,0.0,0,30.07,105.02,Low,8,1,9,Resolved
1891-UAWWU,Female,1,Yes    ,No        ,20,Yes         ,Yes             ,Fiber optic    ,No                 ,Yes                ,No                 ,Month-to-month,No              ,Electronic check         ,90.8,California,Johannesburg          ,35.363339,-117.637641,79,Yes    ,Yes              ,1,None   ,17,No             ,Yes           ,0.0,0,95.4,2046.4,Low,8,0,8,Resolved
6168-WFVVF,Female,1,No     ,No        ,3,Yes         ,No              ,Fiber optic    ,No                 ,No                 ,No                 ,Month-to-month,Yes             ,Electronic check         ,70.3,California,Palm Springs          ,33.839989,-116.659215,69,No     ,No               ,0,None   ,16,No             ,Yes           ,0.0,0,16.62,252.12,Medium,9,0,9,Resolved
6543-JXSOO,Female,0,Yes    ,Yes       ,23,Yes         ,No              ,DSL            ,Yes                ,No                 ,No                 ,One year      ,Yes             ,Mailed check             ,57.75,California,Clipper Mills         ,39.562239,-121.14836,30,Yes    ,Yes              ,5,Offer D,41,No             ,Yes           ,0.0,0,296.24,1579.09,Medium,0,3,3,Resolved
4706-AXVKM,Female,1,No     ,No        ,11,Yes         ,Yes             ,Fiber optic    ,No                 ,No                 ,Yes                ,Month-to-month,Yes             ,Credit card (automatic)  ,84.8,California,Stevenson Ranch       ,34.364153,-118.615583,78,No     ,No               ,0,None   ,5,No             ,Yes           ,0.0,0,45.1,951.95,Low,6,1,7,Resolved
3097-FQTVJ,Female,0,No     ,No        ,41,Yes         ,No              ,No             ,No internet service,No internet service,No internet service,Two year      ,No              ,Mailed check             ,20.0,California,Denair                ,37.524721,-120.757977,23,No     ,No               ,0,Offer B,0,No             ,No            ,0.0,0,413.69,1223.99,High,1,3,4,Resolved
2054-PJOCK,Female,0,No     ,No        ,60,Yes         ,Yes             ,DSL            ,Yes                ,Yes                ,Yes                ,One year      ,No              ,Credit card (automatic)  ,80.55,California,Corona                ,33.833686,-117.513063,32,No     ,No               ,0,None   ,18,Yes            ,Yes           ,0.0,0,966.6,5813.65,High,1,6,7,NotResolved
9646-NMHXE,Male  ,0,Yes    ,No        ,47,Yes         ,No              ,No             ,No internet service,No internet service,No internet service,Two year      ,No              ,Mailed check             ,19.65,California,San Geronimo          ,38.00474,-122.663717,63,Yes    ,Yes              ,7,None   ,0,No             ,No            ,0.0,0,307.38,1280.48,High,7,0,7,Resolved
7551-DACSP,Male  ,0,Yes    ,Yes       ,6,Yes         ,No              ,DSL            ,No                 ,No                 ,No                 ,Month-to-month,Yes             ,Mailed check             ,55.3,California,Hat Creek             ,40.789799,-121.474529,49,Yes    ,Yes              ,1,Offer E,19,No             ,Yes           ,0.0,0,11.16,335.41,Low,9,0,9,Resolved
0357-NVCRI,Female,0,No     ,Yes       ,25,Yes         ,No              ,No             ,No internet service,No internet service,No internet service,Month-to-month,No              ,Credit card (automatic)  ,20.05,California,El Cajon              ,32.832706,-116.873258,41,No     ,No               ,0,Offer C,0,No             ,No            ,0.0,0,321.75,793.45,High,1,3,4,Resolved
2659-VXMWZ,Male  ,0,Yes    ,Yes       ,67,Yes         ,Yes             ,Fiber optic    ,No                 ,Yes                ,Yes                ,One year      ,Yes             ,Electronic check         ,111.3,California,Newport Coast         ,33.603282,-117.821841,58,Yes    ,No               ,0,Offer A,21,Yes            ,Yes           ,0.0,0,1959.08,9441.18,Medium,8,1,9,Resolved
0235-KGSLC,Female,0,No     ,No        ,1,Yes         ,No              ,Fiber optic    ,No                 ,Yes                ,No                 ,Month-to-month,Yes             ,Credit card (automatic)  ,85.55,California,Buellton              ,34.631362,-120.238218,45,No     ,No               ,0,Offer E,4,No             ,Yes           ,0.0,0,33.34,118.89,Low,8,1,9,NotResolved
1760-CAZHT,Male  ,0,No     ,Yes       ,25,Yes         ,No              ,No             ,No internet service,No internet service,No internet service,Month-to-month,No              ,Mailed check             ,20.8,California,Glendale              ,34.167926,-118.267539,55,No     ,No               ,0,None   ,0,No             ,No            ,21.81,0,76.75,515.14,High,6,0,6,Resolved
7217-JYHOQ,Male  ,0,Yes    ,Yes       ,24,Yes         ,No              ,DSL            ,Yes                ,No                 ,Yes                ,Month-to-month,Yes             ,Credit card (automatic)  ,70.3,California,Burbank               ,34.174215,-118.345928,30,Yes    ,Yes              ,6,None   ,26,Yes            ,Yes           ,0.0,0,1069.68,2776.13,Medium,0,6,6,NotResolved
4367-NUYAO,Male  ,0,Yes    ,Yes       ,0,Yes         ,Yes             ,No             ,No internet service,No internet service,No internet service,Two year      ,No              ,Mailed check             ,25.75,California,Cupertino             ,37.306612,-122.080621,39,Yes    ,Yes              ,5,None   ,0,No             ,No            ,0.0,0,228.3,485.8,High,0,5,5,Resolved
8050-XGRVL,Female,0,Yes    ,Yes       ,62,Yes         ,No              ,DSL            ,No                 ,No                 ,No                 ,One year      ,No              ,Credit card (automatic)  ,54.75,California,Millville             ,40.531257,-122.148139,22,Yes    ,Yes              ,5,Offer B,71,No             ,Yes           ,8.5,0,2041.04,5457.89,High,7,0,7,Resolved
2833-SLKDQ,Male  ,0,No     ,No        ,1,Yes         ,No              ,DSL            ,No                 ,No                 ,No                 ,Month-to-month,No              ,Mailed check             ,45.05,California,Caspar                ,39.361283,-123.784599,23,No     ,No               ,0,None   ,73,Yes            ,Yes           ,0.0,0,48.03,93.08,Low,9,0,9,Resolved
0875-CABNR,Female,1,No     ,No        ,10,Yes         ,No              ,Fiber optic    ,No                 ,No                 ,Yes                ,Month-to-month,Yes             ,Credit card (automatic)  ,84.6,California,San Luis Obispo       ,35.233745,-120.626442,70,No     ,No               ,0,None   ,30,Yes            ,Yes           ,0.0,0,168.5,1034.05,Medium,9,1,10,Resolved
7576-ASEJU,Female,0,Yes    ,Yes       ,41,Yes         ,No              ,DSL            ,Yes                ,Yes                ,Yes                ,One year      ,Yes             ,Credit card (automatic)  ,74.7,California,Azusa                 ,34.174493,-117.87068,38,Yes    ,Yes              ,10,Offer B,11,Yes            ,Yes           ,0.0,0,1031.56,4219.21,High,0,6,6,Resolved
9158-VCTQB,Female,0,Yes    ,No        ,41,Yes         ,Yes             ,Fiber optic    ,Yes                ,Yes                ,Yes                ,Month-to-month,Yes             ,Bank transfer (automatic),113.6,California,Los Angeles           ,34.017697,-118.200577,41,Yes    ,Yes              ,1,None   ,10,Yes            ,Yes           ,0.0,0,205.41,4800.36,Low,9,0,9,Resolved
1074-WVEVG,Female,0,Yes    ,No        ,59,Yes         ,No              ,No             ,No internet service,No internet service,No internet service,One year      ,No              ,Mailed check             ,20.35,California,Los Angeles           ,34.029043,-118.239504,29,Yes    ,Yes              ,6,None   ,0,No             ,No            ,0.0,0,1854.37,3121.37,High,0,6,6,Resolved
7254-IQWOZ,Male  ,0,No     ,No        ,1,Yes         ,No              ,Fiber optic    ,No                 ,No                 ,No                 ,Month-to-month,Yes             ,Electronic check         ,69.65,California,Redding               ,40.587919,-122.464732,30,No     ,No               ,0,Offer E,69,No             ,Yes           ,0.0,0,28.7,98.35,Low,6,0,6,Resolved
7969-AULMZ,Female,0,No     ,No        ,21,Yes         ,Yes             ,Fiber optic    ,No                 ,Yes                ,Yes                ,Month-to-month,Yes             ,Electronic check         ,97.35,California,San Francisco         ,37.791222,-122.402241,63,No     ,No               ,0,None   ,10,Yes            ,Yes           ,0.0,0,190.26,2309.76,Medium,8,1,9,Resolved
7255-SSFBC,Male  ,0,Yes    ,Yes       ,72,Yes         ,Yes             ,Fiber optic    ,Yes                ,Yes                ,Yes                ,Two year      ,Yes             ,Bank transfer (automatic),112.25,California,Northridge            ,34.238208,-118.55029,42,Yes    ,Yes              ,2,Offer A,28,Yes            ,Yes           ,0.0,0,839.52,8881.17,High,1,6,7,Resolved
4671-LXRDQ,Male  ,0,No     ,No        ,2,Yes         ,No              ,DSL            ,No                 ,No                 ,No                 ,Month-to-month,Yes             ,Mailed check             ,45.0,California,Salyer                ,40.89866,-123.539754,44,No     ,No               ,0,None   ,3,No             ,No            ,0.0,30,34.5,160.95,Low,9,0,9,Resolved
0787-LHDYT,Male  ,0,No     ,No        ,16,Yes         ,No              ,No             ,No internet service,No internet service,No internet service,Month-to-month,Yes             ,Credit card (automatic)  ,20.6,California,Carmel Valley         ,36.414611,-121.6386,36,No     ,No               ,0,Offer D,0,No             ,No            ,0.0,0,535.04,865.29,Medium,6,1,7,Resolved
2272-QAGFO,Female,1,No     ,No        ,14,Yes         ,Yes             ,Fiber optic    ,No                 ,No                 ,No                 ,Month-to-month,Yes             ,Electronic check         ,74.3,California,Inglewood             ,33.936827,-118.359824,75,No     ,No               ,0,None   ,10,No             ,Yes           ,0.0,0,490.98,1587.23,Medium,7,1,8,Resolved
4829-AUOAX,Female,0,No     ,No        ,46,Yes         ,Yes             ,Fiber optic    ,No                 ,Yes                ,Yes                ,Month-to-month,No              ,Bank transfer (automatic),96.05,California,Los Angeles           ,34.043144,-118.251977,57,No     ,No               ,0,None   ,8,Yes            ,No            ,0.0,80,284.28,4763.78,Low,7,1,8,Resolved
8851-RAGOV,Female,0,Yes    ,No        ,25,Yes         ,No              ,DSL            ,Yes                ,No                 ,Yes                ,Month-to-month,Yes             ,Mailed check             ,71.05,California,Simi Valley           ,34.269449,-118.768471,25,Yes    ,Yes              ,10,None   ,73,Yes            ,Yes           ,28.08,0,58.5,1868.12,High,6,0,6,Resolved
6693-FRIRW,Male  ,0,No     ,No        ,18,Yes         ,No              ,Fiber optic    ,No                 ,Yes                ,Yes                ,Month-to-month,No              ,Credit card (automatic)  ,101.3,California,Newport Beach         ,33.601309,-117.902304,61,No     ,No               ,0,None   ,20,Yes            ,Yes           ,0.0,0,136.07999999999998,1930.73,Medium,8,0,8,Resolved
2876-VBBBL,Female,0,No     ,No        ,1,Yes         ,No              ,No             ,No internet service,No internet service,No internet service,Month-to-month,Yes             ,Mailed check             ,20.25,California,Shaver Lake           ,37.223,-119.001021,64,No     ,No               ,0,Offer E,0,No             ,No            ,0.0,0,10.71,30.96,Low,8,1,9,Resolved
2538-OIMXF,Female,0,No     ,Yes       ,1,No          ,No phone service,DSL            ,No                 ,No                 ,No                 ,Month-to-month,No              ,Mailed check             ,24.7,California,Cathedral City        ,33.829583,-116.474131,29,No     ,No               ,0,Offer E,48,No             ,No            ,0.0,70,0.0,94.7,High,0,6,6,Resolved
8668-KNZTI,Male  ,0,No     ,No        ,52,Yes         ,No              ,DSL            ,No                 ,No                 ,No                 ,One year      ,No              ,Electronic check         ,53.75,California,Sacramento            ,38.646209,-121.52446,42,No     ,No               ,0,None   ,3,No             ,Yes           ,43.12,0,2490.8,5238.33,Medium,1,3,4,Resolved
7554-NEWDD,Male  ,0,No     ,No        ,10,Yes         ,Yes             ,No             ,No internet service,No internet service,No internet service,Two year      ,No              ,Bank transfer (automatic),25.7,California,Long Beach            ,33.797638,-118.11662,44,No     ,No               ,0,None   ,0,No             ,No            ,0.0,0,321.0,572.6,High,0,1,1,Resolved
1557-EMYVT,Female,0,No     ,No        ,43,Yes         ,Yes             ,Fiber optic    ,Yes                ,Yes                ,Yes                ,Two year      ,No              ,Credit card (automatic)  ,115.05,California,Tecate                ,32.587557,-116.636816,25,No     ,No               ,0,Offer B,26,Yes            ,Yes           ,10.76,0,1068.55,5952.89,High,1,6,7,Resolved
6877-LGWXO,Male  ,1,Yes    ,No        ,18,Yes         ,No              ,Fiber optic    ,No                 ,No                 ,Yes                ,Month-to-month,No              ,Electronic check         ,78.55,California,Pleasanton            ,37.685052,-121.912061,66,Yes    ,Yes              ,1,Offer D,18,No             ,Yes           ,0.0,0,89.64000000000001,1512.2900000000002,Medium,8,0,8,Resolved
4351-QLCSU,Female,0,No     ,No        ,1,Yes         ,No              ,DSL            ,No                 ,Yes                ,No                 ,Month-to-month,Yes             ,Credit card (automatic)  ,55.0,California,Quincy                ,39.971228,-121.041166,47,No     ,No               ,0,None   ,26,No             ,Yes           ,0.0,0,32.74,87.74000000000001,Low,9,1,10,Resolved
0754-UKWQP,Male  ,0,No     ,No        ,2,Yes         ,No              ,Fiber optic    ,No                 ,Yes                ,Yes                ,Month-to-month,Yes             ,Electronic check         ,95.85,California,Cool                  ,38.880622,-120.973865,63,No     ,No               ,0,None   ,18,Yes            ,Yes           ,0.0,0,74.86,272.56,Low,6,1,7,Resolved
3721-WKIIL,Female,0,No     ,No        ,27,Yes         ,No              ,No             ,No internet service,No internet service,No internet service,Two year      ,Yes             ,Mailed check             ,19.6,California,Smartville            ,39.176595,-121.291692,62,No     ,No               ,0,None   ,0,No             ,No            ,13.07,0,416.07,964.15,High,0,3,3,Resolved
5349-IECLD,Male  ,0,No     ,No        ,2,Yes         ,No              ,Fiber optic    ,No                 ,Yes                ,Yes                ,Month-to-month,No              ,Electronic check         ,94.95,California,San Jose              ,37.284265,-121.827673,61,No     ,No               ,0,None   ,2,Yes            ,Yes           ,0.0,0,52.1,230.2,Low,8,1,9,Resolved
6393-WRYZE,Female,0,Yes    ,No        ,34,Yes         ,Yes             ,Fiber optic    ,No                 ,Yes                ,Yes                ,Month-to-month,Yes             ,Electronic check         ,97.65,California,Bridgeville           ,40.372532,-123.525626,35,Yes    ,Yes              ,1,None   ,16,Yes            ,Yes           ,0.0,0,1473.22,4680.77,Low,8,0,8,Resolved
0817-HSUSE,Male  ,0,No     ,No        ,1,Yes         ,No              ,DSL            ,Yes                ,Yes                ,Yes                ,Month-to-month,Yes             ,Electronic check         ,75.5,California,Altadena              ,34.196837,-118.142236,26,No     ,No               ,0,None   ,52,Yes            ,Yes           ,0.0,0,5.63,81.13,High,0,5,5,NotResolved
8979-CAMGB,Male  ,1,No     ,No        ,64,Yes         ,Yes             ,Fiber optic    ,Yes                ,Yes                ,Yes                ,One year      ,No              ,Electronic check         ,102.1,California,Vacaville             ,38.333133,-121.920151,67,No     ,No               ,0,None   ,26,Yes            ,Yes           ,0.0,0,644.48,7332.58,High,1,5,6,Resolved
5143-EGQFK,Female,1,No     ,No        ,10,No          ,No phone service,DSL            ,Yes                ,No                 ,No                 ,Month-to-month,Yes             ,Electronic check         ,29.65,California,Imperial              ,32.858595,-115.662709,76,No     ,No               ,0,None   ,20,No             ,No            ,0.0,110,0.0,401.4,Low,8,1,9,Resolved
1455-UGQVH,Male  ,0,Yes    ,No        ,10,Yes         ,Yes             ,Fiber optic    ,No                 ,Yes                ,Yes                ,Month-to-month,Yes             ,Electronic check         ,98.5,California,Acampo                ,38.200231,-121.235034,35,Yes    ,Yes              ,1,Offer D,18,Yes            ,Yes           ,0.0,0,10.9,1048.65,Low,9,1,10,NotResolved
6365-MTGZX,Male  ,0,No     ,No        ,24,Yes         ,No              ,Fiber optic    ,Yes                ,Yes                ,Yes                ,Month-to-month,Yes             ,Electronic check         ,96.0,California,Glendale              ,34.162515,-118.203869,44,No     ,No               ,0,None   ,2,Yes            ,Yes           ,0.0,0,594.24,2716.69,Low,7,1,8,Resolved
9725-SCPZG,Male  ,0,No     ,Yes       ,1,Yes         ,No              ,Fiber optic    ,No                 ,Yes                ,Yes                ,Month-to-month,Yes             ,Electronic check         ,90.85,California,South Lake Tahoe      ,38.911577,-120.106169,47,No     ,No               ,0,Offer E,6,Yes            ,Yes           ,0.0,0,1.13,91.98,Medium,8,1,9,Resolved
6101-IMRMM,Male  ,0,No     ,Yes       ,6,Yes         ,No              ,Fiber optic    ,No                 ,Yes                ,Yes                ,Month-to-month,No              ,Mailed check             ,94.5,California,El Segundo            ,33.917145,-118.401554,53,No     ,No               ,0,Offer E,17,Yes            ,No            ,0.0,10,99.48,684.9300000000001,Low,10,0,10,Resolved
1349-WXNGG,Male  ,0,No     ,No        ,1,Yes         ,No              ,No             ,No internet service,No internet service,No internet service,Month-to-month,No              ,Bank transfer (automatic),20.05,California,Glendale              ,34.182378,-118.262922,57,No     ,No               ,0,None   ,0,No             ,No            ,0.0,0,12.0,32.05,Low,6,0,6,Resolved
3717-OFRTN,Male  ,0,No     ,No        ,1,Yes         ,No              ,No             ,No internet service,No internet service,No internet service,Month-to-month,No              ,Bank transfer (automatic),19.75,California,Dublin                ,37.713926,-121.928425,48,No     ,No               ,0,Offer E,0,No             ,No            ,0.0,0,5.32,25.07,High,0,5,5,Resolved
8685-WHQPW,Female,1,No     ,No        ,22,Yes         ,Yes             ,Fiber optic    ,No                 ,No                 ,No                 ,Month-to-month,Yes             ,Bank transfer (automatic),74.4,California,San Diego             ,32.76501,-117.19938,79,No     ,No               ,0,None   ,23,No             ,No            ,0.0,0,111.98,1804.58,Low,8,1,9,Resolved
7799-DSEWS,Male  ,0,No     ,No        ,18,Yes         ,No              ,DSL            ,Yes                ,Yes                ,No                 ,Month-to-month,Yes             ,Electronic check         ,68.35,California,Hayward               ,37.639215,-122.037554,22,No     ,No               ,0,Offer D,48,No             ,Yes           ,0.0,0,876.24,2176.04,Medium,1,5,6,Resolved
6323-AYBRX,Male  ,0,No     ,No        ,59,Yes         ,No              ,No             ,No internet service,No internet service,No internet service,Two year      ,No              ,Mailed check             ,19.35,California,Ontario               ,34.057256,-117.667677,51,No     ,No               ,0,None   ,0,No             ,No            ,14.22,0,1571.1699999999998,2656.55,Medium,8,1,9,Resolved
0488-GSLFR,Female,0,No     ,No        ,1,Yes         ,No              ,Fiber optic    ,No                 ,No                 ,No                 ,Month-to-month,Yes             ,Electronic check         ,69.5,California,Taylorsville          ,40.053684,-120.743116,41,No     ,No               ,0,None   ,27,No             ,Yes           ,0.0,0,8.31,77.81,Low,9,1,10,NotResolved
7107-UBYKY,Female,0,Yes    ,Yes       ,35,Yes         ,Yes             ,No             ,No internet service,No internet service,No internet service,Month-to-month,Yes             ,Electronic check         ,25.75,California,Sutter                ,39.172777,-121.805845,62,Yes    ,Yes              ,5,Offer C,0,No             ,No            ,0.0,0,866.6,1749.15,High,0,5,5,Resolved
2990-HWIML,Female,0,No     ,No        ,6,Yes         ,No              ,Fiber optic    ,No                 ,Yes                ,Yes                ,Month-to-month,Yes             ,Electronic check         ,89.5,California,Ontario               ,34.074087,-117.605618,58,No     ,No               ,0,Offer E,25,Yes            ,Yes           ,0.0,0,287.52,860.8199999999999,Low,8,1,9,Resolved
2205-YMZZJ,Male  ,1,No     ,No        ,7,Yes         ,Yes             ,Fiber optic    ,No                 ,Yes                ,No                 ,Month-to-month,Yes             ,Electronic check         ,84.8,California,Clovis                ,36.814539,-119.711868,75,No     ,No               ,0,None   ,13,No             ,No            ,0.0,0,276.57,823.52,Medium,7,0,7,Resolved
8919-FYFQZ,Male  ,1,Yes    ,No        ,44,No          ,No phone service,DSL            ,No                 ,No                 ,No                 ,Month-to-month,Yes             ,Electronic check         ,30.35,California,Livermore             ,37.571748,-121.659562,73,Yes    ,Yes              ,2,None   ,28,No             ,Yes           ,0.0,0,0.0,1359.7,Low,9,1,10,Resolved
2514-GINMM,Male  ,0,No     ,No        ,1,Yes         ,No              ,Fiber optic    ,No                 ,Yes                ,No                 ,Month-to-month,Yes             ,Electronic check         ,79.5,California,Dana Point            ,33.477923,-117.705314,60,No     ,No               ,0,Offer E,23,No             ,No            ,0.0,0,48.97,128.47,Low,9,0,9,Resolved
3771-PZOBW,Male  ,0,No     ,No        ,20,Yes         ,Yes             ,Fiber optic    ,No                 ,Yes                ,No                 ,Month-to-month,Yes             ,Credit card (automatic)  ,90.7,California,Solvang               ,34.624399,-120.137875,38,No     ,No               ,0,Offer D,27,No             ,Yes           ,0.0,0,508.2,2289.55,High,7,0,7,Resolved
0991-BRRFB,Male  ,0,No     ,No        ,18,Yes         ,No              ,DSL            ,No                 ,No                 ,No                 ,Month-to-month,No              ,Electronic check         ,49.4,California,Corona                ,33.762351,-117.488725,31,No     ,No               ,0,None   ,3,No             ,Yes           ,0.0,0,375.48,1250.28,Low,7,1,8,Resolved
4343-EJVQB,Male  ,0,No     ,No        ,7,Yes         ,No              ,Fiber optic    ,No                 ,No                 ,No                 ,Month-to-month,No              ,Mailed check             ,74.35,California,Mariposa              ,37.526791,-119.99437,48,No     ,No               ,0,None   ,23,No             ,Yes           ,0.0,0,11.69,545.2900000000001,High,1,6,7,Resolved
7156-MHUGY,Male  ,1,No     ,No        ,13,Yes         ,No              ,Fiber optic    ,No                 ,Yes                ,Yes                ,Month-to-month,Yes             ,Electronic check         ,90.5,California,Buena Park            ,33.874224,-117.993368,68,No     ,No               ,0,None   ,4,Yes            ,No            ,29.84,140,339.43,1650.7400000000002,Low,7,1,8,Resolved
4598-XLKNJ,Female,1,Yes    ,No        ,25,Yes         ,No              ,Fiber optic    ,No                 ,Yes                ,Yes                ,Month-to-month,Yes             ,Electronic check         ,98.5,California,Inglewood             ,33.936291,-118.332639,78,Yes    ,Yes              ,1,Offer C,12,No             ,Yes           ,13.43,0,494.00000000000006,2995.07,Low,8,0,8,Resolved
8148-NLEGT,Female,0,Yes    ,Yes       ,42,Yes         ,Yes             ,No             ,No internet service,No internet service,No internet service,Two year      ,No              ,Electronic check         ,22.95,California,Pinecrest             ,38.224869,-119.755729,47,Yes    ,Yes              ,1,None   ,0,No             ,No            ,0.0,0,585.9,1600.15,High,0,3,3,Resolved
0621-TWIEM,Male  ,0,No     ,No        ,10,Yes         ,No              ,DSL            ,No                 ,No                 ,No                 ,Month-to-month,Yes             ,Electronic check         ,45.55,California,Newhall               ,34.370378,-118.504118,28,No     ,No               ,0,Offer D,69,Yes            ,Yes           ,0.0,0,344.4,747.0,Low,6,0,6,Resolved
4439-JMPMT,Female,0,Yes    ,Yes       ,5,Yes         ,No              ,Fiber optic    ,Yes                ,Yes                ,No                 ,Month-to-month,Yes             ,Electronic check         ,85.75,California,Comptche              ,39.239818,-123.565432,38,Yes    ,Yes              ,1,Offer E,22,No             ,Yes           ,44.16,0,5.6000000000000005,432.39,Low,7,1,8,Resolved
5829-NVSQN,Female,0,Yes    ,No        ,23,Yes         ,No              ,DSL            ,Yes                ,No                 ,Yes                ,One year      ,Yes             ,Bank transfer (automatic),68.75,California,Gonzales              ,36.52588,-121.396719,38,Yes    ,Yes              ,3,None   ,29,Yes            ,Yes           ,0.0,0,721.97,2411.42,Medium,1,4,5,Resolved
9565-AXSMR,Male  ,0,Yes    ,Yes       ,52,Yes         ,No              ,No             ,No internet service,No internet service,No internet service,Two year      ,No              ,Mailed check             ,19.2,California,Greenfield            ,36.248708,-121.386617,19,Yes    ,Yes              ,10,None   ,0,No             ,No            ,0.0,0,2119.52,3174.27,High,7,0,7,Resolved
4455-BFSPD,Female,0,Yes    ,No        ,61,Yes         ,Yes             ,Fiber optic    ,Yes                ,Yes                ,Yes                ,One year      ,No              ,Bank transfer (automatic),101.15,California,Hollister             ,36.875409,-121.279679,35,Yes    ,Yes              ,5,None   ,23,Yes            ,Yes           ,0.0,0,2203.9300000000003,8587.83,Medium,7,0,7,Resolved
3186-BAXNB,Female,0,No     ,No        ,1,Yes         ,No              ,Fiber optic    ,Yes                ,Yes                ,No                 ,Month-to-month,No              ,Electronic check         ,91.7,California,Cottonwood            ,40.336392,-122.448533,20,No     ,No               ,0,Offer E,52,Yes            ,Yes           ,0.0,0,17.23,108.93,Medium,7,0,7,Resolved
7168-HDQHG,Female,0,Yes    ,Yes       ,36,Yes         ,No              ,No             ,No internet service,No internet service,No internet service,Month-to-month,No              ,Bank transfer (automatic),19.2,California,Brownsville           ,39.440687,-121.263583,56,Yes    ,Yes              ,3,Offer C,0,No             ,No            ,0.0,0,740.52,1443.42,High,7,1,8,Resolved
8246-SHFGA,Male  ,0,No     ,No        ,17,Yes         ,No              ,No             ,No internet service,No internet service,No internet service,Month-to-month,No              ,Credit card (automatic)  ,21.1,California,Mount Shasta          ,41.33832,-122.290756,24,No     ,No               ,0,None   ,0,No             ,No            ,0.0,0,578.34,963.89,Medium,7,1,8,Resolved
4797-MIWUM,Male  ,0,Yes    ,Yes       ,7,Yes         ,No              ,No             ,No internet service,No internet service,No internet service,Month-to-month,Yes             ,Bank transfer (automatic),20.25,California,Goleta                ,34.489983,-120.091246,22,Yes    ,No               ,0,Offer E,0,No             ,No            ,0.0,0,348.81,523.51,High,1,5,6,Resolved
2722-JMONI,Female,1,Yes    ,No        ,1,Yes         ,No              ,DSL            ,No                 ,No                 ,No                 ,Month-to-month,Yes             ,Electronic check         ,49.55,California,Escondido             ,33.079834,-117.134275,73,Yes    ,Yes              ,1,Offer E,9,No             ,Yes           ,0.0,0,24.24,73.78999999999999,Low,7,0,7,Resolved
8865-TNMNX,Male  ,0,Yes    ,Yes       ,10,Yes         ,No              ,DSL            ,No                 ,No                 ,No                 ,One year      ,No              ,Mailed check             ,49.55,California,Los Angeles           ,33.988543,-118.334081,53,Yes    ,Yes              ,6,Offer D,7,No             ,Yes           ,0.0,0,261.70000000000005,737.4000000000001,Medium,0,3,3,NotResolved
2115-BFTIW,Male  ,0,No     ,No        ,25,Yes         ,No              ,Fiber optic    ,No                 ,No                 ,No                 ,Month-to-month,No              ,Mailed check             ,70.95,California,Clearlake Oaks        ,39.07116,-122.598542,52,No     ,No               ,0,None   ,18,No             ,No            ,0.0,20,622.75,2410.1,Low,7,1,8,Resolved
0125-LZQXK,Male  ,0,No     ,No        ,15,Yes         ,No              ,Fiber optic    ,Yes                ,Yes                ,Yes                ,Month-to-month,Yes             ,Electronic check         ,101.35,California,Big Oak Flat          ,37.818589,-120.256995,42,No     ,No               ,0,Offer D,12,Yes            ,Yes           ,0.0,0,688.8000000000001,2242.75,Low,9,1,10,Resolved
2474-BRUCM,Male  ,1,Yes    ,No        ,40,Yes         ,Yes             ,Fiber optic    ,No                 ,Yes                ,Yes                ,Month-to-month,No              ,Electronic check         ,101.85,California,Redding               ,40.527834,-122.318749,76,Yes    ,Yes              ,1,None   ,3,No             ,Yes           ,0.0,0,114.0,4200.3,Low,8,0,8,Resolved
4872-VXRIL,Male  ,0,No     ,No        ,56,Yes         ,Yes             ,DSL            ,Yes                ,No                 ,No                 ,One year      ,Yes             ,Bank transfer (automatic),64.65,California,Lancaster             ,34.741406,-118.38111,22,No     ,No               ,0,Offer B,59,No             ,Yes           ,0.0,0,2705.92,6371.47,Medium,7,0,7,Resolved
1162-ECVII,Male  ,1,Yes    ,No        ,72,Yes         ,Yes             ,Fiber optic    ,Yes                ,Yes                ,Yes                ,Two year      ,Yes             ,Bank transfer (automatic),109.75,California,Fresno                ,36.799648,-119.801247,66,Yes    ,Yes              ,1,Offer A,14,Yes            ,No            ,0.0,140,1349.28,9421.78,High,1,6,7,Resolved
6653-CBBOM,Female,0,No     ,No        ,1,Yes         ,No              ,Fiber optic    ,No                 ,No                 ,No                 ,Month-to-month,Yes             ,Electronic check         ,70.3,California,Compton               ,33.885811,-118.206459,57,No     ,No               ,0,Offer E,11,No             ,Yes           ,0.0,0,15.92,86.22,Low,8,0,8,Resolved
8444-WRIDW,Female,1,No     ,No        ,66,Yes         ,Yes             ,Fiber optic    ,No                 ,No                 ,No                 ,Month-to-month,Yes             ,Credit card (automatic)  ,80.45,California,Thousand Oaks         ,34.191842,-118.822796,72,No     ,No               ,0,None   ,24,No             ,No            ,0.0,140,3008.94,8373.29,Low,7,0,7,NotResolved
2483-XSSMZ,Female,0,No     ,No        ,39,Yes         ,No              ,DSL            ,No                 ,No                 ,No                 ,One year      ,Yes             ,Electronic check         ,47.85,California,Orinda                ,37.873916,-122.20522,22,No     ,No               ,0,None   ,82,No             ,No            ,0.0,70,987.87,2944.27,Medium,0,3,3,Resolved
3269-ATYWD,Male  ,1,No     ,No        ,39,Yes         ,Yes             ,Fiber optic    ,No                 ,Yes                ,Yes                ,Month-to-month,Yes             ,Bank transfer (automatic),95.65,California,San Francisco         ,37.800254,-122.436975,79,No     ,No               ,0,Offer C,23,No             ,No            ,0.0,150,1635.27,5544.32,Low,6,0,6,Resolved
1024-KPRBB,Female,0,No     ,No        ,38,Yes         ,No              ,Fiber optic    ,No                 ,Yes                ,Yes                ,One year      ,Yes             ,Mailed check             ,89.1,California,San Diego             ,32.72523,-117.171346,63,No     ,No               ,0,Offer C,18,Yes            ,No            ,0.0,90,1143.42,4575.42,High,1,6,7,Resolved
5899-MQZZL,Female,0,No     ,No        ,13,Yes         ,Yes             ,Fiber optic    ,No                 ,No                 ,No                 ,Month-to-month,Yes             ,Mailed check             ,75.0,California,San Ysidro            ,32.555828,-117.040073,25,No     ,No               ,0,Offer D,48,Yes            ,Yes           ,0.0,0,78.39,1077.84,Low,6,0,6,Resolved
8108-UXRQN,Female,0,Yes    ,Yes       ,11,No          ,No phone service,DSL            ,No                 ,Yes                ,Yes                ,Month-to-month,No              ,Electronic check         ,50.55,California,Lawndale              ,33.88856,-118.351813,23,Yes    ,Yes              ,1,None   ,41,Yes            ,Yes           ,0.0,0,0.0,565.35,Medium,1,3,4,Resolved
0224-HJAPT,Male  ,0,No     ,No        ,5,Yes         ,Yes             ,DSL            ,No                 ,No                 ,No                 ,Month-to-month,No              ,Electronic check         ,47.15,California,San Diego             ,32.741499,-117.127409,25,No     ,No               ,0,None   ,85,Yes            ,Yes           ,0.0,0,110.05,333.20000000000005,Low,8,1,9,Resolved
1589-AGTLK,Male  ,0,No     ,No        ,3,Yes         ,No              ,DSL            ,No                 ,No                 ,No                 ,Month-to-month,Yes             ,Electronic check         ,45.35,California,Lompoc                ,34.757477,-120.550507,26,No     ,No               ,0,None   ,59,No             ,Yes           ,0.0,0,109.44,250.94,Medium,6,1,7,Resolved
1666-JZPZT,Male  ,0,No     ,No        ,27,Yes         ,Yes             ,DSL            ,No                 ,No                 ,No                 ,Month-to-month,No              ,Mailed check             ,49.0,California,Twin Bridges          ,38.805481,-120.13287,61,No     ,No               ,0,None   ,15,No             ,Yes           ,0.0,0,72.63,1363.98,Medium,0,6,6,Resolved
0447-RXSGD,Male  ,0,No     ,No        ,24,Yes         ,Yes             ,Fiber optic    ,No                 ,Yes                ,Yes                ,Month-to-month,Yes             ,Bank transfer (automatic),99.65,California,Monterey              ,36.362741,-121.869685,39,No     ,No               ,0,Offer C,6,Yes            ,Yes           ,0.0,0,616.3199999999999,3021.17,Medium,0,5,5,Resolved
5419-JPRRN,Male  ,0,No     ,No        ,1,Yes         ,Yes             ,Fiber optic    ,No                 ,Yes                ,Yes                ,Month-to-month,Yes             ,Electronic check         ,101.45,California,Rough And Ready       ,39.225634,-121.156163,32,No     ,No               ,0,None   ,7,Yes            ,Yes           ,0.0,0,10.38,111.83,Low,7,0,7,Resolved
2359-QWQUL,Female,0,Yes    ,No        ,39,Yes         ,No              ,Fiber optic    ,Yes                ,Yes                ,Yes                ,One year      ,Yes             ,Credit card (automatic)  ,104.7,California,Los Angeles           ,34.001617,-118.222274,35,Yes    ,Yes              ,1,None   ,7,Yes            ,Yes           ,0.0,0,370.89,4505.740000000001,Low,6,0,6,Resolved
6413-XKKPU,Male  ,0,Yes    ,Yes       ,17,Yes         ,No              ,Fiber optic    ,No                 ,Yes                ,No                 ,Month-to-month,Yes             ,Electronic check         ,89.4,California,Sierra City           ,39.600599,-120.636358,54,Yes    ,Yes              ,1,None   ,22,No             ,Yes           ,0.0,0,326.23,1865.68,Low,9,0,9,Resolved
8627-EHGIP,Male  ,0,No     ,No        ,44,No          ,No phone service,DSL            ,No                 ,Yes                ,Yes                ,One year      ,Yes             ,Mailed check             ,53.95,California,Sacramento            ,38.646096,-121.442433,38,No     ,No               ,0,Offer B,4,Yes            ,Yes           ,0.0,0,0.0,2375.4,Low,10,1,11,Resolved
9269-CQOOL,Male  ,0,No     ,Yes       ,3,Yes         ,No              ,DSL            ,No                 ,Yes                ,No                 ,Month-to-month,Yes             ,Credit card (automatic)  ,54.7,California,Trinidad              ,41.162295,-124.027381,58,No     ,No               ,0,Offer E,17,No             ,Yes           ,0.0,0,8.64,178.08999999999995,Low,6,1,7,Resolved
2309-OSFEU,Male  ,0,No     ,No        ,10,No          ,No phone service,DSL            ,No                 ,No                 ,Yes                ,Month-to-month,Yes             ,Mailed check             ,33.9,California,Smith River           ,41.950683,-124.097094,42,No     ,No               ,0,None   ,30,Yes            ,Yes           ,0.0,0,0.0,298.45,Low,8,1,9,Resolved
5940-NFXKV,Male  ,0,Yes    ,Yes       ,19,Yes         ,Yes             ,Fiber optic    ,No                 ,No                 ,Yes                ,Month-to-month,Yes             ,Electronic check         ,83.65,California,Rancho Santa Fe       ,32.99356,-117.207121,59,Yes    ,Yes              ,1,None   ,25,Yes            ,No            ,0.0,130,267.71,1863.46,Low,8,0,8,Resolved
9970-QBCDA,Female,0,No     ,No        ,6,Yes         ,No              ,No             ,No internet service,No internet service,No internet service,Month-to-month,No              ,Credit card (automatic)  ,19.7,California,March Air Reserve Base,33.888323,-117.277533,50,No     ,No               ,0,Offer E,0,No             ,No            ,0.0,0,186.12,315.67,High,7,1,8,Resolved
9259-PACGQ,Female,0,Yes    ,No        ,34,Yes         ,Yes             ,DSL            ,Yes                ,No                 ,No                 ,Month-to-month,No              ,Electronic check         ,62.65,California,Los Angeles           ,34.078991,-118.263804,19,Yes    ,Yes              ,1,None   ,71,No             ,Yes           ,0.0,0,1404.88,3679.78,Low,9,0,9,Resolved
7025-WCBNE,Male  ,1,No     ,No        ,47,Yes         ,Yes             ,DSL            ,Yes                ,No                 ,No                 ,Two year      ,No              ,Bank transfer (automatic),59.6,California,Santa Ana             ,33.766004,-117.786763,74,No     ,No               ,0,None   ,10,No             ,Yes           ,0.0,0,694.66,3448.66,Medium,0,4,4,Resolved
2606-RMDHZ,Male  ,0,No     ,No        ,6,No          ,No phone service,DSL            ,No                 ,No                 ,No                 ,Month-to-month,Yes             ,Credit card (automatic)  ,30.5,California,Lakewood              ,33.847755,-118.112532,47,No     ,No               ,0,Offer E,14,No             ,Yes           ,0.0,0,0.0,208.7,Low,9,0,9,NotResolved
4190-MFLUW,Female,0,Yes    ,Yes       ,10,Yes         ,No              ,DSL            ,Yes                ,No                 ,No                 ,Month-to-month,No              ,Credit card (automatic)  ,55.2,California,Los Angeles           ,34.066367,-118.309868,21,Yes    ,Yes              ,6,None   ,69,No             ,Yes           ,0.0,0,94.1,622.45,Low,7,1,8,NotResolved
5955-ERIHD,Male  ,0,Yes    ,No        ,18,Yes         ,Yes             ,Fiber optic    ,No                 ,Yes                ,Yes                ,Month-to-month,Yes             ,Electronic check         ,94.7,California,Lakewood              ,33.840524,-118.148403,53,Yes    ,Yes              ,1,Offer D,20,Yes            ,Yes           ,0.0,0,566.8199999999999,2254.77,Low,7,0,7,NotResolved
1624-NALOJ,Male  ,1,No     ,No        ,5,Yes         ,Yes             ,Fiber optic    ,No                 ,No                 ,Yes                ,Month-to-month,Yes             ,Electronic check         ,89.8,California,La Puente             ,34.031441,-117.936436,75,No     ,No               ,0,None   ,12,No             ,Yes           ,0.0,0,181.8,684.4000000000001,Low,8,0,8,Resolved
7047-YXDMZ,Male  ,0,No     ,No        ,21,Yes         ,No              ,No             ,No internet service,No internet service,No internet service,Month-to-month,No              ,Mailed check             ,20.0,California,Vallejo               ,38.105733,-122.186338,59,No     ,No               ,0,Offer D,0,No             ,No            ,0.0,0,722.19,1139.89,Medium,0,5,5,Resolved
5736-YEJAX,Male  ,0,No     ,Yes       ,69,Yes         ,Yes             ,DSL            ,Yes                ,Yes                ,No                 ,Two year      ,Yes             ,Credit card (automatic)  ,79.45,California,Hemet                 ,33.739415,-116.968339,23,No     ,No               ,0,Offer A,46,No             ,No            ,0.0,80,1825.05,7407.6,High,1,3,4,Resolved
4910-GMJOT,Female,0,No     ,No        ,1,Yes         ,Yes             ,Fiber optic    ,No                 ,Yes                ,Yes                ,Month-to-month,Yes             ,Electronic check         ,94.6,California,San Francisco         ,37.797526,-122.464531,56,No     ,No               ,0,None   ,27,Yes            ,Yes           ,0.0,0,1.17,95.77,Low,9,1,10,Resolved
9965-YOKZB,Male  ,1,No     ,No        ,9,Yes         ,Yes             ,Fiber optic    ,No                 ,No                 ,Yes                ,Month-to-month,Yes             ,Electronic check         ,83.85,California,Grizzly Flats         ,38.636102,-120.522149,73,No     ,No               ,0,None   ,13,No             ,Yes           ,0.0,0,90.36,880.51,Low,7,1,8,Resolved
9227-LUNBG,Female,0,No     ,No        ,1,No          ,No phone service,DSL            ,No                 ,No                 ,No                 ,Month-to-month,No              ,Electronic check         ,24.6,California,Pescadero             ,37.22565,-122.297533,39,No     ,No               ,0,None   ,12,No             ,Yes           ,0.0,0,0.0,24.6,Low,7,0,7,Resolved
6804-GDMOI,Female,0,No     ,No        ,61,Yes         ,Yes             ,Fiber optic    ,Yes                ,Yes                ,Yes                ,Two year      ,Yes             ,Electronic check         ,106.6,California,Brea                  ,33.924143,-117.79387,39,No     ,No               ,0,None   ,28,Yes            ,Yes           ,0.0,0,2515.03,8943.43,Medium,6,0,6,Resolved
5103-MHMHY,Female,0,No     ,Yes       ,1,Yes         ,No              ,DSL            ,No                 ,No                 ,No                 ,Month-to-month,No              ,Mailed check             ,45.95,California,Los Osos              ,35.279984,-120.824288,49,No     ,No               ,0,Offer E,19,No             ,Yes           ,0.0,0,46.17,92.12,Low,8,1,9,Resolved
8807-OPMBM,Female,0,Yes    ,Yes       ,55,Yes         ,Yes             ,No             ,No internet service,No internet service,No internet service,Two year      ,Yes             ,Credit card (automatic)  ,25.65,California,Newbury Park          ,34.172071,-118.946262,36,Yes    ,Yes              ,1,Offer B,0,No             ,No            ,0.0,0,79.2,1467.2,High,0,5,5,Resolved
8731-WBBMB,Female,0,Yes    ,No        ,26,Yes         ,No              ,DSL            ,Yes                ,Yes                ,Yes                ,Month-to-month,No              ,Bank transfer (automatic),81.9,California,San Diego             ,32.825086,-117.199424,26,Yes    ,Yes              ,7,None   ,48,Yes            ,Yes           ,44.86,0,291.98,2325.67,High,0,6,6,Resolved
5762-TJXGK,Female,0,No     ,No        ,52,No          ,No phone service,DSL            ,No                 ,Yes                ,Yes                ,Two year      ,Yes             ,Bank transfer (automatic),58.75,California,Wheatland             ,39.043387,-121.409837,40,No     ,No               ,0,Offer B,19,Yes            ,Yes           ,0.0,0,0.0,3038.55,High,1,3,4,NotResolved
7932-WPTDS,Female,1,Yes    ,No        ,1,No          ,No phone service,DSL            ,No                 ,No                 ,No                 ,Month-to-month,Yes             ,Electronic check         ,24.8,California,Green Valley Lake     ,34.244411,-117.072654,77,Yes    ,Yes              ,1,None   ,19,No             ,Yes           ,0.0,0,0.0,24.8,Low,7,0,7,Resolved
1837-YQUCE,Female,0,No     ,No        ,70,No          ,No phone service,DSL            ,Yes                ,Yes                ,Yes                ,Two year      ,Yes             ,Bank transfer (automatic),58.35,California,Buena Park            ,33.845706,-118.012204,54,No     ,No               ,0,Offer A,13,Yes            ,Yes           ,0.0,0,0.0,4214.25,Medium,1,6,7,Resolved
3853-LYGAM,Male  ,0,No     ,No        ,17,Yes         ,Yes             ,Fiber optic    ,Yes                ,No                 ,Yes                ,Month-to-month,Yes             ,Bank transfer (automatic),95.65,California,Meadow Vista          ,39.003358,-121.022539,58,No     ,No               ,0,None   ,5,Yes            ,Yes           ,0.0,0,359.38,1999.38,High,1,5,6,NotResolved
9541-ZPSEA,Male  ,0,Yes    ,Yes       ,68,Yes         ,No              ,Fiber optic    ,No                 ,No                 ,No                 ,Two year      ,No              ,Credit card (automatic)  ,80.35,California,San Andreas           ,38.196497,-120.61689,25,Yes    ,Yes              ,8,Offer A,41,No             ,Yes           ,0.0,0,1637.4399999999998,7012.589999999999,Medium,0,4,4,Resolved
6439-GTPCA,Female,0,No     ,No        ,45,Yes         ,Yes             ,Fiber optic    ,Yes                ,No                 ,No                 ,Month-to-month,Yes             ,Electronic check         ,87.25,California,Pismo Beach           ,35.165668,-120.655842,29,No     ,No               ,0,None   ,51,No             ,Yes           ,0.0,0,201.6,4143.3,Low,7,0,7,NotResolved
6180-YBIQI,Male  ,0,No     ,No        ,5,No          ,No phone service,DSL            ,No                 ,No                 ,No                 ,Month-to-month,No              ,Mailed check             ,24.3,California,Santa Monica          ,34.026334,-118.474222,35,No     ,No               ,0,Offer E,21,No             ,Yes           ,0.0,0,0.0,100.2,Medium,6,0,6,Resolved
4433-JCGCG,Male  ,1,Yes    ,No        ,46,Yes         ,Yes             ,Fiber optic    ,No                 ,Yes                ,Yes                ,Month-to-month,Yes             ,Electronic check         ,101.0,California,San Diego             ,32.961064,-117.134917,80,Yes    ,Yes              ,1,Offer B,22,No             ,Yes           ,0.0,0,246.56,4926.610000000001,Low,8,0,8,Resolved
4081-DYXAV,Female,0,No     ,No        ,19,No          ,No phone service,DSL            ,No                 ,Yes                ,Yes                ,One year      ,Yes             ,Credit card (automatic)  ,44.85,California,San Jose              ,37.294926,-121.894763,27,No     ,No               ,0,None   ,48,Yes            ,Yes           ,0.0,0,0.0,893.55,Medium,7,0,7,Resolved
7136-RVDTZ,Male  ,1,No     ,No        ,70,No          ,No phone service,DSL            ,No                 ,Yes                ,Yes                ,One year      ,Yes             ,Electronic check         ,45.25,California,Portola Valley        ,37.369709,-122.215844,79,No     ,No               ,0,None   ,20,No             ,Yes           ,0.0,0,0.0,3264.45,Low,9,0,9,Resolved
6128-DAFVY,Female,0,No     ,No        ,56,No          ,No phone service,DSL            ,No                 ,Yes                ,Yes                ,Month-to-month,Yes             ,Credit card (automatic)  ,44.85,California,Willits               ,39.492046,-123.375818,58,No     ,No               ,0,None   ,23,Yes            ,Yes           ,0.0,0,0.0,2564.95,High,1,3,4,Resolved
7851-WZEKY,Female,0,No     ,No        ,2,Yes         ,Yes             ,Fiber optic    ,No                 ,Yes                ,Yes                ,Month-to-month,Yes             ,Electronic check         ,95.15,California,Stockton              ,38.029729,-121.387999,32,No     ,No               ,0,Offer E,25,Yes            ,Yes           ,0.0,0,77.02,273.92,Low,8,0,8,Resolved
7228-OMTPN,Male  ,0,No     ,No        ,4,Yes         ,No              ,Fiber optic    ,No                 ,Yes                ,Yes                ,Month-to-month,Yes             ,Electronic check         ,88.45,California,Santa Barbara         ,34.437945,-119.77191,32,No     ,No               ,0,None   ,15,Yes            ,Yes           ,0.0,0,196.56,567.21,Medium,9,1,10,Resolved
8642-GVWRF,Female,0,Yes    ,No        ,2,Yes         ,No              ,Fiber optic    ,No                 ,No                 ,No                 ,Month-to-month,No              ,Bank transfer (automatic),79.7,California,Capitola              ,36.977025,-121.952864,25,Yes    ,Yes              ,1,None   ,26,No             ,Yes           ,0.0,0,57.72,222.72,Low,6,0,6,NotResolved
6618-RYATB,Female,0,No     ,No        ,1,Yes         ,Yes             ,Fiber optic    ,No                 ,No                 ,No                 ,Month-to-month,Yes             ,Mailed check             ,79.55,California,North Hollywood       ,34.207295,-118.400022,56,No     ,No               ,0,Offer E,10,No             ,Yes           ,0.0,0,5.1,84.64999999999999,Low,9,0,9,Resolved
6115-ZTBFQ,Female,0,Yes    ,No        ,72,No          ,No phone service,DSL            ,Yes                ,Yes                ,Yes                ,Two year      ,No              ,Bank transfer (automatic),65.5,California,Alamo                 ,37.855717,-121.994813,56,Yes    ,Yes              ,6,None   ,4,Yes            ,Yes           ,0.0,0,0.0,4919.7,Medium,1,3,4,Resolved
7047-FWEYA,Female,0,Yes    ,No        ,46,Yes         ,Yes             ,Fiber optic    ,Yes                ,Yes                ,Yes                ,One year      ,Yes             ,Electronic check         ,103.15,California,San Pedro             ,33.736387,-118.284363,41,Yes    ,Yes              ,3,Offer B,29,Yes            ,No            ,0.0,130,1528.12,6252.77,Medium,1,4,5,Resolved
8414-OOEEL,Male  ,0,No     ,Yes       ,66,Yes         ,No              ,DSL            ,Yes                ,Yes                ,Yes                ,Two year      ,Yes             ,Credit card (automatic)  ,79.5,California,Oakland               ,37.792489,-122.244314,48,No     ,No               ,0,Offer A,23,Yes            ,Yes           ,0.0,0,823.6800000000001,6019.780000000001,High,6,0,6,NotResolved
1597-LHYNC,Female,1,No     ,No        ,26,Yes         ,Yes             ,Fiber optic    ,No                 ,No                 ,Yes                ,Month-to-month,Yes             ,Electronic check         ,95.0,California,Auburn                ,38.99003,-121.114408,74,No     ,No               ,0,None   ,26,No             ,No            ,0.0,60,1238.38,3795.58,Low,9,1,10,NotResolved
4566-GOLUK,Male  ,0,Yes    ,Yes       ,47,Yes         ,Yes             ,Fiber optic    ,Yes                ,Yes                ,Yes                ,Month-to-month,Yes             ,Bank transfer (automatic),107.35,California,Rosemead              ,34.065108,-118.082791,43,Yes    ,Yes              ,1,None   ,7,Yes            ,Yes           ,0.0,0,1773.7800000000002,6892.73,Low,9,1,10,Resolved
1251-KRREG,Male  ,0,No     ,No        ,2,Yes         ,Yes             ,DSL            ,No                 ,No                 ,No                 ,Month-to-month,Yes             ,Mailed check             ,54.4,California,North Hollywood       ,34.1692,-118.372498,22,No     ,No               ,0,None   ,73,Yes            ,Yes           ,0.0,0,88.62,202.72,Medium,8,0,8,Resolved
5012-YSPJJ,Male  ,0,Yes    ,Yes       ,31,Yes         ,No              ,DSL            ,Yes                ,No                 ,No                 ,Month-to-month,No              ,Mailed check             ,54.35,California,Nubieber              ,41.082472,-121.195215,20,Yes    ,Yes              ,6,None   ,71,No             ,Yes           ,0.0,0,776.24,2423.24,Medium,1,5,6,Resolved
4695-VADHF,Male  ,0,Yes    ,Yes       ,18,Yes         ,No              ,DSL            ,No                 ,No                 ,Yes                ,Month-to-month,No              ,Electronic check         ,57.45,California,Oakland               ,37.792489,-122.244314,53,Yes    ,Yes              ,1,None   ,22,Yes            ,Yes           ,15.73,0,51.48,1026.6,Low,8,1,9,Resolved
6583-QGCSI,Female,1,Yes    ,No        ,50,Yes         ,Yes             ,Fiber optic    ,No                 ,Yes                ,No                 ,Month-to-month,Yes             ,Electronic check         ,88.05,California,Indian Wells          ,33.537646,-116.291089,79,Yes    ,Yes              ,1,Offer B,4,No             ,No            ,0.0,100,1856.0,6323.35,Medium,8,0,8,Resolved
9391-TTOYH,Female,0,No     ,No        ,23,Yes         ,No              ,No             ,No internet service,No internet service,No internet service,Month-to-month,Yes             ,Mailed check             ,19.5,California,Oakland               ,37.828416,-122.216005,33,No     ,No               ,0,Offer D,0,No             ,No            ,0.0,0,321.54,791.74,High,1,5,6,Resolved
0137-UDEUO,Female,0,No     ,No        ,3,Yes         ,No              ,No             ,No internet service,No internet service,No internet service,Month-to-month,No              ,Mailed check             ,19.85,California,Stockton              ,37.974498,-121.319568,24,No     ,No               ,0,Offer E,0,No             ,No            ,0.0,0,77.25,141.0,Low,9,0,9,Resolved
1518-OMDIK,Male  ,0,Yes    ,No        ,33,Yes         ,No              ,DSL            ,No                 ,No                 ,No                 ,Month-to-month,Yes             ,Credit card (automatic)  ,44.55,California,Rohnert Park          ,38.34719,-122.697822,23,Yes    ,Yes              ,6,Offer C,51,No             ,Yes           ,0.0,0,1600.17,3062.77,High,0,3,3,Resolved
4680-KUTAJ,Female,1,No     ,No        ,11,Yes         ,Yes             ,DSL            ,No                 ,No                 ,No                 ,Month-to-month,Yes             ,Electronic check         ,55.6,California,Beverly Hills         ,34.062095,-118.401508,73,No     ,No               ,0,None   ,3,No             ,Yes           ,15.2,0,30.91,596.5099999999999,High,8,1,9,Resolved
5229-PRWKT,Male  ,0,No     ,No        ,8,Yes         ,Yes             ,Fiber optic    ,No                 ,No                 ,Yes                ,Month-to-month,Yes             ,Electronic check         ,86.55,California,Lompoc                ,34.757477,-120.550507,47,No     ,No               ,0,Offer E,2,Yes            ,Yes           ,0.0,0,198.08,847.73,Medium,8,0,8,NotResolved
2592-YKDIF,Female,0,No     ,No        ,1,Yes         ,No              ,No             ,No internet service,No internet service,No internet service,Month-to-month,No              ,Mailed check             ,20.35,California,North Highlands       ,38.671295,-121.388251,47,No     ,No               ,0,None   ,0,No             ,No            ,0.0,0,44.09,64.44,Medium,7,0,7,NotResolved
6954-OOYZZ,Male  ,0,Yes    ,No        ,18,Yes         ,No              ,DSL            ,No                 ,No                 ,No                 ,Month-to-month,Yes             ,Bank transfer (automatic),44.35,California,Los Angeles           ,34.048013,-118.293953,41,Yes    ,Yes              ,10,Offer D,17,No             ,Yes           ,0.0,0,826.5600000000001,1594.61,Medium,0,5,5,Resolved
4568-TTZRT,Male  ,0,No     ,No        ,9,Yes         ,No              ,No             ,No internet service,No internet service,No internet service,Month-to-month,No              ,Mailed check             ,20.4,California,Auburn                ,38.99003,-121.114408,36,No     ,No               ,0,Offer E,0,No             ,No            ,0.0,0,123.48,305.28000000000003,High,0,3,3,Resolved
4146-SVFUD,Male  ,0,No     ,No        ,1,Yes         ,No              ,DSL            ,No                 ,No                 ,No                 ,Month-to-month,No              ,Mailed check             ,44.6,California,Modesto               ,37.621458,-121.012295,45,No     ,No               ,0,None   ,2,No             ,Yes           ,0.0,0,45.28,89.88,High,7,1,8,Resolved
9578-FOMUK,Male  ,0,No     ,Yes       ,15,Yes         ,Yes             ,No             ,No internet service,No internet service,No internet service,Month-to-month,Yes             ,Electronic check         ,24.8,California,Santa Clara           ,37.393554,-121.965114,53,No     ,No               ,0,None   ,0,No             ,No            ,12.8,0,488.1,799.4499999999999,Medium,0,6,6,Resolved
6366-ZGQGL,Male  ,0,No     ,No        ,1,No          ,No phone service,DSL            ,No                 ,No                 ,No                 ,Month-to-month,No              ,Bank transfer (automatic),24.8,California,Pomona                ,34.042286,-117.756106,60,No     ,No               ,0,Offer E,29,No             ,Yes           ,0.0,0,0.0,24.8,Low,7,1,8,NotResolved
1599-EAHXY,Male  ,0,Yes    ,Yes       ,60,Yes         ,Yes             ,No             ,No internet service,No internet service,No internet service,One year      ,No              ,Credit card (automatic)  ,23.95,California,Gold Run              ,39.170376,-120.838404,37,Yes    ,Yes              ,1,None   ,0,No             ,No            ,0.0,0,1707.0,3213.4,High,7,1,8,Resolved
3148-BLQJT,Male  ,0,No     ,No        ,1,Yes         ,No              ,No             ,No internet service,No internet service,No internet service,Month-to-month,No              ,Mailed check             ,20.1,California,Montague              ,41.759864,-122.379175,33,No     ,No               ,0,Offer E,0,No             ,No            ,0.0,0,16.81,36.91,Low,8,0,8,Resolved
0207-MDKNV,Female,0,No     ,No        ,15,Yes         ,No              ,Fiber optic    ,Yes                ,Yes                ,Yes                ,Month-to-month,No              ,Electronic check         ,105.1,California,Daly City             ,37.691561,-122.445202,54,No     ,No               ,0,None   ,7,Yes            ,Yes           ,0.0,0,335.85,1918.6,Low,8,1,9,Resolved
0533-UCAAU,Male  ,1,Yes    ,No        ,57,Yes         ,Yes             ,DSL            ,No                 ,Yes                ,No                 ,One year      ,Yes             ,Credit card (automatic)  ,71.1,California,Montgomery Creek      ,40.877552,-121.885884,72,Yes    ,Yes              ,2,None   ,10,No             ,Yes           ,0.0,0,2745.12,6885.22,High,0,5,5,Resolved
2786-GCDPI,Female,1,No     ,No        ,50,Yes         ,Yes             ,Fiber optic    ,Yes                ,Yes                ,Yes                ,Month-to-month,Yes             ,Electronic check         ,104.95,California,Pioneertown           ,34.201108,-116.593456,75,No     ,No               ,0,Offer B,29,No             ,Yes           ,0.0,0,882.4999999999999,6104.85,High,1,4,5,Resolved
8775-LHDJH,Female,1,Yes    ,No        ,1,Yes         ,Yes             ,Fiber optic    ,No                 ,Yes                ,No                 ,Month-to-month,Yes             ,Electronic check         ,90.6,California,San Jose              ,37.270938,-121.851046,77,Yes    ,Yes              ,1,Offer E,30,No             ,Yes           ,0.0,0,13.02,103.62,Low,9,1,10,Resolved
8277-RVRSV,Female,0,Yes    ,Yes       ,33,Yes         ,Yes             ,No             ,No internet service,No internet service,No internet service,One year      ,No              ,Credit card (automatic)  ,24.15,California,Danville              ,37.791481,-121.903253,22,Yes    ,Yes              ,3,Offer C,0,No             ,No            ,0.0,0,56.43,856.7299999999999,High,7,1,8,Resolved
9820-RMCQV,Female,0,No     ,No        ,11,Yes         ,No              ,DSL            ,No                 ,No                 ,No                 ,Month-to-month,No              ,Credit card (automatic)  ,48.55,California,San Marino            ,34.122671,-118.112911,43,No     ,No               ,0,None   ,8,No             ,No            ,0.0,130,209.11,840.11,Low,9,1,10,Resolved
8062-YBDOE,Male  ,1,No     ,No        ,1,Yes         ,No              ,Fiber optic    ,No                 ,No                 ,No                 ,Month-to-month,Yes             ,Electronic check         ,69.65,California,Canyon Country        ,34.422519,-118.420717,70,No     ,No               ,0,None   ,2,No             ,Yes           ,0.0,0,7.23,76.88000000000001,Low,7,0,7,Resolved
2916-BQZLN,Male  ,0,No     ,No        ,19,Yes         ,Yes             ,Fiber optic    ,No                 ,No                 ,No                 ,Month-to-month,Yes             ,Electronic check         ,84.75,California,Reseda                ,34.200175,-118.540958,29,No     ,No               ,0,None   ,41,No             ,Yes           ,49.38,0,216.98,1819.55,High,1,3,4,Resolved
0866-QLSIR,Female,0,No     ,No        ,34,Yes         ,Yes             ,DSL            ,Yes                ,No                 ,No                 ,One year      ,Yes             ,Mailed check             ,64.4,California,Garden Grove          ,33.764018,-117.931507,53,No     ,No               ,0,Offer C,4,No             ,Yes           ,0.0,0,1169.9399999999998,3258.69,Low,7,1,8,Resolved
3511-APPBJ,Male  ,0,No     ,No        ,23,Yes         ,No              ,Fiber optic    ,No                 ,Yes                ,Yes                ,One year      ,Yes             ,Credit card (automatic)  ,99.95,California,Spring Valley         ,32.726627,-116.994608,21,No     ,No               ,0,None   ,30,Yes            ,Yes           ,0.0,0,964.62,3257.37,Medium,6,0,6,Resolved
6507-DTJZV,Male  ,0,No     ,Yes       ,13,Yes         ,No              ,DSL            ,No                 ,Yes                ,Yes                ,Month-to-month,No              ,Credit card (automatic)  ,66.4,California,Cardiff By The Sea    ,33.015866,-117.272254,50,No     ,No               ,0,Offer D,17,Yes            ,Yes           ,0.0,0,392.47,1224.22,High,0,5,5,Resolved
6244-BESBM,Male  ,0,Yes    ,Yes       ,69,Yes         ,No              ,Fiber optic    ,Yes                ,Yes                ,Yes                ,Two year      ,Yes             ,Credit card (automatic)  ,95.2,California,Geyserville           ,38.731771,-123.064272,61,Yes    ,Yes              ,6,None   ,30,Yes            ,Yes           ,0.0,0,829.38,7501.08,High,0,4,4,Resolved
5533-NHFRF,Male  ,1,No     ,No        ,7,No          ,No phone service,DSL            ,Yes                ,No                 ,Yes                ,Month-to-month,Yes             ,Electronic check         ,44.4,California,San Jose              ,37.424655,-121.74841,75,No     ,No               ,0,None   ,26,No             ,Yes           ,0.0,0,0.0,265.8,High,7,0,7,NotResolved
5002-GCQFH,Male  ,0,Yes    ,No        ,49,Yes         ,Yes             ,Fiber optic    ,No                 ,Yes                ,No                 ,Month-to-month,Yes             ,Bank transfer (automatic),93.85,California,Hercules              ,37.991259,-122.214945,30,Yes    ,Yes              ,1,Offer B,26,No             ,No            ,0.0,30,2311.33,7074.43,Medium,6,1,7,Resolved
6732-FZUGP,Female,0,No     ,No        ,47,Yes         ,Yes             ,Fiber optic    ,No                 ,Yes                ,No                 ,One year      ,No              ,Credit card (automatic)  ,94.9,California,Berkeley              ,37.858898,-122.240512,30,No     ,No               ,0,Offer B,69,No             ,Yes           ,0.0,0,1891.75,6507.0,High,1,6,7,Resolved
1062-LHZOD,Male  ,0,Yes    ,Yes       ,1,Yes         ,No              ,Fiber optic    ,No                 ,No                 ,No                 ,Month-to-month,Yes             ,Mailed check             ,69.9,California,Los Angeles           ,34.059281,-118.30742,49,Yes    ,No               ,0,None   ,28,No             ,Yes           ,0.0,0,4.99,74.89,Low,8,0,8,Resolved
4592-IWTJI,Female,0,Yes    ,Yes       ,3,No          ,No phone service,DSL            ,No                 ,No                 ,No                 ,Month-to-month,No              ,Credit card (automatic)  ,29.7,California,Homewood              ,39.117018,-120.212535,46,Yes    ,Yes              ,1,Offer E,15,No             ,Yes           ,0.0,0,0.0,91.7,Low,8,1,9,Resolved
3212-KXOCR,Male  ,0,No     ,No        ,52,Yes         ,No              ,No             ,No internet service,No internet service,No internet service,Two year      ,No              ,Bank transfer (automatic),21.0,California,Inglewood             ,33.975332,-118.355252,62,No     ,No               ,0,None   ,0,No             ,No            ,0.0,0,1471.6,2578.8,High,6,0,6,Resolved
4140-MUHUG,Female,1,No     ,No        ,3,Yes         ,No              ,Fiber optic    ,No                 ,Yes                ,No                 ,Month-to-month,Yes             ,Electronic check         ,86.85,California,Oak View              ,34.404544,-119.302118,73,No     ,No               ,0,None   ,20,No             ,Yes           ,0.0,0,55.14,276.09,Low,7,1,8,Resolved
7326-RIGQZ,Male  ,0,Yes    ,Yes       ,6,Yes         ,No              ,Fiber optic    ,No                 ,No                 ,No                 ,Month-to-month,Yes             ,Electronic check         ,69.8,California,Culver City           ,33.993991,-118.39704,48,Yes    ,Yes              ,9,None   ,20,No             ,Yes           ,0.0,0,231.0,608.85,High,6,0,6,Resolved
3716-BDVDB,Male  ,0,No     ,No        ,1,Yes         ,No              ,Fiber optic    ,No                 ,No                 ,No                 ,Month-to-month,Yes             ,Electronic check         ,69.1,California,San Diego             ,32.957195,-117.202542,62,No     ,No               ,0,Offer E,18,No             ,Yes           ,0.0,0,38.66,107.76,Low,8,0,8,NotResolved
6284-AHOOQ,Male  ,1,No     ,No        ,22,Yes         ,Yes             ,Fiber optic    ,Yes                ,Yes                ,No                 ,Month-to-month,Yes             ,Bank transfer (automatic),90.5,California,Avenal                ,35.916943,-120.129921,71,No     ,No               ,0,None   ,27,No             ,Yes           ,0.0,0,1014.42,2925.02,Low,7,1,8,NotResolved
3815-SLMEF,Female,0,No     ,No        ,3,No          ,No phone service,DSL            ,Yes                ,No                 ,No                 ,Month-to-month,No              ,Mailed check             ,34.25,California,Avenal                ,35.916943,-120.129921,26,No     ,No               ,0,Offer E,52,No             ,Yes           ,0.0,0,0.0,139.35,Low,8,1,9,Resolved
0643-OKLRP,Female,1,Yes    ,No        ,47,Yes         ,Yes             ,Fiber optic    ,No                 ,No                 ,No                 ,Month-to-month,No              ,Electronic check         ,80.35,California,Azusa                 ,34.174493,-117.87068,73,Yes    ,Yes              ,1,None   ,7,No             ,No            ,0.0,90,1800.5700000000002,5716.42,Low,9,0,9,Resolved
4994-OBRSZ,Male  ,0,No     ,Yes       ,14,Yes         ,No              ,DSL            ,Yes                ,No                 ,Yes                ,Two year      ,No              ,Bank transfer (automatic),76.1,California,Weed                  ,41.465121,-122.380947,24,No     ,No               ,0,None   ,52,Yes            ,Yes           ,0.0,0,514.2199999999999,1569.02,Medium,0,4,4,Resolved
1834-ABKHQ,Female,0,Yes    ,Yes       ,52,Yes         ,No              ,DSL            ,No                 ,No                 ,No                 ,One year      ,Yes             ,Bank transfer (automatic),50.95,California,Upper Lake            ,39.220368,-122.907693,59,Yes    ,Yes              ,2,Offer B,29,No             ,Yes           ,0.0,0,521.56,3132.21,High,7,0,7,Resolved
8859-YSTWS,Male  ,0,No     ,No        ,48,Yes         ,No              ,No             ,No internet service,No internet service,No internet service,One year      ,No              ,Bank transfer (automatic),19.95,California,Port Hueneme          ,34.110124,-119.100972,43,No     ,No               ,0,Offer B,0,No             ,No            ,0.0,0,528.96,1533.46,High,1,5,6,Resolved
2876-GZYZC,Female,0,No     ,No        ,13,Yes         ,Yes             ,Fiber optic    ,No                 ,No                 ,Yes                ,Month-to-month,Yes             ,Electronic check         ,85.95,California,Cerritos              ,33.8681,-118.067402,49,No     ,No               ,0,None   ,22,Yes            ,Yes           ,0.0,0,379.73,1595.38,High,1,6,7,Resolved
5228-EXCET,Male  ,0,No     ,No        ,13,Yes         ,No              ,Fiber optic    ,No                 ,No                 ,Yes                ,Month-to-month,Yes             ,Electronic check         ,80.85,California,Newberry Springs      ,34.89326,-116.505958,40,No     ,No               ,0,None   ,20,Yes            ,Yes           ,0.0,0,163.01999999999998,1171.72,Low,8,0,8,Resolved
4918-QLLIW,Male  ,0,No     ,No        ,3,Yes         ,No              ,DSL            ,No                 ,Yes                ,No                 ,Month-to-month,No              ,Credit card (automatic)  ,53.4,California,Santa Monica          ,34.005439,-118.477507,23,No     ,No               ,0,None   ,82,Yes            ,Yes           ,0.0,0,143.04,331.74,Low,6,0,6,Resolved
2468-SJFLM,Male  ,0,No     ,No        ,1,Yes         ,No              ,Fiber optic    ,Yes                ,No                 ,No                 ,Month-to-month,Yes             ,Mailed check             ,74.3,California,Biggs                 ,39.457388,-121.818201,37,No     ,No               ,0,None   ,21,No             ,Yes           ,0.0,0,39.55,113.85,High,6,1,7,Resolved
0277-BKSQP,Male  ,0,Yes    ,Yes       ,8,Yes         ,No              ,DSL            ,No                 ,Yes                ,No                 ,Month-to-month,Yes             ,Electronic check         ,54.4,California,Harbor City           ,33.798266,-118.300237,49,Yes    ,Yes              ,10,Offer E,57,No             ,Yes           ,0.0,0,12.48,487.58,High,6,1,7,Resolved
7632-MNYOY,Male  ,1,No     ,No        ,66,Yes         ,Yes             ,Fiber optic    ,Yes                ,Yes                ,Yes                ,One year      ,No              ,Credit card (automatic)  ,110.9,California,Tahoe Vista           ,39.24124,-120.054765,69,No     ,No               ,0,None   ,25,No             ,Yes           ,0.0,0,653.4,8085.45,Medium,9,1,10,Resolved
7248-VZQLC,Female,1,No     ,No        ,47,Yes         ,Yes             ,Fiber optic    ,No                 ,No                 ,No                 ,Month-to-month,Yes             ,Bank transfer (automatic),85.2,California,Concord               ,37.971421,-121.971504,78,No     ,No               ,0,None   ,12,No             ,Yes           ,0.0,0,791.0099999999999,4760.36,Low,7,1,8,Resolved
2530-ENDWQ,Female,0,Yes    ,No        ,71,Yes         ,Yes             ,Fiber optic    ,No                 ,Yes                ,Yes                ,Two year      ,Yes             ,Bank transfer (automatic),93.7,California,Rio Dell              ,40.485849,-124.163234,55,Yes    ,Yes              ,2,Offer A,17,Yes            ,Yes           ,0.0,0,2876.92,9462.27,Medium,10,0,10,Resolved
9894-EZEWG,Female,0,No     ,No        ,1,Yes         ,No              ,Fiber optic    ,No                 ,No                 ,No                 ,Month-to-month,Yes             ,Credit card (automatic)  ,74.3,California,Walnut Grove          ,38.240419,-121.587535,31,No     ,No               ,0,Offer E,8,No             ,Yes           ,0.0,0,39.66,113.96,Low,6,1,7,NotResolved
7416-CKTEP,Female,0,Yes    ,No        ,57,Yes         ,No              ,No             ,No internet service,No internet service,No internet service,Two year      ,Yes             ,Bank transfer (automatic),19.6,California,Lakewood              ,33.841027,-118.078097,54,Yes    ,Yes              ,10,Offer B,0,No             ,No            ,0.0,0,1326.96,2461.21,High,7,0,7,Resolved
9798-DRYDS,Female,0,Yes    ,Yes       ,17,Yes         ,Yes             ,DSL            ,Yes                ,No                 ,No                 ,One year      ,Yes             ,Mailed check             ,61.95,California,Huntington Beach      ,33.679659,-118.016195,52,Yes    ,Yes              ,6,None   ,25,No             ,Yes           ,0.0,0,809.0300000000001,1879.73,High,0,3,3,Resolved
1866-RZZQS,Male  ,1,No     ,No        ,41,Yes         ,Yes             ,Fiber optic    ,No                 ,Yes                ,Yes                ,Month-to-month,Yes             ,Electronic check         ,98.4,California,Redlands              ,34.003243,-117.138286,77,No     ,No               ,0,Offer B,21,No             ,Yes           ,0.0,0,1724.46,5912.21,Low,10,0,10,Resolved
8450-LUGUK,Female,0,Yes    ,Yes       ,37,Yes         ,Yes             ,No             ,No internet service,No internet service,No internet service,Two year      ,Yes             ,Bank transfer (automatic),24.1,California,San Diego             ,32.747484,-117.166877,40,Yes    ,Yes              ,5,None   ,0,No             ,No            ,0.0,0,1653.16,2515.01,High,0,4,4,Resolved
8896-BQTTI,Male  ,0,No     ,No        ,1,Yes         ,Yes             ,No             ,No internet service,No internet service,No internet service,Month-to-month,Yes             ,Mailed check             ,25.0,California,Cool                  ,38.880622,-120.973865,41,No     ,No               ,0,Offer E,0,No             ,No            ,0.0,0,3.39,28.39,Medium,1,6,7,Resolved
2026-TGDHM,Female,0,No     ,No        ,7,Yes         ,No              ,Fiber optic    ,No                 ,No                 ,Yes                ,Month-to-month,Yes             ,Electronic check         ,79.3,California,Cloverdale            ,38.801936,-122.938935,54,No     ,No               ,0,None   ,16,Yes            ,No            ,0.0,10,134.47,667.62,Low,6,1,7,Resolved
5236-PERKL,Female,0,No     ,No        ,57,Yes         ,Yes             ,Fiber optic    ,No                 ,Yes                ,Yes                ,Two year      ,Yes             ,Bank transfer (automatic),112.95,California,Pearblossom           ,34.445239,-117.894868,38,No     ,No               ,0,None   ,6,Yes            ,Yes           ,0.0,0,2785.02,9250.02,Low,8,0,8,Resolved
3750-CKVKH,Male  ,0,No     ,No        ,2,Yes         ,No              ,Fiber optic    ,No                 ,No                 ,No                 ,Month-to-month,Yes             ,Electronic check         ,67.75,California,Clearlake Oaks        ,39.07116,-122.598542,58,No     ,No               ,0,None   ,4,No             ,Yes           ,0.0,0,23.5,140.15,Low,7,0,7,Resolved
0999-QXNSA,Male  ,1,No     ,Yes       ,7,Yes         ,No              ,DSL            ,No                 ,No                 ,No                 ,Month-to-month,Yes             ,Mailed check             ,45.75,California,Los Angeles           ,34.089953,-118.294824,72,No     ,No               ,0,None   ,17,No             ,Yes           ,29.0,0,287.98,603.1800000000001,High,1,6,7,Resolved
2810-FTLEM,Female,0,No     ,No        ,16,Yes         ,No              ,DSL            ,No                 ,No                 ,No                 ,Month-to-month,Yes             ,Electronic check         ,50.15,California,Los Angeles           ,34.070291,-118.349191,21,No     ,No               ,0,None   ,53,No             ,Yes           ,0.0,0,228.16,990.41,Low,6,1,7,Resolved
3096-YXENJ,Female,0,Yes    ,No        ,65,Yes         ,Yes             ,Fiber optic    ,Yes                ,Yes                ,Yes                ,Two year      ,Yes             ,Bank transfer (automatic),107.65,California,Danville              ,37.791481,-121.903253,25,Yes    ,Yes              ,1,None   ,52,Yes            ,Yes           ,0.0,0,1799.85,8882.7,High,1,3,4,Resolved
9036-CSKBW,Female,0,No     ,No        ,51,Yes         ,Yes             ,Fiber optic    ,No                 ,Yes                ,Yes                ,One year      ,No              ,Bank transfer (automatic),107.45,California,Los Gatos             ,37.160194,-121.945611,62,No     ,No               ,0,None   ,6,Yes            ,Yes           ,14.76,0,384.54,6050.679999999999,Medium,1,3,4,Resolved
5204-QZXPU,Male  ,0,No     ,No        ,19,No          ,No phone service,DSL            ,No                 ,Yes                ,No                 ,Month-to-month,Yes             ,Electronic check         ,39.65,California,Glendale              ,34.13658,-118.245839,50,No     ,No               ,0,None   ,21,No             ,Yes           ,0.0,0,0.0,733.35,Low,7,0,7,Resolved
7526-BEZQB,Male  ,0,No     ,No        ,12,Yes         ,Yes             ,Fiber optic    ,No                 ,Yes                ,Yes                ,Month-to-month,Yes             ,Electronic check         ,96.05,California,Lawndale              ,33.88856,-118.351813,39,No     ,No               ,0,Offer D,25,Yes            ,Yes           ,0.0,0,536.52,1684.62,Low,8,0,8,Resolved
1833-VGRUM,Female,1,No     ,No        ,1,Yes         ,Yes             ,Fiber optic    ,No                 ,No                 ,No                 ,Month-to-month,Yes             ,Electronic check         ,74.2,California,Perris                ,33.787298,-117.320676,70,No     ,No               ,0,Offer E,23,No             ,Yes           ,0.0,0,48.95,123.15,Low,7,1,8,Resolved
1304-SEGFY,Female,0,Yes    ,No        ,72,Yes         ,Yes             ,Fiber optic    ,No                 ,Yes                ,Yes                ,Two year      ,Yes             ,Electronic check         ,97.85,California,National City         ,32.67102,-117.095235,57,Yes    ,Yes              ,7,Offer A,24,Yes            ,Yes           ,0.0,0,184.32,7025.62,High,1,3,4,Resolved
6029-WTIPC,Male  ,1,No     ,No        ,37,Yes         ,Yes             ,Fiber optic    ,No                 ,Yes                ,Yes                ,Month-to-month,Yes             ,Electronic check         ,101.1,California,Jacumba               ,32.649787,-116.2237,73,No     ,No               ,0,Offer C,19,No             ,Yes           ,0.0,0,1408.22,5152.27,Low,8,1,9,Resolved
9136-ALYBR,Male  ,0,No     ,No        ,1,No          ,No phone service,DSL            ,No                 ,No                 ,No                 ,Month-to-month,Yes             ,Mailed check             ,24.45,California,Fontana               ,34.049671,-117.468896,44,No     ,No               ,0,None   ,2,No             ,Yes           ,0.0,0,0.0,24.45,Medium,6,1,7,Resolved
4973-MGTON,Female,0,Yes    ,No        ,71,Yes         ,No              ,DSL            ,Yes                ,Yes                ,Yes                ,Two year      ,Yes             ,Credit card (automatic)  ,84.4,California,Topaz                 ,38.636052,-119.489162,33,Yes    ,No               ,0,None   ,26,Yes            ,Yes           ,0.0,0,219.39,6188.6900000000005,High,1,3,4,Resolved
9909-IDLEK,Male  ,0,Yes    ,Yes       ,20,Yes         ,Yes             ,Fiber optic    ,Yes                ,Yes                ,No                 ,Month-to-month,No              ,Mailed check             ,96.8,California,Malibu                ,34.074572,-118.831181,32,Yes    ,Yes              ,7,Offer D,23,No             ,Yes           ,0.0,0,841.2,2667.9,High,0,3,3,NotResolved
0415-MOSGF,Female,0,No     ,No        ,1,Yes         ,No              ,DSL            ,No                 ,No                 ,No                 ,Month-to-month,No              ,Mailed check             ,44.4,California,Los Gatos             ,37.222842,-121.988727,58,No     ,No               ,0,Offer E,30,No             ,Yes           ,0.0,0,26.53,70.93,Low,7,1,8,Resolved
7880-XSOJX,Male  ,0,No     ,No        ,4,No          ,No phone service,DSL            ,Yes                ,No                 ,No                 ,Month-to-month,No              ,Mailed check             ,42.4,California,Garden Grove          ,33.787165,-117.931889,50,No     ,No               ,0,None   ,23,No             ,Yes           ,0.0,0,0.0,146.4,High,7,0,7,Resolved
3327-YBAKM,Female,0,Yes    ,No        ,64,Yes         ,No              ,Fiber optic    ,Yes                ,Yes                ,Yes                ,One year      ,Yes             ,Mailed check             ,96.9,California,San Diego             ,32.89325,-117.087091,31,Yes    ,Yes              ,10,None   ,21,Yes            ,Yes           ,13.37,0,1230.08,7531.06,Medium,1,6,7,Resolved
7576-JMYWV,Female,1,Yes    ,Yes       ,46,Yes         ,Yes             ,Fiber optic    ,Yes                ,Yes                ,Yes                ,Month-to-month,Yes             ,Electronic check         ,110.2,California,San Martin            ,37.084697,-121.606417,76,Yes    ,Yes              ,7,Offer B,16,No             ,Yes           ,0.0,0,939.32,5911.42,Medium,0,6,6,Resolved
9095-HFAFX,Female,0,No     ,No        ,5,Yes         ,No              ,Fiber optic    ,No                 ,Yes                ,No                 ,Month-to-month,Yes             ,Credit card (automatic)  ,81.0,California,Big Bear City         ,34.278967,-116.773825,61,No     ,No               ,0,Offer E,23,No             ,No            ,0.0,10,101.0,500.6,Low,9,0,9,Resolved
6416-TVAIH,Male  ,0,Yes    ,Yes       ,1,Yes         ,No              ,Fiber optic    ,No                 ,No                 ,No                 ,Month-to-month,Yes             ,Electronic check         ,68.5,California,San Francisco         ,37.736535,-122.45732,39,Yes    ,Yes              ,1,Offer E,11,No             ,Yes           ,0.0,0,30.62,99.12,Medium,8,1,9,Resolved
1447-GIQMR,Male  ,0,Yes    ,No        ,1,Yes         ,No              ,Fiber optic    ,No                 ,No                 ,No                 ,Month-to-month,Yes             ,Electronic check         ,69.15,California,Los Angeles           ,34.003553,-118.308933,54,Yes    ,Yes              ,1,None   ,30,No             ,Yes           ,0.0,0,2.2,71.35000000000001,Low,8,1,9,Resolved
9282-IZGQK,Female,0,No     ,No        ,1,Yes         ,Yes             ,Fiber optic    ,No                 ,No                 ,Yes                ,Month-to-month,Yes             ,Electronic check         ,85.0,California,Irvine                ,33.643095,-117.810896,51,No     ,No               ,0,Offer E,30,Yes            ,Yes           ,0.0,0,30.52,115.52,Medium,8,1,9,Resolved
0254-WWRKD,Female,0,Yes    ,Yes       ,67,Yes         ,No              ,DSL            ,No                 ,No                 ,No                 ,One year      ,No              ,Credit card (automatic)  ,50.55,California,Challenge             ,39.461768,-121.195825,44,Yes    ,Yes              ,1,Offer A,28,No             ,Yes           ,0.0,0,3142.3,6574.049999999999,High,1,6,7,NotResolved
9518-XXBXE,Male  ,1,Yes    ,No        ,10,Yes         ,No              ,Fiber optic    ,No                 ,No                 ,No                 ,Month-to-month,No              ,Electronic check         ,75.3,California,Patterson             ,37.410236,-121.320337,80,Yes    ,Yes              ,7,None   ,30,No             ,Yes           ,0.0,0,251.3,971.75,High,0,5,5,Resolved
6633-MPWBS,Male  ,0,No     ,No        ,5,Yes         ,No              ,DSL            ,Yes                ,No                 ,No                 ,Month-to-month,Yes             ,Electronic check         ,49.2,California,Woodland              ,38.694081,-121.694431,47,No     ,No               ,0,Offer E,18,No             ,Yes           ,0.0,0,36.55,253.45,Low,7,0,7,Resolved
7601-WFVZV,Male  ,0,No     ,No        ,1,Yes         ,No              ,No             ,No internet service,No internet service,No internet service,Month-to-month,No              ,Mailed check             ,19.55,California,Downieville           ,39.578792,-120.780786,35,No     ,No               ,0,Offer E,0,No             ,No            ,0.0,0,17.94,37.49,High,7,1,8,Resolved
0310-SUCIN,Female,0,Yes    ,No        ,71,Yes         ,No              ,DSL            ,Yes                ,Yes                ,Yes                ,One year      ,Yes             ,Bank transfer (automatic),84.8,California,Darwin                ,36.319181,-117.593053,50,Yes    ,Yes              ,2,None   ,6,Yes            ,Yes           ,0.0,0,1637.26,7683.360000000001,Medium,1,3,4,Resolved
7853-OETYL,Female,0,Yes    ,No        ,4,No          ,No phone service,DSL            ,No                 ,No                 ,No                 ,Month-to-month,Yes             ,Electronic check         ,29.05,California,West Covina           ,34.066964,-117.937007,40,Yes    ,Yes              ,2,Offer E,13,No             ,Yes           ,0.0,0,0.0,129.6,Medium,0,4,4,Resolved
1902-XBTFB,Male  ,0,No     ,Yes       ,22,Yes         ,No              ,Fiber optic    ,No                 ,Yes                ,No                 ,Month-to-month,Yes             ,Electronic check         ,89.4,California,North Hollywood       ,34.207295,-118.400022,39,No     ,No               ,0,Offer D,12,No             ,Yes           ,0.0,0,870.76,2872.26,Low,9,1,10,Resolved
2154-KVJFF,Female,0,No     ,No        ,15,Yes         ,Yes             ,Fiber optic    ,No                 ,No                 ,No                 ,Month-to-month,Yes             ,Electronic check         ,79.75,California,Stevinson             ,37.316807,-120.855753,42,No     ,No               ,0,Offer D,21,No             ,Yes           ,0.0,0,642.4499999999999,1754.2999999999995,Medium,6,1,7,Resolved
9127-QRZMH,Male  ,0,Yes    ,No        ,44,Yes         ,No              ,DSL            ,Yes                ,No                 ,No                 ,One year      ,Yes             ,Bank transfer (automatic),59.85,California,Santa Ana             ,33.765893,-117.881533,39,Yes    ,Yes              ,1,None   ,24,No             ,Yes           ,0.0,0,774.8399999999999,3378.79,Medium,0,4,4,Resolved
2592-SEIFQ,Male  ,0,No     ,No        ,3,No          ,No phone service,DSL            ,No                 ,No                 ,No                 ,Month-to-month,No              ,Electronic check         ,24.75,California,San Anselmo           ,37.99272,-122.575026,36,No     ,No               ,0,None   ,18,No             ,Yes           ,0.0,0,0.0,66.95,Low,6,1,7,Resolved
9541-PWTWO,Female,0,No     ,No        ,52,Yes         ,Yes             ,DSL            ,Yes                ,Yes                ,Yes                ,Two year      ,Yes             ,Bank transfer (automatic),80.95,California,Willow Creek          ,40.949012,-123.655847,32,No     ,No               ,0,Offer B,21,Yes            ,Yes           ,0.0,0,2012.92,6246.87,High,0,3,3,NotResolved
8945-MUQUF,Male  ,0,No     ,No        ,51,Yes         ,Yes             ,Fiber optic    ,No                 ,Yes                ,No                 ,One year      ,Yes             ,Electronic check         ,94.8,California,Tecopa                ,35.824572,-116.274755,22,No     ,No               ,0,Offer B,58,Yes            ,Yes           ,0.0,0,2283.27,7120.870000000001,Medium,9,1,10,NotResolved
3744-ZRRDZ,Male  ,0,No     ,No        ,21,Yes         ,Yes             ,Fiber optic    ,No                 ,No                 ,No                 ,Month-to-month,Yes             ,Electronic check         ,82.35,California,Torrance              ,33.833699,-118.314387,25,No     ,No               ,0,Offer D,48,Yes            ,Yes           ,0.0,0,267.96,2120.81,Low,9,0,9,Resolved
8486-AYEQH,Female,0,No     ,No        ,31,Yes         ,Yes             ,Fiber optic    ,No                 ,No                 ,No                 ,Month-to-month,Yes             ,Electronic check         ,76.05,California,Guatay                ,32.857946,-116.561917,30,No     ,No               ,0,None   ,59,No             ,Yes           ,0.0,0,1202.18,3429.9800000000005,High,6,0,6,Resolved
1356-MKYSK,Male  ,0,No     ,No        ,6,Yes         ,No              ,DSL            ,Yes                ,Yes                ,Yes                ,Month-to-month,No              ,Credit card (automatic)  ,78.65,California,Castro Valley         ,37.708327,-122.083473,44,No     ,No               ,0,Offer E,7,Yes            ,No            ,0.0,10,279.54,772.84,Medium,6,0,6,Resolved
1304-NECVQ,Female,1,No     ,No        ,2,Yes         ,Yes             ,Fiber optic    ,No                 ,No                 ,No                 ,Month-to-month,Yes             ,Electronic check         ,78.55,California,Somis                 ,34.297628,-119.014627,69,No     ,No               ,0,Offer E,14,No             ,Yes           ,0.0,0,87.92,237.47000000000003,Low,9,1,10,Resolved
7538-GWHML,Female,0,No     ,No        ,2,Yes         ,No              ,Fiber optic    ,No                 ,No                 ,No                 ,Month-to-month,No              ,Electronic check         ,69.65,California,Lemon Cove            ,36.462671,-118.997291,52,No     ,No               ,0,Offer E,27,No             ,Yes           ,0.0,0,15.28,160.43,Low,8,0,8,Resolved
6688-UZPWD,Female,0,Yes    ,No        ,11,Yes         ,Yes             ,Fiber optic    ,No                 ,Yes                ,Yes                ,Month-to-month,Yes             ,Electronic check         ,102.0,California,Palm Springs          ,33.839989,-116.659215,36,Yes    ,Yes              ,1,None   ,10,Yes            ,Yes           ,0.0,0,86.78999999999999,1232.14,Low,8,1,9,Resolved
2004-OCQXK,Female,0,No     ,No        ,1,Yes         ,No              ,Fiber optic    ,No                 ,No                 ,Yes                ,Month-to-month,Yes             ,Electronic check         ,81.95,California,Merced                ,37.40122,-120.514191,44,No     ,No               ,0,Offer E,16,Yes            ,Yes           ,0.0,0,44.94,126.89,Low,8,0,8,NotResolved
2568-OIADY,Female,0,Yes    ,No        ,37,Yes         ,Yes             ,Fiber optic    ,No                 ,Yes                ,Yes                ,Month-to-month,Yes             ,Electronic check         ,99.5,California,Fort Jones            ,41.5837,-122.935922,26,Yes    ,Yes              ,1,None   ,27,Yes            ,Yes           ,0.0,0,1342.73,5104.73,Low,9,0,9,Resolved
5035-PGZXH,Female,0,No     ,No        ,56,Yes         ,Yes             ,Fiber optic    ,No                 ,Yes                ,Yes                ,One year      ,Yes             ,Electronic check         ,106.8,California,Chico                 ,39.745712,-121.84333,49,No     ,No               ,0,None   ,2,Yes            ,No            ,0.0,30,1816.08,7760.48,Medium,1,5,6,Resolved
0970-ETWGE,Male  ,0,No     ,No        ,1,Yes         ,No              ,Fiber optic    ,No                 ,Yes                ,Yes                ,Month-to-month,Yes             ,Electronic check         ,89.55,California,Bodfish               ,35.523991,-118.400432,38,No     ,No               ,0,Offer E,27,Yes            ,Yes           ,0.0,0,42.46,132.01,Low,9,1,10,NotResolved
4855-SNKMY,Female,0,No     ,No        ,1,Yes         ,No              ,DSL            ,No                 ,No                 ,No                 ,Month-to-month,Yes             ,Electronic check         ,44.1,California,Los Angeles           ,34.066303,-118.435479,31,No     ,No               ,0,Offer E,30,No             ,Yes           ,0.0,0,4.41,48.510000000000005,Medium,7,0,7,Resolved
2167-FQSTQ,Female,0,Yes    ,No        ,72,Yes         ,Yes             ,DSL            ,Yes                ,Yes                ,Yes                ,Two year      ,Yes             ,Electronic check         ,92.4,California,Hayward               ,37.674002,-122.076796,20,Yes    ,Yes              ,8,None   ,48,Yes            ,No            ,0.0,150,2696.4,9632.5,Medium,1,6,7,Resolved
2454-RPBRZ,Female,1,Yes    ,No        ,12,Yes         ,Yes             ,Fiber optic    ,No                 ,Yes                ,No                 ,Month-to-month,Yes             ,Electronic check         ,98.1,California,Catheys Valley        ,37.394411,-120.127262,67,Yes    ,Yes              ,1,Offer D,27,No             ,Yes           ,49.06,0,367.56,1378.7,Medium,9,0,9,Resolved
3858-VOBET,Male  ,0,No     ,No        ,23,Yes         ,Yes             ,Fiber optic    ,No                 ,No                 ,No                 ,Month-to-month,Yes             ,Electronic check         ,74.95,California,Vista                 ,33.17494,-117.242761,48,No     ,No               ,0,None   ,13,No             ,Yes           ,0.0,0,662.4,2372.85,Medium,8,0,8,Resolved
0723-VSOBE,Female,1,No     ,No        ,45,No          ,No phone service,DSL            ,No                 ,No                 ,Yes                ,One year      ,No              ,Electronic check         ,34.2,California,Dos Rios              ,39.756049,-123.358701,67,No     ,No               ,0,Offer B,4,No             ,No            ,0.0,0,0.0,1596.6,Medium,0,4,4,Resolved
2408-WITXK,Female,1,No     ,No        ,10,No          ,No phone service,DSL            ,No                 ,No                 ,Yes                ,Month-to-month,Yes             ,Electronic check         ,34.7,California,San Jose              ,37.34667,-121.910019,67,No     ,No               ,0,Offer D,4,No             ,Yes           ,0.0,0,0.0,329.8,Low,9,1,10,Resolved
2817-NTQDO,Male  ,0,No     ,No        ,13,No          ,No phone service,DSL            ,Yes                ,Yes                ,No                 ,Month-to-month,Yes             ,Credit card (automatic)  ,45.55,California,Huntington Beach      ,33.666301,-117.969501,52,No     ,No               ,0,Offer D,17,No             ,Yes           ,0.0,0,0.0,597.0,Medium,7,0,7,Resolved
9391-EOYLI,Male  ,1,Yes    ,No        ,12,Yes         ,No              ,Fiber optic    ,No                 ,No                 ,Yes                ,Month-to-month,Yes             ,Electronic check         ,80.45,California,Lewiston              ,40.704293,-122.803899,77,Yes    ,Yes              ,1,Offer D,19,No             ,Yes           ,0.0,0,83.64,1033.84,Low,6,1,7,Resolved
0440-MOGPM,Female,0,No     ,No        ,41,Yes         ,Yes             ,DSL            ,No                 ,Yes                ,Yes                ,One year      ,Yes             ,Electronic check         ,80.55,California,Petaluma              ,38.235021,-122.557332,51,No     ,No               ,0,None   ,12,Yes            ,Yes           ,0.0,0,252.56,3516.46,Medium,1,3,4,Resolved
9505-SQFSW,Female,0,Yes    ,Yes       ,3,No          ,No phone service,DSL            ,No                 ,No                 ,Yes                ,Month-to-month,No              ,Mailed check             ,40.3,California,Tehachapi             ,35.073777,-118.652112,59,Yes    ,Yes              ,6,Offer E,53,Yes            ,Yes           ,0.0,0,0.0,92.5,High,6,1,7,Resolved
7072-MBHEV,Female,1,Yes    ,Yes       ,11,Yes         ,Yes             ,Fiber optic    ,No                 ,No                 ,No                 ,Month-to-month,Yes             ,Credit card (automatic)  ,78.1,California,Edwards               ,34.966777,-117.961179,77,Yes    ,Yes              ,8,None   ,13,No             ,Yes           ,0.0,0,194.26,1059.11,High,1,6,7,Resolved
3423-HHXAO,Female,0,Yes    ,Yes       ,14,Yes         ,No              ,No             ,No internet service,No internet service,No internet service,One year      ,Yes             ,Mailed check             ,19.5,California,Littlerock            ,34.505273,-117.955054,58,Yes    ,Yes              ,2,None   ,0,No             ,No            ,0.0,0,574.6999999999999,846.6999999999999,Medium,7,1,8,Resolved
7544-ZVIKX,Male  ,0,Yes    ,Yes       ,58,Yes         ,Yes             ,Fiber optic    ,Yes                ,Yes                ,Yes                ,One year      ,Yes             ,Bank transfer (automatic),105.05,California,Roseville             ,38.759751,-121.288545,33,Yes    ,Yes              ,2,None   ,10,Yes            ,Yes           ,0.0,0,1961.56,7966.41,High,7,1,8,Resolved
7721-JXEAW,Male  ,0,Yes    ,No        ,59,No          ,No phone service,DSL            ,No                 ,No                 ,Yes                ,Month-to-month,Yes             ,Bank transfer (automatic),41.05,California,Elk Grove             ,38.434138,-121.30587,23,Yes    ,Yes              ,1,Offer B,69,Yes            ,Yes           ,0.0,0,0.0,2452.7,Low,7,1,8,Resolved
8229-BUJHX,Female,0,Yes    ,Yes       ,71,Yes         ,No              ,No             ,No internet service,No internet service,No internet service,Two year      ,No              ,Bank transfer (automatic),20.5,California,Chula Vista           ,32.607964,-117.059459,60,Yes    ,Yes              ,8,None   ,0,No             ,No            ,0.0,0,790.23,2291.1800000000003,High,6,0,6,NotResolved
1809-DMJHQ,Female,0,No     ,Yes       ,5,Yes         ,No              ,DSL            ,No                 ,No                 ,No                 ,Month-to-month,No              ,Mailed check             ,46.0,California,Newport Beach         ,33.634626,-117.874882,56,No     ,No               ,0,None   ,14,No             ,Yes           ,0.0,0,119.45,341.15,Low,8,0,8,Resolved
4803-AXVYP,Female,1,No     ,No        ,38,Yes         ,Yes             ,Fiber optic    ,Yes                ,Yes                ,Yes                ,Month-to-month,Yes             ,Electronic check         ,99.55,California,Butte City            ,39.449794,-121.936372,75,No     ,No               ,0,Offer C,2,No             ,Yes           ,0.0,0,1800.82,5535.07,Low,10,0,10,Resolved
5208-FVQKB,Male  ,0,Yes    ,No        ,70,Yes         ,No              ,DSL            ,Yes                ,No                 ,Yes                ,Two year      ,No              ,Mailed check             ,67.95,California,Lakeshore             ,37.290606,-119.216328,41,Yes    ,Yes              ,7,Offer A,15,Yes            ,Yes           ,0.0,0,1745.1,6409.25,Medium,1,3,4,Resolved
1813-JYWTO,Female,0,Yes    ,No        ,72,Yes         ,Yes             ,Fiber optic    ,No                 ,No                 ,No                 ,Two year      ,No              ,Bank transfer (automatic),80.45,California,Shandon               ,35.634488,-120.293534,59,Yes    ,Yes              ,4,None   ,27,No             ,No            ,0.0,130,448.56000000000006,6316.160000000001,High,6,0,6,Resolved
0617-AQNWT,Female,0,Yes    ,No        ,64,No          ,No phone service,DSL            ,Yes                ,No                 ,Yes                ,Two year      ,No              ,Electronic check         ,47.85,California,North Hills           ,34.238802,-118.482296,61,Yes    ,Yes              ,5,None   ,27,Yes            ,Yes           ,0.0,0,0.0,3147.5,Low,6,0,6,Resolved
0895-UADGO,Male  ,0,No     ,Yes       ,8,No          ,No phone service,DSL            ,Yes                ,No                 ,Yes                ,Two year      ,Yes             ,Mailed check             ,44.55,California,River Pines           ,38.545775,-120.743325,46,No     ,No               ,0,None   ,4,Yes            ,Yes           ,0.0,0,0.0,343.45,Medium,6,0,6,NotResolved
4307-KWMXE,Male  ,0,No     ,No        ,10,No          ,No phone service,DSL            ,Yes                ,No                 ,No                 ,Month-to-month,No              ,Electronic check         ,35.75,California,Llano                 ,34.500091,-117.765862,53,No     ,No               ,0,Offer D,22,No             ,Yes           ,0.0,0,0.0,389.8,Medium,1,6,7,Resolved
3943-KDREE,Female,0,No     ,No        ,26,Yes         ,Yes             ,Fiber optic    ,No                 ,No                 ,No                 ,Month-to-month,Yes             ,Bank transfer (automatic),74.95,California,Los Angeles           ,34.062125,-118.315709,48,No     ,No               ,0,None   ,15,No             ,Yes           ,0.0,0,455.78,2290.73,Low,7,1,8,Resolved
3181-VTHOE,Male  ,0,Yes    ,No        ,70,No          ,No phone service,DSL            ,Yes                ,No                 ,Yes                ,One year      ,Yes             ,Bank transfer (automatic),51.05,California,Browns Valley         ,39.292334,-121.320597,19,Yes    ,Yes              ,10,None   ,41,Yes            ,No            ,0.0,120,0.0,3755.15,High,6,0,6,NotResolved
0709-TVGUR,Female,1,No     ,No        ,9,Yes         ,Yes             ,Fiber optic    ,No                 ,No                 ,No                 ,Month-to-month,Yes             ,Electronic check         ,74.55,California,Stockton              ,38.002125,-121.324979,70,No     ,No               ,0,None   ,27,No             ,Yes           ,33.25,0,158.04,747.6899999999999,Low,6,0,6,Resolved
5449-FIBXJ,Male  ,0,Yes    ,Yes       ,19,Yes         ,Yes             ,Fiber optic    ,Yes                ,Yes                ,Yes                ,Month-to-month,No              ,Electronic check         ,103.3,California,San Jose              ,37.375156,-121.795867,34,Yes    ,Yes              ,1,Offer D,22,Yes            ,Yes           ,0.0,0,532.76,2545.46,Medium,6,0,6,Resolved
6261-RCVNS,Female,0,No     ,No        ,42,Yes         ,No              ,DSL            ,Yes                ,No                 ,Yes                ,One year      ,No              ,Credit card (automatic)  ,73.9,California,Rodeo                 ,38.027218,-122.23463,22,No     ,No               ,0,Offer B,53,Yes            ,Yes           ,0.0,0,241.5,3402.05,Low,7,1,8,Resolved
1583-IHQZE,Male  ,0,No     ,No        ,12,Yes         ,Yes             ,Fiber optic    ,Yes                ,Yes                ,Yes                ,Month-to-month,Yes             ,Mailed check             ,112.95,California,Camarillo             ,34.227846,-119.079903,60,No     ,No               ,0,None   ,23,Yes            ,Yes           ,0.0,0,197.4,1582.15,Low,9,0,9,Resolved
0248-PGHBZ,Female,1,No     ,No        ,67,Yes         ,No              ,Fiber optic    ,Yes                ,Yes                ,No                 ,Two year      ,Yes             ,Bank transfer (automatic),92.45,California,San Clemente          ,33.429488,-117.609432,69,No     ,No               ,0,Offer A,21,No             ,Yes           ,0.0,0,172.19,6313.04,High,8,1,9,Resolved
6229-LSCKB,Male  ,1,No     ,No        ,6,Yes         ,No              ,Fiber optic    ,No                 ,Yes                ,No                 ,Month-to-month,Yes             ,Electronic check         ,79.7,California,Encino                ,34.152875,-118.486056,69,No     ,No               ,0,Offer E,11,No             ,Yes           ,0.0,0,289.92,787.52,High,1,5,6,Resolved
3247-MHJKM,Male  ,0,No     ,No        ,1,Yes         ,No              ,No             ,No internet service,No internet service,No internet service,Month-to-month,No              ,Mailed check             ,20.2,California,Upland                ,34.141146,-117.655583,27,No     ,No               ,0,None   ,0,No             ,No            ,0.0,0,42.15,62.35,Medium,7,0,7,Resolved
8806-EAGWC,Male  ,0,No     ,No        ,3,Yes         ,No              ,DSL            ,No                 ,Yes                ,No                 ,Month-to-month,No              ,Mailed check             ,55.15,California,Old Station           ,40.656287,-121.428965,25,No     ,No               ,0,Offer E,51,Yes            ,Yes           ,0.0,0,68.31,227.46,Low,7,0,7,Resolved
5624-BQSSA,Female,0,No     ,No        ,1,Yes         ,No              ,No             ,No internet service,No internet service,No internet service,Month-to-month,No              ,Mailed check             ,20.95,California,Santa Cruz            ,37.031404,-121.981865,19,No     ,No               ,0,None   ,0,No             ,No            ,0.0,0,40.48,61.42999999999999,Low,7,1,8,Resolved
7931-PXHFC,Male  ,0,No     ,No        ,38,Yes         ,No              ,DSL            ,Yes                ,No                 ,Yes                ,One year      ,Yes             ,Mailed check             ,62.3,California,Duarte                ,34.145695,-117.95982,46,No     ,No               ,0,None   ,14,Yes            ,Yes           ,0.0,0,1755.98,4110.780000000001,Medium,8,0,8,Resolved
3334-CTHOL,Female,0,No     ,No        ,1,Yes         ,Yes             ,DSL            ,No                 ,No                 ,No                 ,Month-to-month,Yes             ,Bank transfer (automatic),49.95,California,Jackson               ,38.336216,-120.76901,51,No     ,No               ,0,None   ,4,No             ,Yes           ,0.0,0,43.49,93.44,Low,7,0,7,Resolved
5445-UTODQ,Female,0,Yes    ,No        ,7,Yes         ,No              ,Fiber optic    ,No                 ,Yes                ,No                 ,Month-to-month,Yes             ,Electronic check         ,81.1,California,Del Mar               ,32.948262,-117.256086,35,Yes    ,Yes              ,1,None   ,27,No             ,Yes           ,0.0,0,81.06,657.71,Low,8,1,9,Resolved
0505-SPOOW,Female,0,Yes    ,No        ,70,Yes         ,No              ,No             ,No internet service,No internet service,No internet service,Two year      ,No              ,Bank transfer (automatic),19.8,California,Riverside             ,33.885499,-117.324959,41,Yes    ,Yes              ,7,Offer A,0,No             ,No            ,0.0,0,819.7,2217.3500000000004,High,0,4,4,Resolved
2530-FMFXO,Male  ,0,Yes    ,Yes       ,56,Yes         ,Yes             ,Fiber optic    ,Yes                ,Yes                ,Yes                ,Two year      ,Yes             ,Electronic check         ,103.2,California,Irvine                ,33.720359,-117.733655,38,Yes    ,Yes              ,3,Offer B,19,Yes            ,Yes           ,0.0,0,2360.96,8234.71,Medium,1,6,7,Resolved
2386-LAHRK,Male  ,0,No     ,No        ,1,Yes         ,No              ,DSL            ,No                 ,Yes                ,No                 ,Month-to-month,Yes             ,Mailed check             ,53.5,California,Weimar                ,39.00978,-120.978273,22,No     ,No               ,0,None   ,73,No             ,Yes           ,0.0,0,14.58,68.08,Low,8,0,8,Resolved
6240-EURKS,Female,0,No     ,Yes       ,18,No          ,No phone service,DSL            ,No                 ,No                 ,Yes                ,Month-to-month,Yes             ,Electronic check         ,35.0,California,Plymouth              ,38.489273,-120.891614,27,No     ,No               ,0,None   ,85,Yes            ,No            ,0.0,70,0.0,623.0,Low,7,0,7,Resolved
9305-CDSKC,Female,0,No     ,No        ,8,Yes         ,Yes             ,Fiber optic    ,No                 ,Yes                ,Yes                ,Month-to-month,Yes             ,Electronic check         ,99.65,California,Los Angeles           ,34.048013,-118.293953,31,No     ,No               ,0,None   ,26,Yes            ,Yes           ,0.0,0,97.2,917.7,Medium,8,1,9,Resolved
6614-YWYSC,Male  ,1,Yes    ,No        ,61,Yes         ,Yes             ,No             ,No internet service,No internet service,No internet service,Two year      ,No              ,Bank transfer (automatic),25.0,California,Sultana               ,36.545353,-119.338535,68,Yes    ,Yes              ,5,None   ,0,No             ,No            ,0.0,0,1167.54,2669.29,Medium,7,1,8,Resolved
0356-OBMAC,Female,1,No     ,No        ,56,Yes         ,Yes             ,Fiber optic    ,Yes                ,Yes                ,No                 ,Two year      ,Yes             ,Bank transfer (automatic),99.9,California,Winchester            ,33.657433,-117.04254,80,No     ,No               ,0,None   ,16,No             ,Yes           ,0.0,0,970.48,6676.78,Medium,0,5,5,Resolved
9253-QXKBE,Male  ,1,Yes    ,No        ,29,Yes         ,Yes             ,Fiber optic    ,No                 ,Yes                ,Yes                ,Month-to-month,Yes             ,Electronic check         ,94.45,California,Morgan Hill           ,37.161544,-121.649371,73,Yes    ,Yes              ,1,None   ,21,No             ,Yes           ,0.0,0,181.25,2834.9,Low,7,1,8,Resolved
2996-XAUVF,Male  ,0,No     ,No        ,70,No          ,No phone service,DSL            ,Yes                ,No                 ,Yes                ,Two year      ,Yes             ,Mailed check             ,40.05,California,Needles               ,34.711224,-114.702256,25,No     ,No               ,0,Offer A,59,Yes            ,Yes           ,0.0,0,0.0,2799.75,High,1,6,7,Resolved
8220-OCUFY,Female,0,No     ,No        ,21,Yes         ,No              ,DSL            ,Yes                ,No                 ,No                 ,One year      ,Yes             ,Electronic check         ,60.25,California,Perris                ,33.828289,-117.201666,30,No     ,No               ,0,None   ,51,No             ,Yes           ,0.0,0,155.61,1413.96,High,1,3,4,Resolved
8049-WJCLQ,Male  ,0,Yes    ,Yes       ,10,Yes         ,No              ,DSL            ,No                 ,Yes                ,No                 ,Month-to-month,No              ,Mailed check             ,60.2,California,Ducor                 ,35.846067,-119.004073,50,Yes    ,Yes              ,5,Offer D,12,No             ,Yes           ,0.0,0,197.7,761.2,High,0,6,6,Resolved
4418-LZMSV,Male  ,0,Yes    ,Yes       ,13,Yes         ,No              ,DSL            ,Yes                ,No                 ,No                 ,Month-to-month,No              ,Bank transfer (automatic),61.8,California,San Diego             ,32.697098,-117.116587,56,Yes    ,Yes              ,8,None   ,56,No             ,Yes           ,0.0,0,365.95,1116.05,Medium,1,5,6,Resolved
6227-FBDXH,Male  ,0,Yes    ,No        ,69,Yes         ,Yes             ,Fiber optic    ,No                 ,Yes                ,Yes                ,One year      ,No              ,Bank transfer (automatic),99.5,California,Essex                 ,34.9436,-115.287901,50,Yes    ,Yes              ,10,Offer A,4,Yes            ,Yes           ,0.0,0,262.89,7104.34,High,0,6,6,Resolved
0923-PNFUB,Female,0,No     ,No        ,3,Yes         ,No              ,Fiber optic    ,No                 ,Yes                ,No                 ,Month-to-month,No              ,Electronic check         ,83.75,California,Westlake Village      ,34.130992,-118.894673,55,No     ,No               ,0,Offer E,4,No             ,Yes           ,0.0,0,139.07999999999998,386.33,Low,6,0,6,Resolved
5649-ANRML,Male  ,1,No     ,No        ,2,Yes         ,No              ,Fiber optic    ,Yes                ,No                 ,Yes                ,Month-to-month,Yes             ,Credit card (automatic)  ,95.1,California,Clipper Mills         ,39.562239,-121.14836,76,No     ,No               ,0,Offer E,20,No             ,Yes           ,0.0,0,25.92,206.17,Medium,9,0,9,Resolved
3865-QBWSJ,Male  ,1,No     ,Yes       ,38,Yes         ,Yes             ,Fiber optic    ,No                 ,No                 ,No                 ,Month-to-month,Yes             ,Mailed check             ,80.45,California,Courtland             ,38.311609,-121.554034,76,No     ,No               ,0,None   ,27,No             ,Yes           ,0.0,0,1714.94,4877.59,Medium,1,5,6,Resolved
3996-ZNWYK,Male  ,1,Yes    ,Yes       ,71,Yes         ,No              ,No             ,No internet service,No internet service,No internet service,Two year      ,No              ,Credit card (automatic)  ,19.8,California,Sacramento            ,38.445939,-121.496855,77,Yes    ,Yes              ,5,None   ,0,No             ,No            ,0.0,0,2280.52,3668.97,High,6,1,7,NotResolved
4818-DRBQT,Male  ,0,Yes    ,No        ,29,Yes         ,Yes             ,Fiber optic    ,No                 ,No                 ,No                 ,Month-to-month,Yes             ,Bank transfer (automatic),80.15,California,Farmersville          ,36.29878,-119.201028,29,Yes    ,Yes              ,1,Offer C,47,No             ,Yes           ,0.0,0,754.87,3020.12,Medium,8,1,9,Resolved
4484-CGXFK,Female,0,No     ,No        ,3,Yes         ,No              ,DSL            ,No                 ,No                 ,Yes                ,Month-to-month,Yes             ,Electronic check         ,55.3,California,El Dorado             ,38.63153,-120.842609,45,No     ,No               ,0,None   ,7,Yes            ,Yes           ,0.0,0,77.88,274.03,Low,9,1,10,Resolved
5386-THSLQ,Female,1,Yes    ,No        ,66,No          ,No phone service,DSL            ,No                 ,Yes                ,No                 ,One year      ,No              ,Bank transfer (automatic),45.55,California,Santa Monica          ,34.035849,-118.503508,65,Yes    ,No               ,0,Offer A,9,No             ,Yes           ,0.0,0,0.0,3027.25,High,1,3,4,Resolved
2749-CTKAJ,Male  ,0,Yes    ,Yes       ,22,Yes         ,No              ,No             ,No internet service,No internet service,No internet service,One year      ,No              ,Mailed check             ,20.15,California,Long Beach            ,33.781086,-118.199049,37,Yes    ,Yes              ,3,None   ,0,No             ,No            ,0.0,0,1057.3200000000002,1477.2200000000005,High,7,0,7,Resolved
6543-XRMYR,Female,1,No     ,No        ,30,Yes         ,Yes             ,Fiber optic    ,No                 ,Yes                ,Yes                ,Month-to-month,Yes             ,Electronic check         ,99.7,California,Stockton              ,38.044523,-121.348048,73,No     ,No               ,0,None   ,8,No             ,No            ,0.0,80,1308.3,4355.65,Low,6,1,7,Resolved
1042-HFUCW,Female,0,No     ,Yes       ,25,Yes         ,No              ,DSL            ,Yes                ,No                 ,No                 ,One year      ,Yes             ,Credit card (automatic)  ,54.75,California,Cobb                  ,38.838088,-122.73203,37,No     ,No               ,0,Offer C,27,No             ,Yes           ,15.76,0,997.5,2248.09,High,1,6,7,Resolved
5032-USPKF,Female,0,No     ,No        ,38,Yes         ,Yes             ,DSL            ,No                 ,Yes                ,Yes                ,One year      ,No              ,Bank transfer (automatic),84.1,California,Indio                 ,33.752938,-116.230055,57,No     ,No               ,0,None   ,13,Yes            ,Yes           ,0.0,0,954.18,4141.83,Medium,7,0,7,Resolved
2523-EWWZL,Female,0,Yes    ,No        ,27,Yes         ,No              ,Fiber optic    ,No                 ,No                 ,No                 ,Month-to-month,Yes             ,Electronic check         ,76.1,California,Blythe                ,33.674583,-114.71612,26,Yes    ,No               ,0,Offer C,59,No             ,Yes           ,30.14,0,1071.09,3134.3500000000004,Medium,0,5,5,Resolved
7963-GQRMY,Female,0,Yes    ,Yes       ,3,Yes         ,No              ,DSL            ,No                 ,No                 ,No                 ,Month-to-month,No              ,Mailed check             ,44.3,California,Los Angeles           ,34.076259,-118.310715,19,Yes    ,Yes              ,1,Offer E,51,Yes            ,Yes           ,0.0,0,133.38,267.88,Low,8,0,8,Resolved
9786-YWNHU,Female,0,Yes    ,Yes       ,63,Yes         ,No              ,DSL            ,Yes                ,No                 ,No                 ,Two year      ,No              ,Mailed check             ,63.55,California,Fontana               ,34.136367,-117.460803,62,Yes    ,Yes              ,6,Offer B,27,No             ,No            ,0.0,90,74.33999999999999,4178.54,Medium,1,5,6,Resolved
5143-WMWOG,Male  ,0,No     ,No        ,1,Yes         ,No              ,No             ,No internet service,No internet service,No internet service,Month-to-month,No              ,Electronic check         ,19.95,California,Stratford             ,36.175255,-119.813805,62,No     ,No               ,0,None   ,0,No             ,No            ,0.0,0,17.61,37.56,Low,8,1,9,Resolved
4694-PHWFW,Female,0,No     ,Yes       ,8,Yes         ,No              ,No             ,No internet service,No internet service,No internet service,Month-to-month,No              ,Mailed check             ,19.95,California,San Francisco         ,37.789168,-122.395009,26,No     ,No               ,0,None   ,0,No             ,No            ,0.0,0,366.96,537.86,High,1,5,6,Resolved
6348-SNFUS,Male  ,0,Yes    ,Yes       ,72,No          ,No phone service,DSL            ,Yes                ,No                 ,Yes                ,Two year      ,Yes             ,Credit card (automatic)  ,55.45,California,Granada Hills         ,34.291273,-118.505104,30,Yes    ,Yes              ,5,Offer A,47,Yes            ,Yes           ,0.0,0,0.0,4179.2,Medium,0,4,4,Resolved
2545-LXYVJ,Male  ,0,Yes    ,No        ,72,Yes         ,No              ,No             ,No internet service,No internet service,No internet service,Two year      ,No              ,Bank transfer (automatic),20.7,California,Suisun City           ,38.197907,-122.017258,19,Yes    ,Yes              ,1,Offer A,0,No             ,No            ,0.0,0,1563.84,3055.94,Medium,1,6,7,Resolved
8375-DKEBR,Female,1,No     ,No        ,1,Yes         ,No              ,Fiber optic    ,No                 ,No                 ,No                 ,Month-to-month,Yes             ,Electronic check         ,69.6,California,Hermosa Beach         ,33.86532,-118.396336,72,No     ,No               ,0,Offer E,15,No             ,Yes           ,0.0,0,34.51,104.11,Low,9,0,9,Resolved
5649-VUKMC,Female,0,No     ,No        ,12,Yes         ,No              ,Fiber optic    ,No                 ,Yes                ,Yes                ,One year      ,No              ,Mailed check             ,95.5,California,Coachella             ,33.680031,-116.171678,61,No     ,No               ,0,None   ,16,Yes            ,Yes           ,0.0,0,417.72,1532.87,Low,8,1,9,Resolved
8879-XUAHX,Male  ,0,Yes    ,No        ,71,Yes         ,Yes             ,Fiber optic    ,Yes                ,Yes                ,Yes                ,Two year      ,Yes             ,Electronic check         ,116.25,California,Irvine                ,33.680302,-117.833296,42,Yes    ,Yes              ,4,None   ,9,Yes            ,Yes           ,0.0,0,439.49,9004.24,Medium,1,5,6,Resolved
6024-RUGGH,Male  ,0,Yes    ,Yes       ,72,Yes         ,Yes             ,No             ,No internet service,No internet service,No internet service,Two year      ,Yes             ,Bank transfer (automatic),25.2,California,San Francisco         ,37.720498,-122.443119,22,Yes    ,Yes              ,1,None   ,0,No             ,No            ,0.0,0,2020.32,3819.22,Medium,6,0,6,Resolved
2568-BRGYX,Male  ,0,No     ,No        ,4,Yes         ,No              ,Fiber optic    ,No                 ,No                 ,No                 ,Month-to-month,Yes             ,Electronic check         ,70.2,California,Dixon                 ,38.392821,-121.799917,43,No     ,No               ,0,None   ,15,No             ,Yes           ,0.0,0,52.08,290.03,Low,9,1,10,NotResolved
8133-ANHHJ,Female,1,No     ,No        ,49,Yes         ,Yes             ,Fiber optic    ,Yes                ,No                 ,Yes                ,One year      ,No              ,Bank transfer (automatic),103.0,California,Ventura               ,34.279221,-119.221437,77,No     ,No               ,0,Offer B,21,Yes            ,Yes           ,0.0,0,1787.03,6953.23,High,7,1,8,NotResolved
6302-JGYRJ,Male  ,0,No     ,Yes       ,31,Yes         ,Yes             ,DSL            ,Yes                ,Yes                ,Yes                ,One year      ,Yes             ,Mailed check             ,79.45,California,Chico                 ,39.681488,-121.83721,37,No     ,No               ,0,None   ,3,Yes            ,Yes           ,0.0,0,208.01,2795.71,Low,6,1,7,NotResolved
6400-BWQKW,Female,0,No     ,No        ,6,Yes         ,Yes             ,Fiber optic    ,No                 ,No                 ,No                 ,Month-to-month,Yes             ,Electronic check         ,79.05,California,San Mateo             ,37.556634,-122.317723,51,No     ,No               ,0,None   ,27,No             ,Yes           ,0.0,0,118.44,552.94,Low,9,0,9,Resolved
7569-NMZYQ,Female,0,Yes    ,Yes       ,72,Yes         ,Yes             ,Fiber optic    ,Yes                ,Yes                ,Yes                ,Two year      ,Yes             ,Bank transfer (automatic),118.75,California,Middletown            ,38.787446,-122.58675,33,Yes    ,Yes              ,1,None   ,53,Yes            ,Yes           ,0.0,0,2962.08,11634.53,High,0,5,5,NotResolved
7180-PISOG,Male  ,0,Yes    ,Yes       ,1,Yes         ,Yes             ,Fiber optic    ,No                 ,No                 ,No                 ,Month-to-month,Yes             ,Electronic check         ,74.5,California,Piru                  ,34.432843,-118.730106,41,Yes    ,No               ,0,None   ,16,No             ,Yes           ,0.0,0,36.44,110.94,Medium,7,1,8,Resolved
1212-GLHMD,Male  ,0,No     ,No        ,3,Yes         ,No              ,Fiber optic    ,No                 ,No                 ,Yes                ,Month-to-month,Yes             ,Mailed check             ,86.05,California,San Joaquin           ,36.600193,-120.153393,54,No     ,No               ,0,Offer E,29,Yes            ,Yes           ,0.0,0,54.78,299.63,High,1,4,5,Resolved
4860-IJUDE,Male  ,0,No     ,No        ,13,Yes         ,No              ,Fiber optic    ,No                 ,No                 ,No                 ,Month-to-month,Yes             ,Credit card (automatic)  ,73.75,California,Ripon                 ,37.750778,-121.13238,34,No     ,No               ,0,None   ,5,No             ,Yes           ,0.0,0,390.78,1347.4299999999998,Medium,7,0,7,Resolved
5827-MWCZK,Male  ,0,Yes    ,Yes       ,56,Yes         ,Yes             ,Fiber optic    ,Yes                ,Yes                ,No                 ,Month-to-month,Yes             ,Credit card (automatic)  ,96.95,California,Boonville             ,39.025867,-123.381544,39,Yes    ,Yes              ,4,Offer B,53,No             ,Yes           ,0.0,0,1317.12,6749.32,High,6,0,6,Resolved
2232-DMLXU,Female,0,Yes    ,No        ,1,Yes         ,No              ,DSL            ,No                 ,Yes                ,No                 ,Month-to-month,No              ,Mailed check             ,55.2,California,Van Nuys              ,34.17847,-118.459472,22,Yes    ,No               ,0,None   ,58,Yes            ,Yes           ,0.0,0,35.6,90.8,Low,8,1,9,NotResolved
1618-CFHME,Female,0,No     ,No        ,2,Yes         ,Yes             ,Fiber optic    ,No                 ,No                 ,No                 ,Month-to-month,Yes             ,Electronic check         ,75.9,California,Riverbank             ,37.734971,-120.954271,30,No     ,No               ,0,None   ,52,No             ,Yes           ,0.0,0,53.74,197.09,Low,8,1,9,Resolved
6629-LADHQ,Female,0,No     ,No        ,2,Yes         ,No              ,DSL            ,No                 ,No                 ,No                 ,Month-to-month,No              ,Mailed check             ,50.95,California,Santa Barbara         ,34.406256,-119.726936,42,No     ,No               ,0,Offer E,24,No             ,Yes           ,0.0,0,73.92,196.97,Medium,0,4,4,Resolved
4685-ERGHK,Male  ,0,No     ,No        ,57,Yes         ,Yes             ,Fiber optic    ,No                 ,Yes                ,No                 ,One year      ,Yes             ,Electronic check         ,86.9,California,Gasquet               ,41.867908,-123.794144,45,No     ,No               ,0,Offer B,26,No             ,Yes           ,0.0,0,2056.56,6995.81,High,7,0,7,Resolved
3793-MMFUH,Female,1,No     ,No        ,13,Yes         ,Yes             ,Fiber optic    ,No                 ,Yes                ,Yes                ,Month-to-month,Yes             ,Electronic check         ,95.05,California,Davis                 ,38.544002,-121.685559,73,No     ,No               ,0,None   ,24,Yes            ,Yes           ,0.0,0,247.39,1537.39,Low,9,0,9,NotResolved
1850-AKQEP,Male  ,0,No     ,Yes       ,8,Yes         ,No              ,No             ,No internet service,No internet service,No internet service,Month-to-month,No              ,Mailed check             ,20.35,California,Santa Cruz            ,37.007882,-122.065975,61,No     ,No               ,0,None   ,0,No             ,No            ,0.0,0,114.96,293.66,Medium,0,5,5,Resolved
2619-WFQWU,Female,0,No     ,No        ,1,Yes         ,No              ,Fiber optic    ,No                 ,No                 ,No                 ,Month-to-month,Yes             ,Mailed check             ,70.15,California,Mission Viejo         ,33.60693,-117.644253,34,No     ,No               ,0,None   ,6,No             ,Yes           ,0.0,0,2.24,72.39,Medium,9,0,9,Resolved
6211-WWLTF,Male  ,0,Yes    ,No        ,63,Yes         ,No              ,Fiber optic    ,No                 ,Yes                ,Yes                ,Two year      ,No              ,Credit card (automatic)  ,99.7,California,Oakhurst              ,37.648647,-119.231447,46,Yes    ,Yes              ,3,Offer B,6,Yes            ,Yes           ,0.0,0,1689.03,8019.429999999999,Medium,1,4,5,Resolved
8467-WYNSR,Male  ,0,No     ,No        ,22,Yes         ,No              ,DSL            ,Yes                ,No                 ,No                 ,Month-to-month,No              ,Mailed check             ,55.1,California,Clayton               ,37.881842,-121.848111,62,No     ,No               ,0,None   ,15,No             ,Yes           ,0.0,0,816.42,2069.57,Medium,6,1,7,Resolved
4124-MMETB,Male  ,0,No     ,No        ,22,Yes         ,Yes             ,Fiber optic    ,No                 ,Yes                ,Yes                ,Month-to-month,Yes             ,Credit card (automatic)  ,94.65,California,Lockwood              ,35.989792,-121.055933,52,No     ,No               ,0,None   ,16,Yes            ,No            ,0.0,40,1018.16,3162.71,Low,8,0,8,Resolved
1273-MTETI,Female,1,No     ,No        ,4,Yes         ,Yes             ,Fiber optic    ,No                 ,No                 ,Yes                ,Month-to-month,Yes             ,Electronic check         ,88.85,California,Rancho Cucamonga      ,34.245289,-117.642503,69,No     ,No               ,0,None   ,4,No             ,Yes           ,0.0,0,51.44,423.89,Medium,7,1,8,Resolved
7786-WBJYI,Female,0,No     ,No        ,4,Yes         ,Yes             ,Fiber optic    ,No                 ,No                 ,No                 ,Month-to-month,No              ,Bank transfer (automatic),77.95,California,Truckee               ,39.342498,-120.247127,31,No     ,No               ,0,None   ,26,No             ,Yes           ,0.0,0,123.8,429.35,Low,8,1,9,Resolved
7576-OYWBN,Male  ,1,No     ,No        ,3,Yes         ,Yes             ,Fiber optic    ,No                 ,No                 ,No                 ,Month-to-month,Yes             ,Electronic check         ,76.05,California,San Mateo             ,37.556634,-122.317723,71,No     ,No               ,0,None   ,28,No             ,Yes           ,0.0,0,90.75,322.55,Low,6,0,6,Resolved
4631-OACRM,Male  ,1,No     ,No        ,15,Yes         ,No              ,Fiber optic    ,No                 ,No                 ,Yes                ,Month-to-month,Yes             ,Electronic check         ,79.4,California,Lake Forest           ,33.644849,-117.684254,78,No     ,No               ,0,None   ,12,No             ,Yes           ,0.0,0,258.45,1414.55,Low,7,1,8,Resolved
